Time_ms,State,Roll,Pitch,Yaw,p_dps,q_dps,r_dps,u1,u2,u3,u4,Alt_BMP,Vz,PeakAlt,Lat,Lon,GPS_Alt,Servo1,Servo2,Servo3,Servo4,Servo5,Servo6
16900,IDLE,0.00,-0.00,0.01,-0.01,-0.07,0.08,-0.0925,-0.0925,-0.0925,-0.0925,0.00,0.00,0.00,0.000000,0.000000,,2029,2029,2029,2029,2048,2048
16923,IDLE,-0.00,-0.01,0.03,0.10,-0.24,-0.01,0.0085,0.0085,0.0085,0.0085,-0.02,-0.16,0.00,26.712138,84.305101,,2050,2050,2050,2050,2048,2048
16955,IDLE,-0.00,-0.03,0.08,0.13,-0.05,0.04,-0.0463,-0.0463,-0.0463,-0.0463,-0.03,-0.28,0.00,26.712138,84.305101,,2039,2039,2039,2039,2048,2048
16987,IDLE,-0.00,-0.04,0.15,0.14,0.23,0.13,-0.1673,-0.1673,-0.1673,-0.1673,-0.04,-0.34,0.00,26.712138,84.305101,,2015,2015,2015,2015,2048,2048
17012,IDLE,-0.01,-0.04,0.24,-0.00,0.16,-0.02,0.0156,0.0156,0.0156,0.0156,-0.05,-0.36,0.00,26.712138,84.305101,,2051,2051,2051,2051,2048,2048
17040,IDLE,-0.02,-0.06,0.34,0.13,0.04,-0.14,0.1614,0.1614,0.1614,0.1614,-0.06,-0.37,0.00,26.712138,84.305101,,2080,2080,2080,2080,2048,2048
17073,IDLE,-0.02,-0.06,0.47,0.39,0.21,-0.12,0.1335,0.1335,0.1335,0.1335,-0.07,-0.36,0.00,26.712138,84.305101,,2075,2075,2075,2075,2048,2048
17099,IDLE,-0.03,-0.06,0.61,0.30,0.22,-0.27,0.3143,0.3143,0.3143,0.3143,-0.07,-0.35,0.00,26.712138,84.305101,,2111,2111,2111,2111,2048,2048
17130,IDLE,-0.04,-0.06,0.78,0.11,0.13,-0.29,0.3454,0.3454,0.3454,0.3454,-0.08,-0.32,0.00,26.712138,84.305101,,2117,2117,2117,2117,2048,2048
17159,IDLE,-0.04,-0.06,0.96,0.02,0.06,-0.36,0.4333,0.4333,0.4333,0.4333,-0.08,-0.28,0.00,26.712138,84.305101,,2135,2135,2135,2135,2048,2048
17182,IDLE,-0.04,-0.06,1.16,0.12,-0.11,-0.25,0.3029,0.3029,0.3029,0.3029,-0.08,-0.27,0.00,26.712138,84.305101,,2109,2109,2109,2109,2048,2048
17215,IDLE,-0.04,-0.06,1.38,0.27,-0.04,-0.25,0.3013,0.3013,0.3013,0.3013,-0.08,-0.23,0.00,26.712138,84.305101,,2108,2108,2108,2108,2048,2048
17246,IDLE,-0.04,-0.05,1.63,0.32,0.04,-0.13,0.1489,0.1489,0.1489,0.1489,-0.09,-0.19,0.00,26.712138,84.305101,,2078,2078,2078,2078,2048,2048
17272,IDLE,-0.03,-0.04,1.90,0.34,0.07,-0.11,0.1206,0.1206,0.1206,0.1206,-0.09,-0.17,0.00,26.712138,84.305101,,2072,2072,2072,2072,2048,2048
17301,IDLE,-0.03,-0.02,2.19,-0.03,-0.01,-0.12,0.1503,0.1503,0.1503,0.1503,-0.09,-0.15,0.00,26.712138,84.305101,,2078,2078,2078,2078,2048,2048
17329,IDLE,-0.03,-0.02,2.49,-0.06,0.05,-0.01,0.0146,0.0146,0.0146,0.0146,-0.09,-0.12,0.00,26.712138,84.305101,,2051,2051,2051,2051,2048,2048
17356,IDLE,-0.02,-0.02,2.82,0.08,0.03,0.03,-0.0393,-0.0393,-0.0393,-0.0393,-0.09,-0.10,0.00,26.712138,84.305101,,2040,2040,2040,2040,2048,2048
17387,IDLE,-0.02,-0.03,3.17,0.06,-0.02,0.06,-0.0753,-0.0753,-0.0753,-0.0753,-0.09,-0.09,0.00,26.712138,84.305101,,2033,2033,2033,2033,2048,2048
17416,IDLE,-0.02,-0.03,3.53,-0.01,-0.03,-0.13,0.1639,0.1639,0.1639,0.1639,-0.09,-0.08,0.00,26.712138,84.305101,,2081,2081,2081,2081,2048,2048
17439,IDLE,-0.02,-0.04,3.92,-0.12,-0.03,-0.03,0.0354,0.0354,0.0354,0.0354,-0.09,-0.06,0.00,26.712138,84.305101,,2055,2055,2055,2055,2048,2048
17472,IDLE,-0.02,-0.05,4.32,0.08,-0.03,0.02,-0.0250,-0.0250,-0.0250,-0.0250,-0.09,-0.04,0.00,26.712138,84.305101,,2043,2043,2043,2043,2048,2048
17503,IDLE,-0.01,-0.05,4.74,0.09,-0.06,-0.05,0.0565,0.0565,0.0565,0.0565,-0.09,-0.03,0.00,26.712138,84.305101,,2059,2059,2059,2059,2048,2048
17527,IDLE,-0.00,-0.07,5.18,0.22,-0.15,0.01,-0.0145,-0.0145,-0.0145,-0.0145,-0.09,-0.04,0.00,26.712138,84.305101,,2045,2045,2045,2045,2048,2048
17556,IDLE,0.00,-0.08,5.64,0.17,-0.27,0.14,-0.1672,-0.1672,-0.1672,-0.1672,-0.09,-0.03,0.00,26.712138,84.305101,,2015,2015,2015,2015,2048,2048
17588,IDLE,0.00,-0.09,6.12,-0.23,-0.08,0.23,-0.2700,-0.2700,-0.2700,-0.2700,-0.09,-0.02,0.00,26.712138,84.305101,,1994,1994,1994,1994,2048,2048
17614,IDLE,-0.00,-0.10,6.62,-0.13,-0.08,0.31,-0.3681,-0.3681,-0.3681,-0.3681,-0.09,-0.02,0.00,26.712138,84.305101,,1974,1974,1974,1974,2048,2048
17644,IDLE,-0.01,-0.11,7.13,0.07,-0.12,0.06,-0.0699,-0.0699,-0.0699,-0.0699,-0.09,-0.03,0.00,26.712138,84.305101,,2034,2034,2034,2034,2048,2048
17672,IDLE,-0.01,-0.12,7.65,0.08,-0.09,0.05,-0.0597,-0.0597,-0.0597,-0.0597,-0.09,-0.03,0.00,26.712138,84.305101,,2036,2036,2036,2036,2048,2048
17699,IDLE,-0.01,-0.13,8.20,0.19,-0.22,0.01,-0.0172,-0.0172,-0.0172,-0.0172,-0.09,-0.03,0.00,26.712138,84.305101,,2045,2045,2045,2045,2048,2048
17729,IDLE,-0.01,-0.14,8.75,0.17,-0.19,-0.17,0.2035,0.2035,0.2035,0.2035,-0.09,-0.03,0.00,26.712138,84.305101,,2089,2089,2089,2089,2048,2048
17759,IDLE,0.00,-0.15,9.32,0.26,-0.17,-0.09,0.1080,0.1080,0.1080,0.1080,-0.09,-0.02,0.00,26.712138,84.305101,,2070,2070,2070,2070,2048,2048
17782,IDLE,0.01,-0.15,9.91,0.26,-0.19,-0.13,0.1534,0.1534,0.1534,0.1534,-0.09,-0.01,0.00,26.712138,84.305101,,2079,2079,2079,2079,2048,2048
17814,IDLE,0.02,-0.16,10.51,0.36,-0.19,0.10,-0.1289,-0.1289,-0.1289,-0.1289,-0.09,0.00,0.00,26.712138,84.305101,,2022,2022,2022,2022,2048,2048
17845,IDLE,0.03,-0.17,11.13,0.47,-0.14,0.12,-0.1557,-0.1557,-0.1557,-0.1557,-0.09,0.01,0.00,26.712137,84.305092,,2017,2017,2017,2017,2048,2048
17870,IDLE,0.04,-0.18,11.77,0.54,-0.10,0.20,-0.2508,-0.2508,-0.2508,-0.2508,-0.09,0.03,0.00,26.712137,84.305092,51.3,1998,1998,1998,1998,2048,2048
17899,IDLE,0.05,-0.18,12.42,0.40,-0.26,0.17,-0.2126,-0.2126,-0.2126,-0.2126,-0.09,0.03,0.00,26.712137,84.305092,51.3,2005,2005,2005,2005,2048,2048
17931,IDLE,0.07,-0.18,13.09,0.46,-0.20,0.11,-0.1402,-0.1402,-0.1402,-0.1402,-0.09,0.03,0.00,26.712137,84.305092,51.3,2020,2020,2020,2020,2048,2048
17957,IDLE,0.07,-0.17,13.77,0.35,-0.08,0.15,-0.1927,-0.1927,-0.1927,-0.1927,-0.09,0.02,0.00,26.712137,84.305092,51.3,2009,2009,2009,2009,2048,2048
17986,IDLE,0.08,-0.17,14.46,0.35,0.01,0.10,-0.1332,-0.1332,-0.1332,-0.1332,-0.09,0.00,0.00,26.712137,84.305092,51.3,2021,2021,2021,2021,2048,2048
18018,IDLE,0.09,-0.18,15.17,0.47,-0.14,-0.10,0.1159,0.1159,0.1159,0.1159,-0.09,-0.00,0.00,26.712137,84.305092,51.3,2071,2071,2071,2071,2048,2048
18044,IDLE,0.08,-0.17,15.88,0.32,-0.04,-0.15,0.1740,0.1740,0.1740,0.1740,-0.09,-0.01,0.00,26.712137,84.305092,51.3,2083,2083,2083,2083,2048,2048
18074,IDLE,0.08,-0.16,16.60,0.20,0.12,-0.18,0.2088,0.2088,0.2088,0.2088,-0.09,-0.02,0.00,26.712137,84.305092,51.3,2090,2090,2090,2090,2048,2048
18107,IDLE,0.08,-0.15,17.34,0.08,0.18,-0.11,0.1291,0.1291,0.1291,0.1291,-0.09,-0.01,0.00,26.712137,84.305092,51.3,2074,2074,2074,2074,2048,2048
18139,IDLE,0.07,-0.14,18.10,-0.00,0.21,-0.04,0.0482,0.0482,0.0482,0.0482,-0.09,-0.00,0.00,26.712137,84.305092,51.3,2058,2058,2058,2058,2048,2048
18165,IDLE,0.07,-0.14,18.86,0.08,0.05,-0.18,0.2226,0.2226,0.2226,0.2226,-0.09,0.01,0.00,26.712137,84.305092,51.3,2093,2093,2093,2093,2048,2048
18193,IDLE,0.07,-0.13,19.63,0.21,-0.06,-0.08,0.1000,0.1000,0.1000,0.1000,-0.09,0.03,0.00,26.712137,84.305092,51.3,2068,2068,2068,2068,2048,2048
18226,IDLE,0.08,-0.13,20.42,0.42,-0.10,-0.06,0.0644,0.0644,0.0644,0.0644,-0.09,0.05,0.00,26.712137,84.305092,51.3,2061,2061,2061,2061,2048,2048
18253,IDLE,0.08,-0.12,21.22,0.10,0.06,-0.18,0.2147,0.2147,0.2147,0.2147,-0.08,0.06,0.00,26.712137,84.305092,51.3,2091,2091,2091,2091,2048,2048
18283,IDLE,0.09,-0.12,22.03,0.22,-0.06,-0.13,0.1499,0.1499,0.1499,0.1499,-0.08,0.07,0.00,26.712137,84.305092,51.3,2078,2078,2078,2078,2048,2048
18312,IDLE,0.09,-0.12,22.85,0.17,-0.05,0.05,-0.0676,-0.0676,-0.0676,-0.0676,-0.08,0.07,0.00,26.712137,84.305092,51.3,2034,2034,2034,2034,2048,2048
18340,IDLE,0.09,-0.12,23.68,0.16,-0.19,0.08,-0.0961,-0.0961,-0.0961,-0.0961,-0.08,0.07,0.00,26.712137,84.305092,51.3,2029,2029,2029,2029,2048,2048
18369,IDLE,0.08,-0.12,24.11,-0.15,-0.09,0.04,-0.0404,-0.0404,-0.0404,-0.0404,-0.08,0.05,0.00,26.712137,84.305092,51.3,2040,2040,2040,2040,2048,2048
18395,IDLE,0.08,-0.11,24.53,-0.18,0.03,-0.01,0.0130,0.0130,0.0130,0.0130,-0.08,0.03,0.00,26.712137,84.305092,51.3,2051,2051,2051,2051,2048,2048
18414,IDLE,0.07,-0.11,24.96,-0.09,-0.06,0.01,-0.0088,-0.0088,-0.0088,-0.0088,-0.08,0.01,0.00,26.712137,84.305092,51.3,2046,2046,2046,2046,2048,2048
18442,IDLE,0.07,-0.11,25.40,0.07,-0.10,0.10,-0.1271,-0.1271,-0.1271,-0.1271,-0.08,0.00,0.00,26.712137,84.305092,51.3,2023,2023,2023,2023,2048,2048
18469,IDLE,0.06,-0.10,25.84,-0.14,0.03,0.08,-0.0952,-0.0952,-0.0952,-0.0952,-0.08,-0.01,0.00,26.712137,84.305092,51.3,2029,2029,2029,2029,2048,2048
18489,IDLE,0.06,-0.10,26.29,-0.17,0.10,-0.11,0.1305,0.1305,0.1305,0.1305,-0.08,0.01,0.00,26.712137,84.305092,51.3,2074,2074,2074,2074,2048,2048
18512,IDLE,0.05,-0.09,26.74,-0.19,0.11,-0.06,0.0767,0.0767,0.0767,0.0767,-0.08,0.02,0.00,26.712137,84.305092,51.3,2063,2063,2063,2063,2048,2048
18533,IDLE,0.04,-0.09,27.19,-0.17,0.07,0.02,-0.0200,-0.0200,-0.0200,-0.0200,-0.08,0.03,0.00,26.712137,84.305092,51.3,2044,2044,2044,2044,2048,2048
18559,IDLE,0.04,-0.08,27.65,-0.11,0.09,0.02,-0.0189,-0.0189,-0.0189,-0.0189,-0.08,0.03,0.00,26.712137,84.305092,51.3,2044,2044,2044,2044,2048,2048
18577,IDLE,0.04,-0.08,28.12,-0.07,0.03,0.16,-0.1982,-0.1982,-0.1982,-0.1982,-0.07,0.06,0.00,26.712137,84.305092,51.3,2008,2008,2008,2008,2048,2048
18605,IDLE,0.04,-0.08,28.59,0.01,-0.11,0.09,-0.1116,-0.1116,-0.1116,-0.1116,-0.07,0.08,0.00,26.712137,84.305092,51.3,2026,2026,2026,2026,2048,2048
18626,IDLE,0.04,-0.08,29.06,-0.00,-0.11,-0.02,0.0227,0.0227,0.0227,0.0227,-0.07,0.09,0.00,26.712137,84.305092,51.3,2053,2053,2053,2053,2048,2048
18650,IDLE,0.04,-0.08,29.53,-0.00,-0.03,-0.16,0.1971,0.1971,0.1971,0.1971,-0.07,0.09,0.00,26.712137,84.305092,51.3,2087,2087,2087,2087,2048,2048
18673,IDLE,0.04,-0.09,30.00,0.06,-0.23,-0.28,0.3396,0.3396,0.3396,0.3396,-0.07,0.07,0.00,26.712137,84.305092,51.3,2116,2116,2116,2116,2048,2048
18699,IDLE,0.04,-0.09,30.48,0.13,-0.24,-0.22,0.2752,0.2752,0.2752,0.2752,-0.07,0.06,0.00,26.712137,84.305092,51.3,2103,2103,2103,2103,2048,2048
18719,IDLE,0.04,-0.09,30.96,0.14,-0.07,-0.11,0.1322,0.1322,0.1322,0.1322,-0.07,0.03,0.00,26.712137,84.305092,51.3,2074,2074,2074,2074,2048,2048
18743,IDLE,0.05,-0.09,31.45,0.21,-0.05,-0.08,0.0927,0.0927,0.0927,0.0927,-0.07,0.00,0.00,26.712137,84.305092,51.3,2067,2067,2067,2067,2048,2048
18765,IDLE,0.05,-0.09,31.94,0.33,0.06,-0.18,0.2159,0.2159,0.2159,0.2159,-0.07,-0.00,0.00,26.712137,84.305092,51.3,2091,2091,2091,2091,2048,2048
18792,IDLE,0.06,-0.09,32.43,0.44,0.09,-0.28,0.3359,0.3359,0.3359,0.3359,-0.07,-0.01,0.00,26.712137,84.305092,51.3,2115,2115,2115,2115,2048,2048
18811,IDLE,0.07,-0.09,32.93,0.43,-0.03,-0.27,0.3177,0.3177,0.3177,0.3177,-0.07,-0.01,0.00,26.712137,84.305092,51.3,2112,2112,2112,2112,2048,2048
18835,IDLE,0.07,-0.09,33.43,0.35,-0.02,-0.13,0.1510,0.1510,0.1510,0.1510,-0.07,-0.01,0.00,26.712137,84.305092,51.3,2078,2078,2078,2078,2048,2048
18857,IDLE,0.08,-0.09,33.93,0.34,-0.02,-0.14,0.1622,0.1622,0.1622,0.1622,-0.07,-0.01,0.00,26.712137,84.305091,51.3,2080,2080,2080,2080,2048,2048
18882,IDLE,0.08,-0.09,34.44,0.26,0.02,-0.11,0.1307,0.1307,0.1307,0.1307,-0.07,-0.01,0.00,26.712137,84.305091,-44.4,2074,2074,2074,2074,2048,2048
18902,IDLE,0.09,-0.09,34.95,0.22,0.07,-0.07,0.0779,0.0779,0.0779,0.0779,-0.07,-0.01,0.00,26.712137,84.305091,-44.4,2064,2064,2064,2064,2048,2048
18936,IDLE,0.08,-0.08,35.48,0.07,0.24,0.08,-0.1011,-0.1011,-0.1011,-0.1011,-0.07,0.01,0.00,26.712137,84.305091,-44.4,2028,2028,2028,2028,2048,2048
18965,IDLE,0.08,-0.07,36.00,0.07,0.23,0.03,-0.0387,-0.0387,-0.0387,-0.0387,-0.07,0.01,0.00,26.712137,84.305091,-44.4,2040,2040,2040,2040,2048,2048
18991,IDLE,0.08,-0.07,36.53,-0.00,0.05,0.11,-0.1303,-0.1303,-0.1303,-0.1303,-0.07,0.02,0.00,26.712137,84.305091,-44.4,2022,2022,2022,2022,2048,2048
19011,IDLE,0.08,-0.07,37.06,-0.08,0.13,0.03,-0.0314,-0.0314,-0.0314,-0.0314,-0.07,0.03,0.00,26.712137,84.305091,-44.4,2042,2042,2042,2042,2048,2048
19040,IDLE,0.08,-0.07,37.59,0.03,0.08,-0.09,0.1053,0.1053,0.1053,0.1053,-0.07,0.04,0.00,26.712137,84.305091,-44.4,2069,2069,2069,2069,2048,2048
19066,IDLE,0.07,-0.06,38.13,-0.04,0.14,0.04,-0.0452,-0.0452,-0.0452,-0.0452,-0.07,0.04,0.00,26.712137,84.305091,-44.4,2039,2039,2039,2039,2048,2048
19087,IDLE,0.07,-0.05,38.67,0.13,0.19,-0.05,0.0523,0.0523,0.0523,0.0523,-0.06,0.06,0.00,26.712137,84.305091,-44.4,2058,2058,2058,2058,2048,2048
19110,IDLE,0.07,-0.05,39.21,0.24,0.02,-0.07,0.0750,0.0750,0.0750,0.0750,-0.06,0.08,0.00,26.712137,84.305091,-44.4,2063,2063,2063,2063,2048,2048
19133,IDLE,0.08,-0.05,39.75,0.43,-0.12,-0.09,0.1058,0.1058,0.1058,0.1058,-0.06,0.06,0.00,26.712137,84.305091,-44.4,2069,2069,2069,2069,2048,2048
19159,IDLE,0.09,-0.05,40.30,0.49,-0.09,0.05,-0.0662,-0.0662,-0.0662,-0.0662,-0.06,0.04,0.00,26.712137,84.305091,-44.4,2035,2035,2035,2035,2048,2048
19178,IDLE,0.09,-0.05,40.85,0.36,-0.05,-0.06,0.0646,0.0646,0.0646,0.0646,-0.06,0.04,0.00,26.712137,84.305091,-44.4,2061,2061,2061,2061,2048,2048
19206,IDLE,0.10,-0.05,41.39,0.39,-0.18,-0.10,0.1158,0.1158,0.1158,0.1158,-0.06,0.04,0.00,26.712137,84.305091,-44.4,2071,2071,2071,2071,2048,2048
19233,IDLE,0.11,-0.05,41.95,0.33,-0.01,-0.09,0.1029,0.1029,0.1029,0.1029,-0.06,0.04,0.00,26.712137,84.305091,-44.4,2069,2069,2069,2069,2048,2048
19253,IDLE,0.12,-0.05,42.50,0.45,-0.04,-0.13,0.1514,0.1514,0.1514,0.1514,-0.06,0.04,0.00,26.712137,84.305091,-44.4,2078,2078,2078,2078,2048,2048
19277,IDLE,0.12,-0.05,43.05,0.29,-0.02,-0.08,0.0911,0.0911,0.0911,0.0911,-0.06,0.05,0.00,26.712137,84.305091,-44.4,2066,2066,2066,2066,2048,2048
19299,IDLE,0.12,-0.05,43.62,0.21,-0.01,0.05,-0.0714,-0.0714,-0.0714,-0.0714,-0.06,0.05,0.00,26.712137,84.305091,-44.4,2034,2034,2034,2034,2048,2048
19325,IDLE,0.12,-0.05,44.18,0.12,0.05,0.03,-0.0409,-0.0409,-0.0409,-0.0409,-0.06,0.04,0.00,26.712137,84.305091,-44.4,2040,2040,2040,2040,2048,2048
19344,IDLE,0.12,-0.05,44.74,0.13,0.07,0.11,-0.1370,-0.1370,-0.1370,-0.1370,-0.06,0.03,0.00,26.712137,84.305091,-44.4,2021,2021,2021,2021,2048,2048
19372,IDLE,0.13,-0.05,45.31,0.17,0.04,-0.04,0.0484,0.0484,0.0484,0.0484,-0.06,0.02,0.00,26.712137,84.305091,-44.4,2058,2058,2058,2058,2048,2048
19393,IDLE,0.13,-0.04,45.87,0.10,0.07,-0.12,0.1473,0.1473,0.1473,0.1473,-0.06,0.02,0.00,26.712137,84.305091,-44.4,2077,2077,2077,2077,2048,2048
19418,IDLE,0.12,-0.04,46.44,0.05,0.04,-0.08,0.0931,0.0931,0.0931,0.0931,-0.06,0.02,0.00,26.712137,84.305091,-44.4,2067,2067,2067,2067,2048,2048
19436,IDLE,0.12,-0.04,47.00,-0.00,-0.01,-0.02,0.0300,0.0300,0.0300,0.0300,-0.06,0.00,0.00,26.712137,84.305091,-44.4,2054,2054,2054,2054,2048,2048
19464,IDLE,0.11,-0.04,47.57,-0.12,0.00,-0.00,0.0068,0.0068,0.0068,0.0068,-0.06,-0.01,0.00,26.712137,84.305091,-44.4,2049,2049,2049,2049,2048,2048
19484,IDLE,0.11,-0.03,48.15,-0.06,0.04,0.16,-0.1913,-0.1913,-0.1913,-0.1913,-0.06,-0.04,0.00,26.712137,84.305091,-44.4,2010,2010,2010,2010,2048,2048
19508,IDLE,0.11,-0.03,48.72,0.07,-0.07,0.10,-0.1169,-0.1169,-0.1169,-0.1169,-0.06,-0.05,0.00,26.712137,84.305091,-44.4,2025,2025,2025,2025,2048,2048
19531,IDLE,0.10,-0.03,49.30,0.02,-0.02,0.08,-0.0920,-0.0920,-0.0920,-0.0920,-0.07,-0.08,0.00,26.712137,84.305091,-44.4,2030,2030,2030,2030,2048,2048
19557,IDLE,0.10,-0.03,49.87,-0.06,0.12,-0.04,0.0490,0.0490,0.0490,0.0490,-0.07,-0.09,0.00,26.712137,84.305091,-44.4,2058,2058,2058,2058,2048,2048
19576,IDLE,0.09,-0.02,50.45,-0.04,0.16,-0.10,0.1195,0.1195,0.1195,0.1195,-0.07,-0.10,0.00,26.712137,84.305091,-44.4,2072,2072,2072,2072,2048,2048
19603,IDLE,0.09,-0.02,51.02,0.05,0.16,0.02,-0.0247,-0.0247,-0.0247,-0.0247,-0.07,-0.10,0.00,26.712137,84.305091,-44.4,2043,2043,2043,2043,2048,2048
19625,IDLE,0.09,-0.02,51.60,0.18,0.11,0.05,-0.0660,-0.0660,-0.0660,-0.0660,-0.08,-0.09,0.00,26.712137,84.305091,-44.4,2035,2035,2035,2035,2048,2048
19649,IDLE,0.10,-0.01,52.18,0.31,0.04,0.02,-0.0277,-0.0277,-0.0277,-0.0277,-0.08,-0.08,0.00,26.712137,84.305091,-44.4,2042,2042,2042,2042,2048,2048
19672,IDLE,0.11,-0.01,52.76,0.34,0.08,0.14,-0.1786,-0.1786,-0.1786,-0.1786,-0.08,-0.07,0.00,26.712137,84.305091,-44.4,2012,2012,2012,2012,2048,2048
19698,IDLE,0.11,-0.01,53.34,0.15,0.18,0.11,-0.1467,-0.1467,-0.1467,-0.1467,-0.08,-0.07,0.00,26.712137,84.305091,-44.4,2019,2019,2019,2019,2048,2048
19717,IDLE,0.11,-0.00,53.93,0.23,0.21,0.18,-0.2271,-0.2271,-0.2271,-0.2271,-0.08,-0.07,0.00,26.712137,84.305091,-44.4,2003,2003,2003,2003,2048,2048
19745,IDLE,0.11,0.00,54.51,0.13,0.24,0.15,-0.1954,-0.1954,-0.1954,-0.1954,-0.08,-0.06,0.00,26.712137,84.305091,-44.4,2009,2009,2009,2009,2048,2048
19767,IDLE,0.11,0.01,55.10,0.15,0.41,0.18,-0.2253,-0.2253,-0.2253,-0.2253,-0.08,-0.07,0.00,26.712137,84.305091,-44.4,2003,2003,2003,2003,2048,2048
19791,IDLE,0.11,0.02,55.69,0.22,0.27,0.26,-0.3292,-0.3292,-0.3292,-0.3292,-0.08,-0.07,0.00,26.712137,84.305091,-44.4,1982,1982,1982,1982,2048,2048
19815,IDLE,0.12,0.02,56.27,0.21,0.04,0.07,-0.0928,-0.0928,-0.0928,-0.0928,-0.08,-0.07,0.00,26.712137,84.305091,-44.4,2029,2029,2029,2029,2048,2048
19841,IDLE,0.12,0.02,56.86,0.38,-0.03,0.11,-0.1364,-0.1364,-0.1364,-0.1364,-0.09,-0.06,0.00,26.712137,84.305091,-44.4,2021,2021,2021,2021,2048,2048
19861,IDLE,0.13,0.02,57.44,0.29,-0.07,0.05,-0.0709,-0.0709,-0.0709,-0.0709,-0.09,-0.09,0.00,26.712137,84.305091,-44.4,2034,2034,2034,2034,2048,2048
19885,IDLE,0.13,0.01,58.03,0.33,-0.04,0.20,-0.2546,-0.2546,-0.2546,-0.2546,-0.09,-0.10,0.00,26.712137,84.305091,-44.4,1997,1997,1997,1997,2048,2048
19906,IDLE,0.14,0.01,58.62,0.41,-0.06,0.19,-0.2437,-0.2437,-0.2437,-0.2437,-0.10,-0.12,0.00,26.712137,84.305091,-44.4,1999,1999,1999,1999,2048,2048
19931,IDLE,0.15,0.01,59.20,0.44,0.01,0.11,-0.1467,-0.1467,-0.1467,-0.1467,-0.10,-0.13,0.00,26.712137,84.305091,-44.4,2019,2019,2019,2019,2048,2048
19950,IDLE,0.16,0.01,59.79,0.46,-0.14,0.10,-0.1249,-0.1249,-0.1249,-0.1249,-0.10,-0.14,0.00,26.712137,84.305091,-44.4,2023,2023,2023,2023,2048,2048
19977,IDLE,0.17,0.01,60.37,0.29,-0.08,0.12,-0.1571,-0.1571,-0.1571,-0.1571,-0.11,-0.14,0.00,26.712137,84.305091,-44.4,2017,2017,2017,2017,2048,2048
19997,IDLE,0.16,0.01,60.96,0.08,0.02,0.17,-0.2118,-0.2118,-0.2118,-0.2118,-0.11,-0.13,0.00,26.712137,84.305091,-44.4,2006,2006,2006,2006,2048,2048
20020,IDLE,0.16,0.00,61.54,0.10,-0.00,0.15,-0.1895,-0.1895,-0.1895,-0.1895,-0.11,-0.12,0.00,26.712137,84.305091,-44.4,2010,2010,2010,2010,2048,2048
20042,IDLE,0.17,0.01,62.13,0.12,0.07,0.04,-0.0483,-0.0483,-0.0483,-0.0483,-0.11,-0.13,0.00,26.712137,84.305091,-44.4,2038,2038,2038,2038,2048,2048
20068,IDLE,0.16,0.01,62.71,0.10,0.10,-0.00,-0.0027,-0.0027,-0.0027,-0.0027,-0.12,-0.13,0.00,26.712137,84.305091,-44.4,2047,2047,2047,2047,2048,2048
20086,IDLE,0.16,0.01,63.29,0.00,0.26,-0.09,0.1051,0.1051,0.1051,0.1051,-0.12,-0.12,0.00,26.712137,84.305091,-44.4,2069,2069,2069,2069,2048,2048
20114,IDLE,0.16,0.01,63.86,0.08,0.01,-0.09,0.1049,0.1049,0.1049,0.1049,-0.12,-0.11,0.00,26.712137,84.305091,-44.4,2069,2069,2069,2069,2048,2048
20143,IDLE,0.16,0.02,64.45,0.01,0.08,0.02,-0.0280,-0.0280,-0.0280,-0.0280,-0.12,-0.12,0.00,26.712137,84.305091,-44.4,2042,2042,2042,2042,2048,2048
20170,IDLE,0.15,0.02,65.03,0.04,0.06,-0.05,0.0615,0.0615,0.0615,0.0615,-0.12,-0.12,0.00,26.712137,84.305091,-44.4,2060,2060,2060,2060,2048,2048
20189,IDLE,0.15,0.02,65.61,0.03,0.11,-0.06,0.0762,0.0762,0.0762,0.0762,-0.13,-0.13,0.00,26.712137,84.305091,-44.4,2063,2063,2063,2063,2048,2048
20212,IDLE,0.15,0.02,66.18,-0.05,0.10,-0.21,0.2573,0.2573,0.2573,0.2573,-0.13,-0.13,0.00,26.712137,84.305091,-44.4,2099,2099,2099,2099,2048,2048
20234,IDLE,0.15,0.02,66.76,0.18,0.05,-0.11,0.1312,0.1312,0.1312,0.1312,-0.13,-0.12,0.00,26.712137,84.305091,-44.4,2074,2074,2074,2074,2048,2048
20260,IDLE,0.15,0.02,67.34,0.09,-0.08,-0.11,0.1362,0.1362,0.1362,0.1362,-0.13,-0.10,0.00,26.712137,84.305091,-44.4,2075,2075,2075,2075,2048,2048
20279,IDLE,0.15,0.02,67.91,-0.01,-0.03,-0.10,0.1236,0.1236,0.1236,0.1236,-0.13,-0.08,0.00,26.712137,84.305091,-44.4,2073,2073,2073,2073,2048,2048
20307,IDLE,0.15,0.02,68.49,0.03,-0.06,-0.18,0.2189,0.2189,0.2189,0.2189,-0.13,-0.07,0.00,26.712137,84.305091,-44.4,2092,2092,2092,2092,2048,2048
20328,IDLE,0.15,0.02,69.06,0.06,0.05,-0.20,0.2422,0.2422,0.2422,0.2422,-0.13,-0.06,0.00,26.712137,84.305091,-44.4,2096,2096,2096,2096,2048,2048
20353,IDLE,0.15,0.02,69.63,0.13,0.02,-0.01,0.0150,0.0150,0.0150,0.0150,-0.13,-0.06,0.00,26.712137,84.305091,-44.4,2051,2051,2051,2051,2048,2048
20371,IDLE,0.15,0.02,70.21,0.06,0.01,0.11,-0.1314,-0.1314,-0.1314,-0.1314,-0.13,-0.05,0.00,26.712137,84.305091,-44.4,2022,2022,2022,2022,2048,2048
20399,IDLE,0.15,0.02,70.79,0.08,0.09,0.21,-0.2550,-0.2550,-0.2550,-0.2550,-0.14,-0.05,0.00,26.712137,84.305091,-44.4,1997,1997,1997,1997,2048,2048
20419,IDLE,0.15,0.02,71.36,0.09,0.01,0.13,-0.1665,-0.1665,-0.1665,-0.1665,-0.14,-0.04,0.00,26.712137,84.305091,-44.4,2015,2015,2015,2015,2048,2048
20443,IDLE,0.14,0.02,71.94,-0.03,0.06,0.44,-0.5324,-0.5324,-0.5324,-0.5324,-0.13,-0.03,0.00,26.712137,84.305091,-44.4,1942,1942,1942,1942,2048,2048
20466,IDLE,0.14,0.02,72.52,-0.04,0.04,0.26,-0.3171,-0.3171,-0.3171,-0.3171,-0.13,-0.01,0.00,26.712137,84.305091,-44.4,1985,1985,1985,1985,2048,2048
20492,IDLE,0.13,0.02,73.10,-0.22,0.03,0.25,-0.3047,-0.3047,-0.3047,-0.3047,-0.13,0.00,0.00,26.712137,84.305091,-44.4,1987,1987,1987,1987,2048,2048
20511,IDLE,0.12,0.03,73.67,-0.28,0.12,0.21,-0.2507,-0.2507,-0.2507,-0.2507,-0.13,-0.00,0.00,26.712137,84.305091,-44.4,1998,1998,1998,1998,2048,2048
20539,IDLE,0.11,0.02,74.24,-0.31,-0.06,0.13,-0.1500,-0.1500,-0.1500,-0.1500,-0.13,-0.00,0.00,26.712137,84.305091,-44.4,2018,2018,2018,2018,2048,2048
20560,IDLE,0.09,0.02,74.81,-0.32,0.05,0.18,-0.2080,-0.2080,-0.2080,-0.2080,-0.13,0.01,0.00,26.712137,84.305091,-44.4,2006,2006,2006,2006,2048,2048
20584,IDLE,0.09,0.03,75.38,-0.24,0.19,0.05,-0.0611,-0.0611,-0.0611,-0.0611,-0.13,0.01,0.00,26.712137,84.305091,-44.4,2036,2036,2036,2036,2048,2048
20607,IDLE,0.08,0.03,75.95,-0.10,0.16,0.11,-0.1330,-0.1330,-0.1330,-0.1330,-0.13,0.01,0.00,26.712137,84.305091,-44.4,2021,2021,2021,2021,2048,2048
20634,IDLE,0.08,0.03,76.51,-0.07,0.22,0.10,-0.1279,-0.1279,-0.1279,-0.1279,-0.13,0.02,0.00,26.712137,84.305091,-44.4,2022,2022,2022,2022,2048,2048
20653,IDLE,0.07,0.03,77.08,-0.01,0.11,0.11,-0.1308,-0.1308,-0.1308,-0.1308,-0.13,0.01,0.00,26.712137,84.305091,-44.4,2022,2022,2022,2022,2048,2048
20682,IDLE,0.07,0.04,77.64,-0.07,0.11,-0.05,0.0614,0.0614,0.0614,0.0614,-0.13,0.03,0.00,26.712137,84.305091,-44.4,2060,2060,2060,2060,2048,2048
20708,IDLE,0.07,0.03,78.20,0.12,0.02,0.03,-0.0418,-0.0418,-0.0418,-0.0418,-0.13,0.04,0.00,26.712137,84.305091,-44.4,2040,2040,2040,2040,2048,2048
20728,IDLE,0.07,0.03,78.75,0.13,-0.15,-0.06,0.0713,0.0713,0.0713,0.0713,-0.12,0.06,0.00,26.712137,84.305091,-44.4,2062,2062,2062,2062,2048,2048
20752,IDLE,0.07,0.03,79.31,0.09,0.02,-0.08,0.0948,0.0948,0.0948,0.0948,-0.12,0.06,0.00,26.712137,84.305091,-44.4,2067,2067,2067,2067,2048,2048
20775,IDLE,0.07,0.03,79.86,-0.01,0.09,-0.12,0.1402,0.1402,0.1402,0.1402,-0.12,0.06,0.00,26.712137,84.305091,-44.4,2076,2076,2076,2076,2048,2048
20801,IDLE,0.07,0.03,80.41,0.06,-0.03,-0.07,0.0869,0.0869,0.0869,0.0869,-0.12,0.06,0.00,26.712137,84.305091,-44.4,2065,2065,2065,2065,2048,2048
20821,IDLE,0.07,0.03,80.97,-0.10,-0.01,-0.05,0.0648,0.0648,0.0648,0.0648,-0.12,0.06,0.00,26.712137,84.305091,-44.4,2061,2061,2061,2061,2048,2048
20844,IDLE,0.06,0.03,81.51,-0.07,-0.05,-0.09,0.1133,0.1133,0.1133,0.1133,-0.12,0.05,0.00,26.712137,84.305091,-44.4,2071,2071,2071,2071,2048,2048
20866,IDLE,0.06,0.02,82.06,-0.14,-0.02,-0.10,0.1202,0.1202,0.1202,0.1202,-0.12,0.03,0.00,26.712137,84.305091,-44.4,2072,2072,2072,2072,2048,2048
20892,IDLE,0.05,0.02,82.60,-0.08,0.01,-0.24,0.2898,0.2898,0.2898,0.2898,-0.12,0.01,0.00,26.712137,84.305091,-44.4,2106,2106,2106,2106,2048,2048
20911,IDLE,0.05,0.02,83.14,-0.08,0.07,-0.23,0.2801,0.2801,0.2801,0.2801,-0.12,0.00,0.00,26.712137,84.305091,-44.4,2104,2104,2104,2104,2048,2048
20947,IDLE,0.04,0.03,83.68,-0.14,0.13,-0.18,0.2257,0.2257,0.2257,0.2257,-0.12,0.01,0.00,26.712137,84.305091,-44.4,2093,2093,2093,2093,2048,2048
20970,IDLE,0.03,0.03,84.22,-0.24,0.09,-0.21,0.2593,0.2593,0.2593,0.2593,-0.12,0.01,0.00,26.712137,84.305091,-44.4,2100,2100,2100,2100,2048,2048
20992,IDLE,0.03,0.03,84.76,-0.03,-0.00,-0.11,0.1380,0.1380,0.1380,0.1380,-0.12,0.03,0.00,26.712137,84.305091,-44.4,2076,2076,2076,2076,2048,2048
21018,IDLE,0.03,0.03,85.30,0.05,-0.04,-0.20,0.2447,0.2447,0.2447,0.2447,-0.12,0.04,0.00,26.712137,84.305091,-44.4,2097,2097,2097,2097,2048,2048
21037,IDLE,0.03,0.03,85.84,-0.10,0.03,-0.11,0.1306,0.1306,0.1306,0.1306,-0.12,0.05,0.00,26.712137,84.305091,-44.4,2074,2074,2074,2074,2048,2048
21065,IDLE,0.02,0.02,86.37,-0.21,0.03,-0.12,0.1473,0.1473,0.1473,0.1473,-0.12,0.04,0.00,26.712137,84.305091,-44.4,2077,2077,2077,2077,2048,2048
21086,IDLE,0.02,0.02,86.91,-0.09,-0.01,0.09,-0.1054,-0.1054,-0.1054,-0.1054,-0.12,0.03,0.00,26.712137,84.305091,-44.4,2027,2027,2027,2027,2048,2048
21112,IDLE,0.02,0.02,87.45,-0.13,0.05,-0.00,0.0064,0.0064,0.0064,0.0064,-0.12,0.03,0.00,26.712137,84.305091,-44.4,2049,2049,2049,2049,2048,2048
21130,IDLE,0.02,0.03,87.98,-0.05,0.21,-0.07,0.0857,0.0857,0.0857,0.0857,-0.12,0.01,0.00,26.712137,84.305091,-44.4,2065,2065,2065,2065,2048,2048
21157,IDLE,0.02,0.03,88.51,0.19,0.15,0.14,-0.1733,-0.1733,-0.1733,-0.1733,-0.12,0.00,0.00,26.712137,84.305091,-44.4,2013,2013,2013,2013,2048,2048
21178,IDLE,0.03,0.03,89.04,0.15,0.06,0.11,-0.1335,-0.1335,-0.1335,-0.1335,-0.12,-0.01,0.00,26.712137,84.305091,-44.4,2021,2021,2021,2021,2048,2048
21203,IDLE,0.03,0.03,89.57,0.28,0.08,0.14,-0.1839,-0.1839,-0.1839,-0.1839,-0.12,-0.02,0.00,26.712137,84.305091,-44.4,2011,2011,2011,2011,2048,2048
21226,IDLE,0.03,0.04,90.10,0.11,0.20,0.14,-0.1814,-0.1814,-0.1814,-0.1814,-0.12,-0.03,0.00,26.712137,84.305091,-44.4,2012,2012,2012,2012,2048,2048
21252,IDLE,0.04,0.04,90.63,0.11,0.18,0.14,-0.1805,-0.1805,-0.1805,-0.1805,-0.12,-0.04,0.00,26.712137,84.305091,-44.4,2012,2012,2012,2012,2048,2048
21272,IDLE,0.04,0.04,91.15,0.18,0.12,0.15,-0.1894,-0.1894,-0.1894,-0.1894,-0.12,-0.02,0.00,26.712137,84.305091,-44.4,2010,2010,2010,2010,2048,2048
21300,IDLE,0.04,0.04,91.67,0.21,0.11,0.11,-0.1460,-0.1460,-0.1460,-0.1460,-0.12,-0.02,0.00,26.712137,84.305091,-44.4,2019,2019,2019,2019,2048,2048
21327,IDLE,0.05,0.05,92.19,0.21,0.20,0.05,-0.0649,-0.0649,-0.0649,-0.0649,-0.12,-0.02,0.00,26.712137,84.305091,-44.4,2035,2035,2035,2035,2048,2048
21347,IDLE,0.05,0.05,92.71,0.18,0.21,-0.06,0.0700,0.0700,0.0700,0.0700,-0.12,-0.03,0.00,26.712137,84.305091,-44.4,2062,2062,2062,2062,2048,2048
21370,IDLE,0.05,0.05,93.22,0.16,0.18,-0.06,0.0628,0.0628,0.0628,0.0628,-0.13,-0.04,0.00,26.712137,84.305091,-44.4,2061,2061,2061,2061,2048,2048
21393,IDLE,0.06,0.06,93.73,0.28,0.12,-0.03,0.0335,0.0335,0.0335,0.0335,-0.13,-0.06,0.00,26.712137,84.305091,-44.4,2055,2055,2055,2055,2048,2048
21419,IDLE,0.06,0.06,94.24,0.30,0.13,-0.02,0.0169,0.0169,0.0169,0.0169,-0.13,-0.07,0.00,26.712137,84.305091,-44.4,2051,2051,2051,2051,2048,2048
21438,IDLE,0.07,0.06,94.75,0.21,0.06,0.04,-0.0553,-0.0553,-0.0553,-0.0553,-0.13,-0.08,0.00,26.712137,84.305091,-44.4,2037,2037,2037,2037,2048,2048
21466,IDLE,0.07,0.05,95.26,0.16,-0.03,0.19,-0.2349,-0.2349,-0.2349,-0.2349,-0.14,-0.09,0.00,26.712137,84.305091,-44.4,2001,2001,2001,2001,2048,2048
21493,IDLE,0.07,0.05,95.77,0.26,0.06,0.33,-0.4114,-0.4114,-0.4114,-0.4114,-0.14,-0.10,0.00,26.712137,84.305091,-44.4,1966,1966,1966,1966,2048,2048
21513,IDLE,0.08,0.05,96.28,0.30,0.02,0.37,-0.4633,-0.4633,-0.4633,-0.4633,-0.14,-0.08,0.00,26.712137,84.305091,-44.4,1955,1955,1955,1955,2048,2048
21536,IDLE,0.08,0.05,96.79,0.21,0.00,0.28,-0.3418,-0.3418,-0.3418,-0.3418,-0.14,-0.07,0.00,26.712137,84.305091,-44.4,1980,1980,1980,1980,2048,2048
21558,IDLE,0.08,0.05,97.29,0.11,0.08,0.12,-0.1500,-0.1500,-0.1500,-0.1500,-0.14,-0.08,0.00,26.712137,84.305091,-44.4,2018,2018,2018,2018,2048,2048
21583,IDLE,0.09,0.06,97.79,0.08,0.23,0.12,-0.1573,-0.1573,-0.1573,-0.1573,-0.14,-0.08,0.00,26.712137,84.305091,-44.4,2017,2017,2017,2017,2048,2048
21602,IDLE,0.09,0.06,98.28,0.05,0.21,0.13,-0.1574,-0.1574,-0.1574,-0.1574,-0.14,-0.06,0.00,26.712137,84.305091,-44.4,2017,2017,2017,2017,2048,2048
21629,IDLE,0.09,0.07,98.77,0.12,0.28,0.13,-0.1613,-0.1613,-0.1613,-0.1613,-0.14,-0.05,0.00,26.712137,84.305091,-44.4,2016,2016,2016,2016,2048,2048
21650,IDLE,0.09,0.07,99.27,0.18,0.26,0.12,-0.1510,-0.1510,-0.1510,-0.1510,-0.14,-0.04,0.00,26.712137,84.305091,-44.4,2018,2018,2018,2018,2048,2048
21674,IDLE,0.09,0.07,99.75,0.27,0.24,0.06,-0.0785,-0.0785,-0.0785,-0.0785,-0.14,-0.03,0.00,26.712137,84.305091,-44.4,2032,2032,2032,2032,2048,2048
21696,IDLE,0.10,0.08,100.24,0.29,0.17,-0.08,0.0860,0.0860,0.0860,0.0860,-0.14,-0.01,0.00,26.712137,84.305091,-44.4,2065,2065,2065,2065,2048,2048
21722,IDLE,0.10,0.07,100.72,0.38,0.00,-0.01,0.0037,0.0037,0.0037,0.0037,-0.14,-0.00,0.00,26.712137,84.305091,-44.4,2049,2049,2049,2049,2048,2048
21742,IDLE,0.11,0.07,101.20,0.33,-0.09,-0.00,-0.0038,-0.0038,-0.0038,-0.0038,-0.14,0.00,0.00,26.712137,84.305091,-44.4,2047,2047,2047,2047,2048,2048
21770,IDLE,0.11,0.07,101.67,0.29,-0.00,-0.15,0.1751,0.1751,0.1751,0.1751,-0.14,0.01,0.00,26.712137,84.305091,-44.4,2083,2083,2083,2083,2048,2048
21797,IDLE,0.12,0.07,102.15,0.20,0.04,-0.16,0.1858,0.1858,0.1858,0.1858,-0.14,0.01,0.00,26.712137,84.305091,-44.4,2085,2085,2085,2085,2048,2048
21817,IDLE,0.12,0.06,102.62,0.27,-0.06,-0.17,0.1999,0.1999,0.1999,0.1999,-0.14,0.02,0.00,26.712137,84.305091,-44.4,2088,2088,2088,2088,2048,2048
21840,IDLE,0.12,0.06,103.09,0.21,-0.08,-0.11,0.1321,0.1321,0.1321,0.1321,-0.14,0.02,0.00,26.712137,84.305091,-44.4,2074,2074,2074,2074,2048,2048
21862,IDLE,0.13,0.06,103.55,0.12,0.03,-0.04,0.0439,0.0439,0.0439,0.0439,-0.14,0.03,0.00,26.712137,84.305091,-44.4,2057,2057,2057,2057,2048,2048
21888,IDLE,0.13,0.06,104.02,0.27,0.07,-0.08,0.0938,0.0938,0.0938,0.0938,-0.14,0.03,0.00,26.712137,84.305090,-44.4,2067,2067,2067,2067,2048,2048
21908,IDLE,0.13,0.06,104.49,0.25,0.02,-0.00,-0.0041,-0.0041,-0.0041,-0.0041,-0.14,0.02,0.00,26.712137,84.305090,-44.4,2047,2047,2047,2047,2048,2048
21936,IDLE,0.14,0.05,104.94,0.32,-0.07,-0.20,0.2350,0.2350,0.2350,0.2350,-0.14,0.02,0.00,26.712137,84.305090,-44.4,2095,2095,2095,2095,2048,2048
21963,IDLE,0.14,0.06,105.40,0.21,0.06,-0.21,0.2509,0.2509,0.2509,0.2509,-0.14,0.02,0.00,26.712137,84.305090,-44.4,2098,2098,2098,2098,2048,2048
21983,IDLE,0.14,0.06,105.86,0.29,0.00,-0.14,0.1672,0.1672,0.1672,0.1672,-0.13,0.03,0.00,26.712137,84.305090,-44.4,2081,2081,2081,2081,2048,2048
22007,IDLE,0.14,0.06,106.31,0.13,0.16,-0.15,0.1791,0.1791,0.1791,0.1791,-0.13,0.05,0.00,26.712137,84.305090,-44.4,2084,2084,2084,2084,2048,2048
22030,IDLE,0.14,0.06,106.76,0.04,0.07,-0.19,0.2274,0.2274,0.2274,0.2274,-0.13,0.06,0.00,26.712137,84.305090,-44.4,2093,2093,2093,2093,2048,2048
22056,IDLE,0.14,0.06,107.21,0.01,0.11,-0.23,0.2811,0.2811,0.2811,0.2811,-0.13,0.06,0.00,26.712137,84.305090,-44.4,2104,2104,2104,2104,2048,2048
22076,IDLE,0.13,0.06,107.66,-0.07,0.10,-0.15,0.1801,0.1801,0.1801,0.1801,-0.13,0.07,0.00,26.712137,84.305090,-44.4,2084,2084,2084,2084,2048,2048
22099,IDLE,0.13,0.06,108.10,0.01,0.13,-0.14,0.1727,0.1727,0.1727,0.1727,-0.12,0.07,0.00,26.712137,84.305090,-44.4,2083,2083,2083,2083,2048,2048
22121,IDLE,0.13,0.07,108.55,0.15,0.16,-0.06,0.0728,0.0728,0.0728,0.0728,-0.12,0.07,0.00,26.712137,84.305090,-44.4,2063,2063,2063,2063,2048,2048
22156,IDLE,0.14,0.07,108.99,0.32,0.14,-0.02,0.0101,0.0101,0.0101,0.0101,-0.12,0.07,0.00,26.712137,84.305090,-44.4,2050,2050,2050,2050,2048,2048
22183,IDLE,0.14,0.07,109.43,0.17,0.23,-0.06,0.0597,0.0597,0.0597,0.0597,-0.12,0.07,0.00,26.712137,84.305090,-44.4,2060,2060,2060,2060,2048,2048
22202,IDLE,0.13,0.07,109.88,0.01,0.18,0.11,-0.1386,-0.1386,-0.1386,-0.1386,-0.12,0.08,0.00,26.712137,84.305090,-44.4,2020,2020,2020,2020,2048,2048
22226,IDLE,0.13,0.08,110.32,0.00,0.16,0.03,-0.0353,-0.0353,-0.0353,-0.0353,-0.12,0.09,0.00,26.712137,84.305090,-44.4,2041,2041,2041,2041,2048,2048
22247,IDLE,0.12,0.08,110.75,-0.13,0.21,0.05,-0.0641,-0.0641,-0.0641,-0.0641,-0.12,0.07,0.00,26.712137,84.305090,-44.4,2035,2035,2035,2035,2048,2048
22273,IDLE,0.12,0.08,111.19,-0.17,0.14,0.05,-0.0629,-0.0629,-0.0629,-0.0629,-0.12,0.06,0.00,26.712137,84.305090,-44.4,2035,2035,2035,2035,2048,2048
22291,IDLE,0.11,0.08,111.62,-0.36,0.19,0.08,-0.0899,-0.0899,-0.0899,-0.0899,-0.11,0.06,0.00,26.712137,84.305090,-44.4,2030,2030,2030,2030,2048,2048
22318,IDLE,0.10,0.08,112.05,-0.36,0.19,0.01,-0.0042,-0.0042,-0.0042,-0.0042,-0.11,0.06,0.00,26.712137,84.305090,-44.4,2047,2047,2047,2047,2048,2048
22339,IDLE,0.09,0.08,112.48,-0.30,0.12,0.10,-0.1204,-0.1204,-0.1204,-0.1204,-0.11,0.06,0.00,26.712137,84.305090,-44.4,2024,2024,2024,2024,2048,2048
22362,IDLE,0.08,0.08,112.91,-0.27,0.11,-0.03,0.0454,0.0454,0.0454,0.0454,-0.11,0.06,0.00,26.712137,84.305090,-44.4,2057,2057,2057,2057,2048,2048
22384,IDLE,0.07,0.08,113.33,-0.31,0.18,-0.06,0.0737,0.0737,0.0737,0.0737,-0.11,0.04,0.00,26.712137,84.305090,-44.4,2063,2063,2063,2063,2048,2048
22410,IDLE,0.06,0.09,113.75,-0.28,0.20,0.02,-0.0263,-0.0263,-0.0263,-0.0263,-0.11,0.03,0.00,26.712137,84.305090,-44.4,2043,2043,2043,2043,2048,2048
22429,IDLE,0.06,0.09,114.17,-0.17,0.16,0.04,-0.0419,-0.0419,-0.0419,-0.0419,-0.11,0.05,0.00,26.712137,84.305090,-44.4,2040,2040,2040,2040,2048,2048
22457,IDLE,0.05,0.09,114.58,-0.11,0.17,-0.01,0.0109,0.0109,0.0109,0.0109,-0.11,0.06,0.00,26.712137,84.305090,-44.4,2050,2050,2050,2050,2048,2048
22478,IDLE,0.06,0.09,115.00,0.11,-0.09,0.05,-0.0647,-0.0647,-0.0647,-0.0647,-0.11,0.06,0.00,26.712137,84.305090,-44.4,2035,2035,2035,2035,2048,2048
22503,IDLE,0.05,0.09,115.41,-0.13,0.05,0.01,-0.0152,-0.0152,-0.0152,-0.0152,-0.10,0.06,0.00,26.712137,84.305090,-44.4,2045,2045,2045,2045,2048,2048
22526,IDLE,0.05,0.08,115.82,-0.04,-0.07,-0.05,0.0643,0.0643,0.0643,0.0643,-0.10,0.06,0.00,26.712137,84.305090,-44.4,2061,2061,2061,2061,2048,2048
22552,IDLE,0.05,0.08,116.22,-0.21,-0.02,-0.11,0.1454,0.1454,0.1454,0.1454,-0.10,0.06,0.00,26.712137,84.305090,-44.4,2077,2077,2077,2077,2048,2048
22572,IDLE,0.04,0.08,116.62,-0.30,0.10,-0.20,0.2525,0.2525,0.2525,0.2525,-0.10,0.04,0.00,26.712137,84.305090,-44.4,2098,2098,2098,2098,2048,2048
22595,IDLE,0.04,0.08,117.02,-0.11,0.07,-0.31,0.3849,0.3849,0.3849,0.3849,-0.10,0.02,0.00,26.712137,84.305090,-44.4,2125,2125,2125,2125,2048,2048
22617,IDLE,0.03,0.08,117.42,-0.13,-0.01,-0.15,0.1864,0.1864,0.1864,0.1864,-0.10,0.01,0.00,26.712137,84.305090,-44.4,2085,2085,2085,2085,2048,2048
22643,IDLE,0.03,0.08,117.81,-0.12,0.01,-0.04,0.0551,0.0551,0.0551,0.0551,-0.10,0.01,0.00,26.712137,84.305090,-44.4,2059,2059,2059,2059,2048,2048
22662,IDLE,0.03,0.08,118.21,-0.07,0.03,-0.13,0.1606,0.1606,0.1606,0.1606,-0.11,-0.01,0.00,26.712137,84.305090,-44.4,2080,2080,2080,2080,2048,2048
22689,IDLE,0.03,0.08,118.60,-0.09,0.07,-0.17,0.2040,0.2040,0.2040,0.2040,-0.11,-0.01,0.00,26.712137,84.305090,-44.4,2089,2089,2089,2089,2048,2048
22711,IDLE,0.02,0.07,118.99,-0.05,0.04,-0.05,0.0600,0.0600,0.0600,0.0600,-0.11,-0.01,0.00,26.712137,84.305090,-44.4,2060,2060,2060,2060,2048,2048
22735,IDLE,0.03,0.07,119.37,0.07,0.03,-0.19,0.2344,0.2344,0.2344,0.2344,-0.11,-0.01,0.00,26.712137,84.305090,-44.4,2095,2095,2095,2095,2048,2048
22753,IDLE,0.03,0.07,119.76,0.09,0.12,-0.05,0.0582,0.0582,0.0582,0.0582,-0.11,-0.02,0.00,26.712137,84.305090,-44.4,2060,2060,2060,2060,2048,2048
22780,IDLE,0.03,0.07,120.14,0.20,0.04,-0.05,0.0520,0.0520,0.0520,0.0520,-0.11,-0.03,0.00,26.712137,84.305090,-44.4,2058,2058,2058,2058,2048,2048
22800,IDLE,0.03,0.07,120.52,0.13,0.16,-0.07,0.0741,0.0741,0.0741,0.0741,-0.11,-0.03,0.00,26.712137,84.305090,-44.4,2063,2063,2063,2063,2048,2048
22824,IDLE,0.03,0.07,120.90,0.06,0.18,-0.10,0.1201,0.1201,0.1201,0.1201,-0.11,-0.03,0.00,26.712137,84.305090,-44.4,2072,2072,2072,2072,2048,2048
22847,IDLE,0.03,0.08,121.28,0.02,0.16,-0.06,0.0680,0.0680,0.0680,0.0680,-0.11,-0.03,0.00,26.712137,84.305090,-44.4,2062,2062,2062,2062,2048,2048
22873,IDLE,0.03,0.08,121.65,-0.12,0.15,-0.11,0.1328,0.1328,0.1328,0.1328,-0.11,-0.03,0.00,26.712137,84.305090,-44.4,2075,2075,2075,2075,2048,2048
22893,IDLE,0.03,0.08,122.03,-0.14,0.16,-0.14,0.1673,0.1673,0.1673,0.1673,-0.11,-0.03,0.00,26.712137,84.305090,-44.4,2081,2081,2081,2081,2048,2048
22916,IDLE,0.03,0.08,122.40,-0.01,0.11,-0.02,0.0169,0.0169,0.0169,0.0169,-0.11,-0.03,0.00,26.712137,84.305090,-44.4,2051,2051,2051,2051,2048,2048
22949,IDLE,0.01,0.08,122.77,-0.33,0.20,0.16,-0.1940,-0.1940,-0.1940,-0.1940,-0.11,-0.03,0.00,26.712137,84.305090,-44.4,2009,2009,2009,2009,2048,2048
22976,IDLE,0.00,0.08,123.15,-0.36,0.18,0.08,-0.0897,-0.0897,-0.0897,-0.0897,-0.11,-0.02,0.00,26.712137,84.305090,-44.4,2030,2030,2030,2030,2048,2048
22996,IDLE,-0.00,0.08,123.51,-0.24,-0.01,0.08,-0.0896,-0.0896,-0.0896,-0.0896,-0.11,-0.01,0.00,26.712137,84.305090,-44.4,2030,2030,2030,2030,2048,2048
23025,IDLE,-0.00,0.08,123.88,-0.08,0.07,0.03,-0.0386,-0.0386,-0.0386,-0.0386,-0.11,-0.01,0.00,26.712137,84.305090,-44.4,2040,2040,2040,2040,2048,2048
23052,IDLE,-0.00,0.08,124.25,-0.02,0.01,0.08,-0.0984,-0.0984,-0.0984,-0.0984,-0.11,-0.00,0.00,26.712137,84.305090,-44.4,2028,2028,2028,2028,2048,2048
23072,IDLE,-0.00,0.07,124.61,0.00,-0.05,0.04,-0.0499,-0.0499,-0.0499,-0.0499,-0.11,0.02,0.00,26.712137,84.305090,-44.4,2038,2038,2038,2038,2048,2048
23100,IDLE,-0.00,0.07,124.97,0.02,0.08,0.07,-0.0860,-0.0860,-0.0860,-0.0860,-0.11,0.03,0.00,26.712137,84.305090,-44.4,2031,2031,2031,2031,2048,2048
23126,IDLE,0.00,0.07,125.33,0.12,-0.06,0.09,-0.1124,-0.1124,-0.1124,-0.1124,-0.11,0.03,0.00,26.712137,84.305090,-44.4,2026,2026,2026,2026,2048,2048
23146,IDLE,0.01,0.07,125.69,0.08,0.08,0.07,-0.0905,-0.0905,-0.0905,-0.0905,-0.10,0.06,0.00,26.712137,84.305090,-44.4,2030,2030,2030,2030,2048,2048
23174,IDLE,0.01,0.07,126.05,0.15,0.23,0.21,-0.2635,-0.2635,-0.2635,-0.2635,-0.10,0.08,0.00,26.712137,84.305090,-44.4,1995,1995,1995,1995,2048,2048
23201,IDLE,0.02,0.07,126.41,0.21,0.07,0.30,-0.3704,-0.3704,-0.3704,-0.3704,-0.10,0.09,0.00,26.712137,84.305090,-44.4,1974,1974,1974,1974,2048,2048
23221,IDLE,0.02,0.07,126.76,0.31,-0.05,0.28,-0.3440,-0.3440,-0.3440,-0.3440,-0.09,0.11,0.00,26.712137,84.305090,-44.4,1979,1979,1979,1979,2048,2048
23244,IDLE,0.03,0.06,127.11,0.33,0.04,0.30,-0.3724,-0.3724,-0.3724,-0.3724,-0.09,0.13,0.00,26.712137,84.305090,-44.4,1974,1974,1974,1974,2048,2048
23266,IDLE,0.04,0.06,127.47,0.41,0.02,0.28,-0.3476,-0.3476,-0.3476,-0.3476,-0.09,0.14,0.00,26.712137,84.305090,-44.4,1978,1978,1978,1978,2048,2048
23291,IDLE,0.04,0.06,127.81,0.35,0.01,0.19,-0.2414,-0.2414,-0.2414,-0.2414,-0.08,0.14,0.00,26.712137,84.305090,-44.4,2000,2000,2000,2000,2048,2048
23309,IDLE,0.05,0.06,128.16,0.22,0.15,0.25,-0.3121,-0.3121,-0.3121,-0.3121,-0.08,0.13,0.00,26.712137,84.305090,-44.4,1986,1986,1986,1986,2048,2048
23336,IDLE,0.05,0.06,128.51,0.16,0.10,0.34,-0.4235,-0.4235,-0.4235,-0.4235,-0.08,0.11,0.00,26.712137,84.305090,-44.4,1963,1963,1963,1963,2048,2048
23357,IDLE,0.05,0.06,128.85,0.14,-0.02,0.28,-0.3448,-0.3448,-0.3448,-0.3448,-0.08,0.11,0.00,26.712137,84.305090,-44.4,1979,1979,1979,1979,2048,2048
23380,IDLE,0.05,0.05,129.19,0.17,-0.24,0.05,-0.0606,-0.0606,-0.0606,-0.0606,-0.08,0.10,0.00,26.712137,84.305090,-44.4,2036,2036,2036,2036,2048,2048
23403,IDLE,0.06,0.05,129.52,0.16,-0.07,-0.07,0.0812,0.0812,0.0812,0.0812,-0.07,0.12,0.00,26.712137,84.305090,-44.4,2064,2064,2064,2064,2048,2048
23428,IDLE,0.06,0.05,129.84,0.27,-0.13,-0.10,0.1208,0.1208,0.1208,0.1208,-0.07,0.13,0.00,26.712137,84.305090,-44.4,2072,2072,2072,2072,2048,2048
23447,IDLE,0.07,0.04,130.17,0.30,-0.02,-0.09,0.1034,0.1034,0.1034,0.1034,-0.07,0.13,0.00,26.712137,84.305090,-44.4,2069,2069,2069,2069,2048,2048
23475,IDLE,0.07,0.04,130.50,0.22,-0.02,-0.10,0.1143,0.1143,0.1143,0.1143,-0.07,0.13,0.00,26.712137,84.305090,-44.4,2071,2071,2071,2071,2048,2048
23497,IDLE,0.07,0.04,130.82,0.19,0.03,-0.07,0.0795,0.0795,0.0795,0.0795,-0.06,0.11,0.00,26.712137,84.305090,-44.4,2064,2064,2064,2064,2048,2048
23522,IDLE,0.07,0.04,131.14,0.10,0.05,-0.05,0.0599,0.0599,0.0599,0.0599,-0.06,0.10,0.00,26.712137,84.305090,-44.4,2060,2060,2060,2060,2048,2048
23540,IDLE,0.07,0.04,131.46,-0.11,0.14,-0.07,0.0815,0.0815,0.0815,0.0815,-0.06,0.10,0.00,26.712137,84.305090,-44.4,2064,2064,2064,2064,2048,2048
23568,IDLE,0.07,0.04,131.77,-0.05,0.04,-0.14,0.1740,0.1740,0.1740,0.1740,-0.06,0.09,0.00,26.712137,84.305090,-44.4,2083,2083,2083,2083,2048,2048
23589,IDLE,0.06,0.04,132.09,-0.15,0.04,-0.05,0.0594,0.0594,0.0594,0.0594,-0.06,0.09,0.00,26.712137,84.305090,-44.4,2060,2060,2060,2060,2048,2048
23613,IDLE,0.06,0.04,132.40,0.16,-0.15,-0.11,0.1350,0.1350,0.1350,0.1350,-0.06,0.09,0.00,26.712137,84.305090,-44.4,2075,2075,2075,2075,2048,2048
23631,IDLE,0.07,0.03,132.71,0.17,-0.21,-0.14,0.1724,0.1724,0.1724,0.1724,-0.06,0.08,0.00,26.712137,84.305090,-44.4,2082,2082,2082,2082,2048,2048
23658,IDLE,0.07,0.03,133.02,0.17,-0.07,-0.21,0.2558,0.2558,0.2558,0.2558,-0.06,0.07,0.00,26.712137,84.305090,-44.4,2099,2099,2099,2099,2048,2048
23678,IDLE,0.07,0.02,133.32,0.20,-0.21,-0.23,0.2785,0.2785,0.2785,0.2785,-0.06,0.03,0.00,26.712137,84.305090,-44.4,2104,2104,2104,2104,2048,2048
23702,IDLE,0.07,0.02,133.62,0.11,-0.21,-0.19,0.2350,0.2350,0.2350,0.2350,-0.06,0.01,0.00,26.712137,84.305090,-44.4,2095,2095,2095,2095,2048,2048
23724,IDLE,0.07,0.02,133.93,0.11,-0.14,-0.16,0.1942,0.1942,0.1942,0.1942,-0.06,0.00,0.00,26.712137,84.305090,-44.4,2087,2087,2087,2087,2048,2048
23750,IDLE,0.07,0.01,134.23,0.12,-0.12,-0.00,0.0013,0.0013,0.0013,0.0013,-0.06,-0.00,0.00,26.712137,84.305090,-44.4,2048,2048,2048,2048,2048,2048
23770,IDLE,0.07,0.01,134.53,0.01,-0.14,0.01,-0.0129,-0.0129,-0.0129,-0.0129,-0.06,-0.01,0.00,26.712137,84.305090,-44.4,2045,2045,2045,2045,2048,2048
23798,IDLE,0.07,0.01,134.83,0.21,-0.11,0.12,-0.1476,-0.1476,-0.1476,-0.1476,-0.06,-0.02,0.00,26.712137,84.305090,-44.4,2018,2018,2018,2018,2048,2048
23825,IDLE,0.07,0.01,135.13,0.23,0.03,0.02,-0.0252,-0.0252,-0.0252,-0.0252,-0.06,-0.02,0.00,26.712137,84.305090,-44.4,2043,2043,2043,2043,2048,2048
23845,IDLE,0.08,0.01,135.43,0.26,0.07,-0.07,0.0829,0.0829,0.0829,0.0829,-0.07,-0.04,0.00,26.712137,84.305090,-44.4,2065,2065,2065,2065,2048,2048
23868,IDLE,0.07,0.02,135.72,0.06,0.14,-0.02,0.0248,0.0248,0.0248,0.0248,-0.07,-0.05,0.00,26.712137,84.305090,-44.4,2053,2053,2053,2053,2048,2048
23889,IDLE,0.07,0.02,136.01,-0.09,0.02,-0.11,0.1302,0.1302,0.1302,0.1302,-0.07,-0.07,0.00,26.712137,84.305090,-44.4,2074,2074,2074,2074,2048,2048
23915,IDLE,0.07,0.01,136.30,-0.02,-0.06,-0.10,0.1203,0.1203,0.1203,0.1203,-0.07,-0.08,0.00,26.712137,84.305090,-44.4,2072,2072,2072,2072,2048,2048
23933,IDLE,0.07,0.02,136.58,0.03,0.01,-0.08,0.1014,0.1014,0.1014,0.1014,-0.07,-0.07,0.00,26.712137,84.305090,-44.4,2068,2068,2068,2068,2048,2048
23961,IDLE,0.06,0.02,136.87,-0.13,0.01,0.02,-0.0184,-0.0184,-0.0184,-0.0184,-0.07,-0.06,0.00,26.712137,84.305090,A,2044,2044,2044,2044,2048,2048
23982,IDLE,0.06,0.02,137.16,0.06,-0.00,-0.02,0.0276,0.0276,0.0276,0.0276,-0.07,-0.05,0.00,26.712137,84.305090,A,2054,2054,2054,2054,2048,2048
24006,IDLE,0.06,0.02,137.44,0.01,0.00,-0.12,0.1433,0.1433,0.1433,0.1433,-0.07,-0.04,0.00,26.712137,84.305090,A,2077,2077,2077,2077,2048,2048
24024,IDLE,0.06,0.02,137.72,-0.04,0.02,0.10,-0.1273,-0.1273,-0.1273,-0.1273,-0.07,-0.02,0.00,26.712137,84.305090,A,2023,2023,2023,2023,2048,2048
24052,IDLE,0.06,0.02,138.00,0.12,-0.03,0.01,-0.0139,-0.0139,-0.0139,-0.0139,-0.07,-0.01,0.00,26.712137,84.305090,A,2045,2045,2045,2045,2048,2048
24072,IDLE,0.06,0.01,138.28,0.21,-0.11,-0.02,0.0187,0.0187,0.0187,0.0187,-0.07,-0.01,0.00,26.712137,84.305090,A,2052,2052,2052,2052,2048,2048
24097,IDLE,0.07,0.01,138.56,0.15,-0.13,0.02,-0.0243,-0.0243,-0.0243,-0.0243,-0.07,-0.01,0.00,26.712137,84.305090,A,2043,2043,2043,2043,2048,2048
24115,IDLE,0.06,0.01,138.83,0.01,-0.08,0.10,-0.1232,-0.1232,-0.1232,-0.1232,-0.07,-0.02,0.00,26.712137,84.305090,A,2023,2023,2023,2023,2048,2048
24151,IDLE,0.06,0.01,139.11,-0.15,-0.08,0.07,-0.0754,-0.0754,-0.0754,-0.0754,-0.08,-0.06,0.00,26.712137,84.305090,A,2033,2033,2033,2033,2048,2048
24178,IDLE,0.05,0.01,139.38,-0.18,0.02,0.14,-0.1636,-0.1636,-0.1636,-0.1636,-0.08,-0.08,0.00,26.712137,84.305090,A,2015,2015,2015,2015,2048,2048
24199,IDLE,0.05,0.01,139.65,-0.17,-0.03,-0.00,0.0058,0.0058,0.0058,0.0058,-0.08,-0.09,0.00,26.712137,84.305090,A,2049,2049,2049,2049,2048,2048
24223,IDLE,0.05,0.01,139.92,-0.04,-0.11,0.15,-0.1852,-0.1852,-0.1852,-0.1852,-0.09,-0.09,0.00,26.712137,84.305090,A,2011,2011,2011,2011,2048,2048
24246,IDLE,0.05,0.01,140.19,0.03,0.01,0.11,-0.1293,-0.1293,-0.1293,-0.1293,-0.09,-0.09,0.00,26.712137,84.305090,A,2022,2022,2022,2022,2048,2048
24273,IDLE,0.05,0.01,140.46,0.10,-0.09,0.08,-0.0992,-0.0992,-0.0992,-0.0992,-0.09,-0.08,0.00,26.712137,84.305090,A,2028,2028,2028,2028,2048,2048
24293,IDLE,0.05,0.00,140.72,0.24,-0.12,-0.05,0.0622,0.0622,0.0622,0.0622,-0.09,-0.06,0.00,26.712137,84.305090,A,2060,2060,2060,2060,2048,2048
24316,IDLE,0.05,0.00,140.98,0.22,-0.16,-0.02,0.0276,0.0276,0.0276,0.0276,-0.09,-0.05,0.00,26.712137,84.305090,A,2054,2054,2054,2054,2048,2048
24339,IDLE,0.05,-0.01,141.24,0.07,-0.21,-0.07,0.0898,0.0898,0.0898,0.0898,-0.09,-0.03,0.00,26.712137,84.305090,A,2066,2066,2066,2066,2048,2048
24365,IDLE,0.05,-0.01,141.50,0.04,-0.03,-0.07,0.0859,0.0859,0.0859,0.0859,-0.09,-0.01,0.00,26.712137,84.305090,A,2065,2065,2065,2065,2048,2048
24385,IDLE,0.06,-0.01,141.75,0.11,-0.10,-0.23,0.2809,0.2809,0.2809,0.2809,-0.08,0.02,0.00,26.712137,84.305090,A,2104,2104,2104,2104,2048,2048
24409,IDLE,0.06,-0.01,142.00,0.08,-0.10,-0.12,0.1521,0.1521,0.1521,0.1521,-0.08,0.04,0.00,26.712137,84.305090,A,2078,2078,2078,2078,2048,2048
24432,IDLE,0.06,-0.01,142.25,0.06,-0.10,-0.00,0.0044,0.0044,0.0044,0.0044,-0.08,0.06,0.00,26.712137,84.305090,A,2049,2049,2049,2049,2048,2048
24458,IDLE,0.06,-0.01,142.51,0.11,-0.11,-0.02,0.0217,0.0217,0.0217,0.0217,-0.08,0.06,0.00,26.712137,84.305090,A,2052,2052,2052,2052,2048,2048
24478,IDLE,0.06,-0.01,142.76,0.13,0.01,-0.01,0.0041,0.0041,0.0041,0.0041,-0.07,0.07,0.00,26.712137,84.305090,A,2049,2049,2049,2049,2048,2048
24502,IDLE,0.06,-0.01,143.00,0.11,0.02,-0.04,0.0488,0.0488,0.0488,0.0488,-0.07,0.07,0.00,26.712137,84.305090,A,2058,2058,2058,2058,2048,2048
24520,IDLE,0.07,-0.01,143.25,0.30,0.01,-0.08,0.0952,0.0952,0.0952,0.0952,-0.07,0.05,0.00,26.712137,84.305090,A,2067,2067,2067,2067,2048,2048
24547,IDLE,0.07,-0.01,143.49,0.37,0.19,-0.10,0.1158,0.1158,0.1158,0.1158,-0.07,0.03,0.00,26.712137,84.305090,A,2071,2071,2071,2071,2048,2048
24568,IDLE,0.08,-0.00,143.74,0.47,0.15,0.07,-0.1036,-0.1036,-0.1036,-0.1036,-0.08,-0.01,0.00,26.712137,84.305090,A,2027,2027,2027,2027,2048,2048
24593,IDLE,0.09,-0.00,143.98,0.29,0.11,-0.06,0.0694,0.0694,0.0694,0.0694,-0.08,-0.03,0.00,26.712137,84.305090,A,2062,2062,2062,2062,2048,2048
24611,IDLE,0.09,0.00,144.21,0.16,0.10,-0.12,0.1386,0.1386,0.1386,0.1386,-0.08,-0.05,0.00,26.712137,84.305090,A,2076,2076,2076,2076,2048,2048
24638,IDLE,0.09,0.01,144.45,0.01,0.19,-0.05,0.0593,0.0593,0.0593,0.0593,-0.09,-0.07,0.00,26.712137,84.305090,A,2060,2060,2060,2060,2048,2048
24659,IDLE,0.09,0.01,144.69,0.21,0.19,-0.05,0.0583,0.0583,0.0583,0.0583,-0.09,-0.07,0.00,26.712137,84.305090,A,2060,2060,2060,2060,2048,2048
24684,IDLE,0.09,0.01,144.92,0.21,0.13,-0.02,0.0175,0.0175,0.0175,0.0175,-0.09,-0.07,0.00,26.712137,84.305090,A,2052,2052,2052,2052,2048,2048
24703,IDLE,0.09,0.01,145.16,0.15,0.12,-0.02,0.0183,0.0183,0.0183,0.0183,-0.09,-0.07,0.00,26.712137,84.305090,A,2052,2052,2052,2052,2048,2048
24726,IDLE,0.09,0.02,145.39,0.07,0.16,-0.11,0.1319,0.1319,0.1319,0.1319,-0.09,-0.06,0.00,26.712137,84.305090,A,2074,2074,2074,2074,2048,2048
24747,IDLE,0.09,0.02,145.62,0.10,0.06,-0.14,0.1636,0.1636,0.1636,0.1636,-0.09,-0.05,0.00,26.712137,84.305090,A,2081,2081,2081,2081,2048,2048
24773,IDLE,0.10,0.01,145.84,0.21,0.00,-0.24,0.2846,0.2846,0.2846,0.2846,-0.09,-0.04,0.00,26.712137,84.305090,A,2105,2105,2105,2105,2048,2048
24792,IDLE,0.10,0.01,146.06,0.20,-0.09,-0.16,0.1972,0.1972,0.1972,0.1972,-0.09,-0.04,0.00,26.712137,84.305090,A,2087,2087,2087,2087,2048,2048
24816,IDLE,0.10,0.01,146.29,0.23,-0.12,-0.07,0.0838,0.0838,0.0838,0.0838,-0.09,-0.04,0.00,26.712137,84.305090,A,2065,2065,2065,2065,2048,2048
24838,IDLE,0.10,0.00,146.51,0.10,-0.22,-0.16,0.1913,0.1913,0.1913,0.1913,-0.09,-0.03,0.00,26.712137,84.305090,A,2086,2086,2086,2086,2048,2048
24864,IDLE,0.10,-0.00,146.73,0.21,-0.29,-0.12,0.1445,0.1445,0.1445,0.1445,-0.09,-0.02,0.00,26.712137,84.305090,A,2077,2077,2077,2077,2048,2048
24884,IDLE,0.11,-0.01,146.95,0.18,-0.28,0.03,-0.0315,-0.0315,-0.0315,-0.0315,-0.09,0.01,0.00,26.712137,84.305090,A,2042,2042,2042,2042,2048,2048
24907,IDLE,0.11,-0.01,147.17,0.21,-0.05,-0.07,0.0756,0.0756,0.0756,0.0756,-0.09,0.02,0.00,26.712137,84.305090,A,2063,2063,2063,2063,2048,2048
24930,IDLE,0.11,-0.01,147.39,0.18,-0.03,-0.04,0.0433,0.0433,0.0433,0.0433,-0.09,0.02,0.00,26.712137,84.305090,A,2057,2057,2057,2057,2048,2048
24964,IDLE,0.11,-0.01,147.60,0.09,0.07,-0.18,0.2200,0.2200,0.2200,0.2200,-0.08,0.05,0.00,26.712137,84.305090,A,2092,2092,2092,2092,2048,2048
24991,IDLE,0.11,-0.01,147.82,0.09,0.07,-0.11,0.1349,0.1349,0.1349,0.1349,-0.08,0.06,0.00,26.712137,84.305090,A,2075,2075,2075,2075,2048,2048
25011,IDLE,0.11,-0.00,148.03,0.11,0.06,-0.05,0.0545,0.0545,0.0545,0.0545,-0.08,0.07,0.00,26.712137,84.305090,A,2059,2059,2059,2059,2048,2048
25036,IDLE,0.11,-0.00,148.25,0.08,0.07,-0.01,0.0061,0.0061,0.0061,0.0061,-0.08,0.08,0.00,26.712137,84.305090,A,2049,2049,2049,2049,2048,2048
25054,IDLE,0.11,0.00,148.46,0.21,0.21,0.21,-0.2682,-0.2682,-0.2682,-0.2682,-0.08,0.08,0.00,26.712137,84.305090,A,1994,1994,1994,1994,2048,2048
25081,IDLE,0.11,0.01,148.68,0.29,0.19,0.24,-0.3058,-0.3058,-0.3058,-0.3058,-0.07,0.08,0.00,26.712137,84.305090,A,1987,1987,1987,1987,2048,2048
25102,IDLE,0.12,0.01,148.90,0.34,0.20,0.22,-0.2763,-0.2763,-0.2763,-0.2763,-0.07,0.08,0.00,26.712137,84.305090,A,1993,1993,1993,1993,2048,2048
25127,IDLE,0.12,0.02,149.11,0.42,0.17,0.24,-0.3095,-0.3095,-0.3095,-0.3095,-0.07,0.08,0.00,26.712137,84.305090,A,1986,1986,1986,1986,2048,2048
25145,IDLE,0.13,0.02,149.32,0.40,0.13,0.12,-0.1586,-0.1586,-0.1586,-0.1586,-0.07,0.07,0.00,26.712137,84.305090,A,2016,2016,2016,2016,2048,2048
25173,IDLE,0.14,0.02,149.53,0.43,0.16,0.26,-0.3345,-0.3345,-0.3345,-0.3345,-0.07,0.07,0.00,26.712137,84.305090,A,1981,1981,1981,1981,2048,2048
25194,IDLE,0.14,0.03,149.74,0.27,0.21,0.24,-0.3047,-0.3047,-0.3047,-0.3047,-0.07,0.04,0.00,26.712137,84.305090,A,1987,1987,1987,1987,2048,2048
25218,IDLE,0.14,0.03,149.95,0.23,0.17,0.04,-0.0552,-0.0552,-0.0552,-0.0552,-0.07,0.02,0.00,26.712137,84.305090,A,2037,2037,2037,2037,2048,2048
25236,IDLE,0.14,0.03,150.15,0.32,0.08,0.15,-0.1939,-0.1939,-0.1939,-0.1939,-0.08,-0.02,0.00,26.712137,84.305090,A,2009,2009,2009,2009,2048,2048
25264,IDLE,0.14,0.03,150.35,0.36,0.03,0.16,-0.2002,-0.2002,-0.2002,-0.2002,-0.08,-0.05,0.00,26.712137,84.305090,A,2008,2008,2008,2008,2048,2048
25285,IDLE,0.15,0.03,150.56,0.21,0.10,0.19,-0.2358,-0.2358,-0.2358,-0.2358,-0.08,-0.04,0.00,26.712137,84.305090,A,2001,2001,2001,2001,2048,2048
25309,IDLE,0.14,0.03,150.76,0.07,0.21,0.08,-0.1069,-0.1069,-0.1069,-0.1069,-0.08,-0.03,0.00,26.712137,84.305090,A,2027,2027,2027,2027,2048,2048
25327,IDLE,0.14,0.04,150.96,-0.11,0.34,0.09,-0.1133,-0.1133,-0.1133,-0.1133,-0.08,-0.04,0.00,26.712137,84.305090,A,2025,2025,2025,2025,2048,2048
25354,IDLE,0.13,0.04,151.15,0.05,0.25,-0.01,0.0062,0.0062,0.0062,0.0062,-0.08,-0.04,0.00,26.712137,84.305090,A,2049,2049,2049,2049,2048,2048
25374,IDLE,0.13,0.04,151.34,0.05,0.19,-0.02,0.0241,0.0241,0.0241,0.0241,-0.08,-0.05,0.00,26.712137,84.305090,A,2053,2053,2053,2053,2048,2048
25399,IDLE,0.13,0.05,151.53,-0.04,0.32,-0.07,0.0759,0.0759,0.0759,0.0759,-0.08,-0.06,0.00,26.712137,84.305090,A,2063,2063,2063,2063,2048,2048
25417,IDLE,0.13,0.05,151.72,-0.01,0.30,-0.01,0.0070,0.0070,0.0070,0.0070,-0.09,-0.09,0.00,26.712137,84.305090,A,2049,2049,2049,2049,2048,2048
25444,IDLE,0.12,0.06,151.92,-0.04,0.28,0.09,-0.1121,-0.1121,-0.1121,-0.1121,-0.09,-0.10,0.00,26.712137,84.305090,A,2026,2026,2026,2026,2048,2048
25465,IDLE,0.12,0.06,152.11,0.04,0.23,0.10,-0.1258,-0.1258,-0.1258,-0.1258,-0.09,-0.10,0.00,26.712137,84.305090,A,2023,2023,2023,2023,2048,2048
25489,IDLE,0.12,0.06,152.30,0.00,0.23,0.07,-0.0846,-0.0846,-0.0846,-0.0846,-0.10,-0.10,0.00,26.712137,84.305090,A,2031,2031,2031,2031,2048,2048
25507,IDLE,0.12,0.06,152.48,0.11,0.12,0.05,-0.0618,-0.0618,-0.0618,-0.0618,-0.10,-0.08,0.00,26.712137,84.305090,A,2036,2036,2036,2036,2048,2048
25534,IDLE,0.12,0.06,152.67,0.07,0.04,0.12,-0.1508,-0.1508,-0.1508,-0.1508,-0.10,-0.07,0.00,26.712137,84.305090,A,2018,2018,2018,2018,2048,2048
25555,IDLE,0.11,0.06,152.86,-0.22,0.02,0.12,-0.1427,-0.1427,-0.1427,-0.1427,-0.10,-0.07,0.00,26.712137,84.305090,A,2019,2019,2019,2019,2048,2048
25579,IDLE,0.10,0.06,153.04,-0.14,0.02,-0.01,0.0175,0.0175,0.0175,0.0175,-0.10,-0.06,0.00,26.712137,84.305090,A,2051,2051,2051,2051,2048,2048
25602,IDLE,0.09,0.06,153.22,-0.28,0.09,-0.00,0.0088,0.0088,0.0088,0.0088,-0.10,-0.05,0.00,26.712137,84.305090,A,2050,2050,2050,2050,2048,2048
25629,IDLE,0.09,0.06,153.40,-0.21,0.16,0.04,-0.0501,-0.0501,-0.0501,-0.0501,-0.10,-0.05,0.00,26.712137,84.305090,A,2038,2038,2038,2038,2048,2048
25649,IDLE,0.08,0.06,153.58,-0.18,0.14,-0.05,0.0624,0.0624,0.0624,0.0624,-0.10,-0.03,0.00,26.712137,84.305090,A,2060,2060,2060,2060,2048,2048
25673,IDLE,0.08,0.06,153.75,-0.03,0.08,0.03,-0.0340,-0.0340,-0.0340,-0.0340,-0.10,-0.02,0.00,26.712137,84.305090,A,2041,2041,2041,2041,2048,2048
25696,IDLE,0.08,0.06,153.93,0.12,-0.03,0.06,-0.0721,-0.0721,-0.0721,-0.0721,-0.10,-0.01,0.00,26.712137,84.305090,A,2034,2034,2034,2034,2048,2048
25723,IDLE,0.08,0.05,154.11,0.21,-0.11,0.20,-0.2479,-0.2479,-0.2479,-0.2479,-0.10,-0.01,0.00,26.712137,84.305090,A,1998,1998,1998,1998,2048,2048
25743,IDLE,0.09,0.04,154.29,0.22,-0.19,0.09,-0.1160,-0.1160,-0.1160,-0.1160,-0.10,-0.02,0.00,26.712137,84.305090,A,2025,2025,2025,2025,2048,2048
25766,IDLE,0.09,0.04,154.46,0.38,-0.22,0.07,-0.0919,-0.0919,-0.0919,-0.0919,-0.10,-0.02,0.00,26.712137,84.305090,A,2030,2030,2030,2030,2048,2048
25789,IDLE,0.10,0.03,154.64,0.49,-0.24,0.11,-0.1407,-0.1407,-0.1407,-0.1407,-0.10,-0.02,0.00,26.712137,84.305090,A,2020,2020,2020,2020,2048,2048
25814,IDLE,0.11,0.02,154.81,0.43,-0.17,-0.00,-0.0054,-0.0054,-0.0054,-0.0054,-0.10,-0.01,0.00,26.712137,84.305090,A,2047,2047,2047,2047,2048,2048
25834,IDLE,0.11,0.02,154.98,0.23,-0.12,0.01,-0.0095,-0.0095,-0.0095,-0.0095,-0.10,-0.02,0.00,26.712137,84.305090,A,2046,2046,2046,2046,2048,2048
25862,IDLE,0.12,0.02,155.15,0.22,-0.15,0.04,-0.0507,-0.0507,-0.0507,-0.0507,-0.10,-0.03,0.00,26.712137,84.305090,A,2038,2038,2038,2038,2048,2048
25889,IDLE,0.12,0.01,155.32,0.17,-0.09,0.25,-0.3076,-0.3076,-0.3076,-0.3076,-0.10,-0.04,0.00,26.712137,84.305090,A,1986,1986,1986,1986,2048,2048
25909,IDLE,0.12,0.01,155.49,0.03,0.03,0.24,-0.2917,-0.2917,-0.2917,-0.2917,-0.10,-0.03,0.00,26.712137,84.305090,A,1990,1990,1990,1990,2048,2048
25932,IDLE,0.11,0.01,155.66,0.04,0.12,0.26,-0.3203,-0.3203,-0.3203,-0.3203,-0.10,-0.02,0.00,26.712137,84.305090,A,1984,1984,1984,1984,2048,2048
25955,IDLE,0.12,0.01,155.83,0.20,0.06,0.29,-0.3621,-0.3621,-0.3621,-0.3621,-0.10,-0.02,0.00,26.712137,84.305090,A,1976,1976,1976,1976,2048,2048
25981,IDLE,0.11,0.01,156.00,-0.02,0.05,0.19,-0.2365,-0.2365,-0.2365,-0.2365,-0.10,-0.02,0.00,26.712137,84.305090,A,2001,2001,2001,2001,2048,2048
26001,IDLE,0.11,0.01,156.17,-0.04,-0.01,0.21,-0.2576,-0.2576,-0.2576,-0.2576,-0.10,-0.01,0.00,26.712137,84.305090,A,1996,1996,1996,1996,2048,2048
26024,IDLE,0.11,0.01,156.33,-0.13,0.01,0.04,-0.0512,-0.0512,-0.0512,-0.0512,-0.10,-0.01,0.00,26.712137,84.305090,A,2038,2038,2038,2038,2048,2048
26046,IDLE,0.11,0.01,156.49,-0.02,0.06,-0.04,0.0470,0.0470,0.0470,0.0470,-0.10,-0.01,0.00,26.712137,84.305090,A,2057,2057,2057,2057,2048,2048
26071,IDLE,0.11,0.01,156.65,0.12,0.01,0.07,-0.0826,-0.0826,-0.0826,-0.0826,-0.10,-0.02,0.00,26.712137,84.305090,A,2031,2031,2031,2031,2048,2048
26091,IDLE,0.11,0.01,156.81,0.01,-0.04,0.11,-0.1390,-0.1390,-0.1390,-0.1390,-0.10,-0.02,0.00,26.712137,84.305090,A,2020,2020,2020,2020,2048,2048
26119,IDLE,0.10,0.01,156.97,0.05,-0.02,0.12,-0.1527,-0.1527,-0.1527,-0.1527,-0.11,-0.02,0.00,26.712137,84.305090,A,2017,2017,2017,2017,2048,2048
26154,IDLE,0.10,0.01,157.13,-0.08,0.02,0.20,-0.2437,-0.2437,-0.2437,-0.2437,-0.10,-0.00,0.00,26.712137,84.305090,A,1999,1999,1999,1999,2048,2048
26181,IDLE,0.10,0.01,157.29,-0.09,0.10,0.22,-0.2658,-0.2658,-0.2658,-0.2658,-0.10,0.01,0.00,26.712137,84.305090,A,1995,1995,1995,1995,2048,2048
26202,IDLE,0.09,0.02,157.45,-0.16,0.27,0.17,-0.2124,-0.2124,-0.2124,-0.2124,-0.10,0.03,0.00,26.712137,84.305090,A,2006,2006,2006,2006,2048,2048
26226,IDLE,0.09,0.03,157.60,-0.13,0.27,0.05,-0.0653,-0.0653,-0.0653,-0.0653,-0.10,0.05,0.00,26.712137,84.305090,A,2035,2035,2035,2035,2048,2048
26249,IDLE,0.08,0.03,157.76,-0.21,0.25,0.13,-0.1530,-0.1530,-0.1530,-0.1530,-0.10,0.04,0.00,26.712137,84.305090,A,2017,2017,2017,2017,2048,2048
26275,IDLE,0.08,0.03,157.91,0.00,0.20,0.09,-0.1158,-0.1158,-0.1158,-0.1158,-0.10,0.04,0.00,26.712137,84.305090,A,2025,2025,2025,2025,2048,2048
26295,IDLE,0.08,0.04,158.06,0.27,0.16,0.04,-0.0529,-0.0529,-0.0529,-0.0529,-0.10,0.04,0.00,26.712137,84.305090,A,2037,2037,2037,2037,2048,2048
26319,IDLE,0.09,0.04,158.21,0.29,0.18,0.00,-0.0135,-0.0135,-0.0135,-0.0135,-0.10,0.04,0.00,26.712137,84.305090,A,2045,2045,2045,2045,2048,2048
26342,IDLE,0.09,0.04,158.36,0.25,0.16,0.07,-0.0993,-0.0993,-0.0993,-0.0993,-0.10,0.03,0.00,26.712137,84.305090,A,2028,2028,2028,2028,2048,2048
26368,IDLE,0.09,0.04,158.51,0.31,0.08,0.14,-0.1836,-0.1836,-0.1836,-0.1836,-0.10,0.03,0.00,26.712137,84.305090,A,2011,2011,2011,2011,2048,2048
26388,IDLE,0.10,0.04,158.65,0.25,0.03,0.03,-0.0468,-0.0468,-0.0468,-0.0468,-0.09,0.03,0.00,26.712137,84.305090,A,2039,2039,2039,2039,2048,2048
26412,IDLE,0.10,0.04,158.80,0.20,0.04,0.01,-0.0123,-0.0123,-0.0123,-0.0123,-0.09,0.03,0.00,26.712137,84.305090,A,2046,2046,2046,2046,2048,2048
26434,IDLE,0.10,0.04,158.94,0.28,0.05,-0.03,0.0243,0.0243,0.0243,0.0243,-0.10,0.01,0.00,26.712137,84.305090,A,2053,2053,2053,2053,2048,2048
26461,IDLE,0.11,0.04,159.08,0.22,0.15,-0.12,0.1381,0.1381,0.1381,0.1381,-0.10,0.00,0.00,26.712137,84.305090,A,2076,2076,2076,2076,2048,2048
26481,IDLE,0.11,0.05,159.22,0.17,0.13,-0.22,0.2607,0.2607,0.2607,0.2607,-0.10,0.01,0.00,26.712137,84.305090,A,2100,2100,2100,2100,2048,2048
26505,IDLE,0.11,0.05,159.36,0.12,0.09,-0.07,0.0767,0.0767,0.0767,0.0767,-0.10,0.01,0.00,26.712137,84.305090,A,2063,2063,2063,2063,2048,2048
26523,IDLE,0.11,0.05,159.50,0.09,0.16,0.03,-0.0369,-0.0369,-0.0369,-0.0369,-0.09,0.01,0.00,26.712137,84.305090,A,2041,2041,2041,2041,2048,2048
26551,IDLE,0.10,0.05,159.63,-0.03,0.23,-0.08,0.0886,0.0886,0.0886,0.0886,-0.09,0.02,0.00,26.712137,84.305090,A,2066,2066,2066,2066,2048,2048
26572,IDLE,0.10,0.06,159.77,0.06,0.12,0.02,-0.0326,-0.0326,-0.0326,-0.0326,-0.09,0.01,0.00,26.712137,84.305090,A,2041,2041,2041,2041,2048,2048
26597,IDLE,0.10,0.06,159.91,0.04,0.10,0.29,-0.3609,-0.3609,-0.3609,-0.3609,-0.10,-0.00,0.00,26.712137,84.305090,A,1976,1976,1976,1976,2048,2048
26615,IDLE,0.10,0.05,160.06,0.11,-0.05,0.39,-0.4829,-0.4829,-0.4829,-0.4829,-0.10,-0.01,0.00,26.712137,84.305090,A,1951,1951,1951,1951,2048,2048
26642,IDLE,0.11,0.05,160.20,0.23,0.05,0.45,-0.5503,-0.5503,-0.5503,-0.5503,-0.10,-0.02,0.00,26.712137,84.305090,A,1938,1938,1938,1938,2048,2048
26663,IDLE,0.11,0.05,160.35,0.37,0.08,0.29,-0.3692,-0.3692,-0.3692,-0.3692,-0.10,-0.02,0.00,26.712137,84.305090,A,1974,1974,1974,1974,2048,2048
26688,IDLE,0.11,0.05,160.48,0.27,0.07,0.28,-0.3439,-0.3439,-0.3439,-0.3439,-0.10,-0.02,0.00,26.712137,84.305090,A,1979,1979,1979,1979,2048,2048
26706,IDLE,0.12,0.05,160.62,0.15,0.06,0.26,-0.3256,-0.3256,-0.3256,-0.3256,-0.10,-0.03,0.00,26.712137,84.305090,A,1983,1983,1983,1983,2048,2048
26733,IDLE,0.12,0.05,160.76,0.10,0.05,0.30,-0.3656,-0.3656,-0.3656,-0.3656,-0.10,-0.03,0.00,26.712137,84.305090,A,1975,1975,1975,1975,2048,2048
26753,IDLE,0.11,0.05,160.89,-0.04,0.06,0.14,-0.1754,-0.1754,-0.1754,-0.1754,-0.10,-0.01,0.00,26.712137,84.305090,A,2013,2013,2013,2013,2048,2048
26778,IDLE,0.11,0.05,161.02,0.08,0.09,-0.05,0.0633,0.0633,0.0633,0.0633,-0.10,-0.00,0.00,26.712137,84.305090,A,2061,2061,2061,2061,2048,2048
26795,IDLE,0.11,0.06,161.15,0.14,0.17,0.11,-0.1445,-0.1445,-0.1445,-0.1445,-0.10,-0.02,0.00,26.712137,84.305090,A,2019,2019,2019,2019,2048,2048
26822,IDLE,0.11,0.06,161.28,0.20,0.18,0.11,-0.1377,-0.1377,-0.1377,-0.1377,-0.10,-0.04,0.00,26.712137,84.305090,A,2020,2020,2020,2020,2048,2048
26843,IDLE,0.11,0.06,161.41,0.02,0.19,0.05,-0.0647,-0.0647,-0.0647,-0.0647,-0.10,-0.05,0.00,26.712137,84.305090,A,2035,2035,2035,2035,2048,2048
26867,IDLE,0.11,0.06,161.54,0.17,0.09,0.02,-0.0346,-0.0346,-0.0346,-0.0346,-0.11,-0.06,0.00,26.712137,84.305090,A,2041,2041,2041,2041,2048,2048
26890,IDLE,0.11,0.07,161.66,0.16,0.20,-0.12,0.1438,0.1438,0.1438,0.1438,-0.11,-0.05,0.00,26.712137,84.305090,A,2077,2077,2077,2077,2048,2048
26916,IDLE,0.11,0.07,161.78,0.19,0.17,-0.14,0.1595,0.1595,0.1595,0.1595,-0.11,-0.05,0.00,26.712137,84.305090,A,2080,2080,2080,2080,2048,2048
26937,IDLE,0.11,0.07,161.90,0.00,0.12,-0.26,0.3116,0.3116,0.3116,0.3116,-0.11,-0.05,0.00,26.712137,84.305090,A,2110,2110,2110,2110,2048,2048
26969,IDLE,0.11,0.07,162.01,-0.02,0.09,-0.18,0.2157,0.2157,0.2157,0.2157,-0.11,-0.06,0.00,26.712137,84.305090,A,2091,2091,2091,2091,2048,2048
26994,IDLE,0.11,0.07,162.13,0.04,0.07,-0.15,0.1786,0.1786,0.1786,0.1786,-0.11,-0.07,0.00,26.712137,84.305090,A,2084,2084,2084,2084,2048,2048
27013,IDLE,0.11,0.07,162.25,0.13,0.02,-0.08,0.0983,0.0983,0.0983,0.0983,-0.11,-0.07,0.00,26.712137,84.305090,A,2068,2068,2068,2068,2048,2048
27040,IDLE,0.11,0.07,162.37,0.20,-0.04,0.01,-0.0132,-0.0132,-0.0132,-0.0132,-0.11,-0.06,0.00,26.712137,84.305090,A,2045,2045,2045,2045,2048,2048
27062,IDLE,0.11,0.06,162.49,0.29,-0.20,0.03,-0.0449,-0.0449,-0.0449,-0.0449,-0.12,-0.05,0.00,26.712137,84.305090,A,2039,2039,2039,2039,2048,2048
27087,IDLE,0.12,0.06,162.61,0.30,-0.09,0.13,-0.1680,-0.1680,-0.1680,-0.1680,-0.12,-0.04,0.00,26.712137,84.305090,A,2014,2014,2014,2014,2048,2048
27105,IDLE,0.12,0.06,162.73,0.09,-0.01,0.09,-0.1156,-0.1156,-0.1156,-0.1156,-0.12,-0.03,0.00,26.712137,84.305090,A,2025,2025,2025,2025,2048,2048
27133,IDLE,0.12,0.05,162.85,0.11,-0.05,0.04,-0.0552,-0.0552,-0.0552,-0.0552,-0.12,-0.03,0.00,26.712137,84.305090,A,2037,2037,2037,2037,2048,2048
27154,IDLE,0.12,0.05,162.97,0.12,0.13,0.07,-0.0911,-0.0911,-0.0911,-0.0911,-0.11,-0.01,0.00,26.712137,84.305090,A,2030,2030,2030,2030,2048,2048
27178,IDLE,0.11,0.06,163.08,-0.03,0.28,-0.03,0.0356,0.0356,0.0356,0.0356,-0.11,-0.00,0.00,26.712137,84.305090,A,2055,2055,2055,2055,2048,2048
27196,IDLE,0.11,0.06,163.20,-0.04,0.32,-0.08,0.0942,0.0942,0.0942,0.0942,-0.11,0.03,0.00,26.712137,84.305090,A,2067,2067,2067,2067,2048,2048
27223,IDLE,0.11,0.06,163.31,0.12,0.08,-0.14,0.1718,0.1718,0.1718,0.1718,-0.11,0.04,0.00,26.712137,84.305090,A,2082,2082,2082,2082,2048,2048
27244,IDLE,0.11,0.06,163.42,0.15,0.19,-0.09,0.1029,0.1029,0.1029,0.1029,-0.11,0.07,0.00,26.712137,84.305090,A,2069,2069,2069,2069,2048,2048
27269,IDLE,0.11,0.06,163.53,0.17,0.09,-0.08,0.0927,0.0927,0.0927,0.0927,-0.10,0.08,0.00,26.712137,84.305090,A,2067,2067,2067,2067,2048,2048
27287,IDLE,0.11,0.06,163.64,0.18,0.07,-0.12,0.1370,0.1370,0.1370,0.1370,-0.10,0.09,0.00,26.712137,84.305090,A,2075,2075,2075,2075,2048,2048
27310,IDLE,0.12,0.06,163.75,0.34,0.02,-0.05,0.0479,0.0479,0.0479,0.0479,-0.10,0.09,0.00,26.712137,84.305090,A,2058,2058,2058,2058,2048,2048
27332,IDLE,0.13,0.06,163.86,0.44,-0.07,0.06,-0.0815,-0.0815,-0.0815,-0.0815,-0.10,0.08,0.00,26.712137,84.305090,A,2032,2032,2032,2032,2048,2048
27357,IDLE,0.13,0.05,163.97,0.37,-0.12,-0.02,0.0174,0.0174,0.0174,0.0174,-0.10,0.07,0.00,26.712137,84.305090,A,2051,2051,2051,2051,2048,2048
27377,IDLE,0.14,0.05,164.08,0.50,-0.17,-0.05,0.0568,0.0568,0.0568,0.0568,-0.10,0.07,0.00,26.712137,84.305090,A,2059,2059,2059,2059,2048,2048
27400,IDLE,0.14,0.04,164.18,0.45,-0.16,-0.04,0.0431,0.0431,0.0431,0.0431,-0.09,0.07,0.00,26.712137,84.305090,A,2057,2057,2057,2057,2048,2048
27422,IDLE,0.15,0.04,164.29,0.36,-0.05,0.06,-0.0842,-0.0842,-0.0842,-0.0842,-0.10,0.04,0.00,26.712137,84.305090,A,2031,2031,2031,2031,2048,2048
27448,IDLE,0.15,0.04,164.40,0.44,0.06,-0.02,0.0123,0.0123,0.0123,0.0123,-0.10,0.02,0.00,26.712137,84.305090,A,2050,2050,2050,2050,2048,2048
27468,IDLE,0.16,0.04,164.50,0.37,0.03,-0.10,0.1153,0.1153,0.1153,0.1153,-0.10,0.01,0.00,26.712137,84.305090,A,2071,2071,2071,2071,2048,2048
27492,IDLE,0.16,0.04,164.60,0.38,0.05,-0.16,0.1808,0.1808,0.1808,0.1808,-0.10,-0.01,0.00,26.712137,84.305090,A,2084,2084,2084,2084,2048,2048
27510,IDLE,0.16,0.04,164.70,0.16,0.04,-0.19,0.2268,0.2268,0.2268,0.2268,-0.10,-0.05,0.00,26.712137,84.305090,A,2093,2093,2093,2093,2048,2048
27536,IDLE,0.16,0.04,164.80,0.13,0.11,-0.21,0.2559,0.2559,0.2559,0.2559,-0.11,-0.07,0.00,26.712137,84.305090,A,2099,2099,2099,2099,2048,2048
27557,IDLE,0.16,0.05,164.90,0.15,0.20,-0.18,0.2121,0.2121,0.2121,0.2121,-0.11,-0.08,0.00,26.712137,84.305090,A,2090,2090,2090,2090,2048,2048
27581,IDLE,0.16,0.05,165.00,0.21,0.22,0.01,-0.0166,-0.0166,-0.0166,-0.0166,-0.11,-0.09,0.00,26.712137,84.305090,A,2045,2045,2045,2045,2048,2048
27600,IDLE,0.16,0.05,165.11,0.23,0.17,0.13,-0.1618,-0.1618,-0.1618,-0.1618,-0.11,-0.09,0.00,26.712137,84.305090,A,2016,2016,2016,2016,2048,2048
27627,IDLE,0.16,0.05,165.21,0.23,0.01,0.08,-0.1060,-0.1060,-0.1060,-0.1060,-0.12,-0.09,0.00,26.712137,84.305090,A,2027,2027,2027,2027,2048,2048
27648,IDLE,0.16,0.05,165.31,0.23,0.12,0.12,-0.1487,-0.1487,-0.1487,-0.1487,-0.12,-0.10,0.00,26.712137,84.305090,A,2018,2018,2018,2018,2048,2048
27672,IDLE,0.16,0.05,165.41,0.28,0.03,0.16,-0.2048,-0.2048,-0.2048,-0.2048,-0.12,-0.10,0.00,26.712137,84.305090,A,2007,2007,2007,2007,2048,2048
27690,IDLE,0.16,0.05,165.51,0.23,0.03,0.11,-0.1356,-0.1356,-0.1356,-0.1356,-0.12,-0.10,0.00,26.712137,84.305090,A,2021,2021,2021,2021,2048,2048
27717,IDLE,0.16,0.06,165.61,0.14,0.14,0.05,-0.0723,-0.0723,-0.0723,-0.0723,-0.12,-0.10,0.00,26.712137,84.305090,A,2034,2034,2034,2034,2048,2048
27737,IDLE,0.16,0.06,165.71,0.12,0.07,0.02,-0.0232,-0.0232,-0.0232,-0.0232,-0.12,-0.08,0.00,26.712137,84.305090,A,2043,2043,2043,2043,2048,2048
27761,IDLE,0.16,0.05,165.81,0.10,0.07,0.02,-0.0263,-0.0263,-0.0263,-0.0263,-0.13,-0.07,0.00,26.712137,84.305090,A,2043,2043,2043,2043,2048,2048
27784,IDLE,0.16,0.05,165.90,0.21,-0.01,0.03,-0.0450,-0.0450,-0.0450,-0.0450,-0.13,-0.07,0.00,26.712137,84.305090,A,2039,2039,2039,2039,2048,2048
27811,IDLE,0.16,0.05,166.00,0.21,-0.03,0.02,-0.0290,-0.0290,-0.0290,-0.0290,-0.13,-0.07,0.00,26.712137,84.305090,A,2042,2042,2042,2042,2048,2048
27831,IDLE,0.16,0.05,166.10,0.15,-0.06,0.08,-0.0951,-0.0951,-0.0951,-0.0951,-0.13,-0.05,0.00,26.712137,84.305090,A,2029,2029,2029,2029,2048,2048
27854,IDLE,0.15,0.05,166.19,0.02,0.05,0.10,-0.1185,-0.1185,-0.1185,-0.1185,-0.13,-0.03,0.00,26.712137,84.305090,A,2024,2024,2024,2024,2048,2048
27877,IDLE,0.16,0.04,166.29,0.20,-0.05,0.12,-0.1524,-0.1524,-0.1524,-0.1524,-0.12,-0.01,0.00,26.712137,84.305090,A,2018,2018,2018,2018,2048,2048
27903,IDLE,0.16,0.04,166.38,0.21,-0.13,0.16,-0.2032,-0.2032,-0.2032,-0.2032,-0.12,0.01,0.00,26.712137,84.305090,A,2007,2007,2007,2007,2048,2048
27922,IDLE,0.15,0.03,166.48,0.15,-0.07,0.18,-0.2178,-0.2178,-0.2178,-0.2178,-0.12,0.03,0.00,26.712137,84.305090,A,2004,2004,2004,2004,2048,2048
27945,IDLE,0.15,0.03,166.58,0.14,-0.06,0.19,-0.2386,-0.2386,-0.2386,-0.2386,-0.12,0.04,0.00,26.712137,84.305090,A,2000,2000,2000,2000,2048,2048
27967,IDLE,0.15,0.03,166.67,0.19,-0.08,0.17,-0.2053,-0.2053,-0.2053,-0.2053,-0.12,0.06,0.00,26.712137,84.305090,A,2007,2007,2007,2007,2048,2048
27993,IDLE,0.15,0.03,166.76,0.18,-0.09,0.15,-0.1835,-0.1835,-0.1835,-0.1835,-0.11,0.07,0.00,26.712137,84.305090,A,2011,2011,2011,2011,2048,2048
28012,IDLE,0.15,0.02,166.86,0.04,-0.12,0.14,-0.1659,-0.1659,-0.1659,-0.1659,-0.11,0.07,0.00,26.712137,84.305090,A,2015,2015,2015,2015,2048,2048
28040,IDLE,0.15,0.02,166.95,0.13,-0.02,0.08,-0.1047,-0.1047,-0.1047,-0.1047,-0.11,0.06,0.00,26.712137,84.305090,A,2027,2027,2027,2027,2048,2048
28061,IDLE,0.15,0.02,167.04,0.08,-0.10,0.04,-0.0446,-0.0446,-0.0446,-0.0446,-0.11,0.04,0.00,26.712137,84.305090,A,2039,2039,2039,2039,2048,2048
28087,IDLE,0.14,0.01,167.12,0.14,-0.04,0.06,-0.0810,-0.0810,-0.0810,-0.0810,-0.11,0.03,0.00,26.712137,84.305090,A,2032,2032,2032,2032,2048,2048
28105,IDLE,0.14,0.01,167.21,-0.06,-0.03,0.08,-0.0982,-0.0982,-0.0982,-0.0982,-0.11,0.01,0.00,26.712137,84.305090,A,2028,2028,2028,2028,2048,2048
28140,IDLE,0.13,0.01,167.30,-0.12,0.02,-0.01,0.0133,0.0133,0.0133,0.0133,-0.12,-0.01,0.00,26.712137,84.305090,A,2051,2051,2051,2051,2048,2048
28168,IDLE,0.13,0.02,167.38,-0.09,0.17,-0.07,0.0868,0.0868,0.0868,0.0868,-0.12,-0.03,0.00,26.712137,84.305090,A,2065,2065,2065,2065,2048,2048
28189,IDLE,0.12,0.02,167.47,-0.16,0.01,-0.06,0.0753,0.0753,0.0753,0.0753,-0.12,-0.03,0.00,26.712137,84.305090,A,2063,2063,2063,2063,2048,2048
28215,IDLE,0.11,0.02,167.55,-0.13,0.09,-0.13,0.1586,0.1586,0.1586,0.1586,-0.12,-0.03,0.00,26.712137,84.305090,A,2080,2080,2080,2080,2048,2048
28234,IDLE,0.10,0.02,167.63,-0.20,0.13,-0.23,0.2813,0.2813,0.2813,0.2813,-0.12,-0.03,0.00,26.712137,84.305090,A,2104,2104,2104,2104,2048,2048
28257,IDLE,0.10,0.02,167.71,-0.10,0.03,-0.25,0.3128,0.3128,0.3128,0.3128,-0.12,-0.02,0.00,26.712137,84.305090,A,2111,2111,2111,2111,2048,2048
28279,IDLE,0.09,0.02,167.79,-0.24,0.04,-0.24,0.2969,0.2969,0.2969,0.2969,-0.12,-0.03,0.00,26.712137,84.305090,A,2107,2107,2107,2107,2048,2048
28305,IDLE,0.08,0.02,167.86,-0.22,0.08,-0.26,0.3221,0.3221,0.3221,0.3221,-0.12,-0.04,0.00,26.712137,84.305090,A,2112,2112,2112,2112,2048,2048
28324,IDLE,0.08,0.02,167.94,-0.05,0.05,-0.25,0.3013,0.3013,0.3013,0.3013,-0.12,-0.04,0.00,26.712137,84.305090,A,2108,2108,2108,2108,2048,2048
28348,IDLE,0.08,0.02,168.02,-0.08,-0.00,-0.24,0.2917,0.2917,0.2917,0.2917,-0.13,-0.05,0.00,26.712137,84.305090,A,2106,2106,2106,2106,2048,2048
28370,IDLE,0.07,0.02,168.10,-0.09,0.04,-0.07,0.0918,0.0918,0.0918,0.0918,-0.13,-0.04,0.00,26.712137,84.305090,A,2066,2066,2066,2066,2048,2048
28396,IDLE,0.07,0.02,168.17,-0.05,0.04,-0.12,0.1519,0.1519,0.1519,0.1519,-0.13,-0.03,0.00,26.712137,84.305090,A,2078,2078,2078,2078,2048,2048
28416,IDLE,0.07,0.02,168.25,-0.04,-0.10,-0.12,0.1491,0.1491,0.1491,0.1491,-0.12,-0.02,0.00,26.712137,84.305090,A,2078,2078,2078,2078,2048,2048
28439,IDLE,0.06,0.02,168.33,-0.12,-0.05,-0.08,0.0953,0.0953,0.0953,0.0953,-0.12,-0.01,0.00,26.712137,84.305090,A,2067,2067,2067,2067,2048,2048
28462,IDLE,0.06,0.02,168.41,-0.02,0.05,0.04,-0.0504,-0.0504,-0.0504,-0.0504,-0.12,0.01,0.00,26.712137,84.305090,A,2038,2038,2038,2038,2048,2048
28488,IDLE,0.06,0.02,168.49,0.01,0.02,-0.03,0.0324,0.0324,0.0324,0.0324,-0.12,0.02,0.00,26.712137,84.305090,A,2054,2054,2054,2054,2048,2048
28508,IDLE,0.06,0.02,168.56,0.08,-0.00,-0.08,0.1006,0.1006,0.1006,0.1006,-0.12,0.04,0.00,26.712137,84.305090,A,2068,2068,2068,2068,2048,2048
28532,IDLE,0.06,0.02,168.64,0.21,-0.12,-0.16,0.1878,0.1878,0.1878,0.1878,-0.12,0.05,0.00,26.712137,84.305090,A,2086,2086,2086,2086,2048,2048
28554,IDLE,0.06,0.01,168.71,0.06,-0.04,-0.04,0.0489,0.0489,0.0489,0.0489,-0.12,0.05,0.00,26.712137,84.305090,A,2058,2058,2058,2058,2048,2048
28581,IDLE,0.07,0.01,168.79,0.24,0.06,-0.14,0.1687,0.1687,0.1687,0.1687,-0.12,0.05,0.00,26.712137,84.305090,A,2082,2082,2082,2082,2048,2048
28602,IDLE,0.08,0.02,168.86,0.44,0.12,-0.15,0.1740,0.1740,0.1740,0.1740,-0.12,0.04,0.00,26.712137,84.305090,A,2083,2083,2083,2083,2048,2048
28626,IDLE,0.08,0.02,168.93,0.19,0.15,-0.10,0.1165,0.1165,0.1165,0.1165,-0.12,0.03,0.00,26.712137,84.305090,A,2071,2071,2071,2071,2048,2048
28644,IDLE,0.08,0.02,169.01,0.04,0.13,-0.07,0.0763,0.0763,0.0763,0.0763,-0.12,0.02,0.00,26.712137,84.305090,A,2063,2063,2063,2063,2048,2048
28672,IDLE,0.08,0.02,169.08,0.25,0.10,-0.01,0.0101,0.0101,0.0101,0.0101,-0.12,0.01,0.00,26.712137,84.305090,A,2050,2050,2050,2050,2048,2048
28693,IDLE,0.08,0.03,169.16,0.09,0.13,0.07,-0.0872,-0.0872,-0.0872,-0.0872,-0.12,0.02,0.00,26.712137,84.305090,A,2031,2031,2031,2031,2048,2048
28719,IDLE,0.09,0.03,169.23,0.26,0.21,0.08,-0.1040,-0.1040,-0.1040,-0.1040,-0.11,0.02,0.00,26.712137,84.305090,A,2027,2027,2027,2027,2048,2048
28738,IDLE,0.09,0.04,169.31,0.15,0.27,0.12,-0.1568,-0.1568,-0.1568,-0.1568,-0.11,0.02,0.00,26.712137,84.305090,A,2017,2017,2017,2017,2048,2048
28761,IDLE,0.09,0.04,169.38,0.24,0.20,-0.02,0.0135,0.0135,0.0135,0.0135,-0.11,0.02,0.00,26.712137,84.305090,A,2051,2051,2051,2051,2048,2048
28782,IDLE,0.09,0.04,169.45,0.22,0.24,0.07,-0.1000,-0.1000,-0.1000,-0.1000,-0.11,0.04,0.00,26.712137,84.305090,A,2028,2028,2028,2028,2048,2048
28808,IDLE,0.09,0.05,169.53,0.11,0.21,0.09,-0.1218,-0.1218,-0.1218,-0.1218,-0.11,0.05,0.00,26.712137,84.305090,A,2024,2024,2024,2024,2048,2048
28827,IDLE,0.10,0.05,169.60,0.22,0.20,0.17,-0.2156,-0.2156,-0.2156,-0.2156,-0.11,0.04,0.00,26.712137,84.305090,A,2005,2005,2005,2005,2048,2048
28850,IDLE,0.10,0.05,169.67,0.17,0.14,0.09,-0.1169,-0.1169,-0.1169,-0.1169,-0.11,0.04,0.00,26.712137,84.305090,A,2025,2025,2025,2025,2048,2048
28872,IDLE,0.10,0.05,169.74,0.21,0.18,0.06,-0.0830,-0.0830,-0.0830,-0.0830,-0.11,0.05,0.00,26.712137,84.305090,A,2031,2031,2031,2031,2048,2048
28898,IDLE,0.10,0.06,169.81,0.19,0.19,0.03,-0.0484,-0.0484,-0.0484,-0.0484,-0.11,0.05,0.00,26.712137,84.305090,A,2038,2038,2038,2038,2048,2048
28917,IDLE,0.11,0.06,169.89,0.28,0.07,0.08,-0.1069,-0.1069,-0.1069,-0.1069,-0.11,0.05,0.00,26.712137,84.305090,A,2027,2027,2027,2027,2048,2048
28940,IDLE,0.11,0.06,169.95,0.29,0.08,0.06,-0.0860,-0.0860,-0.0860,-0.0860,-0.10,0.05,0.00,26.712137,84.305090,A,2031,2031,2031,2031,2048,2048
28970,IDLE,0.10,0.05,170.02,-0.02,0.04,-0.01,0.0162,0.0162,0.0162,0.0162,-0.10,0.06,0.00,26.712137,84.305090,A,2051,2051,2051,2051,2048,2048
28998,IDLE,0.10,0.06,170.09,-0.01,0.16,-0.09,0.1013,0.1013,0.1013,0.1013,-0.10,0.06,0.00,26.712138,84.305088,A,2068,2068,2068,2068,2048,2048
29019,IDLE,0.10,0.06,170.16,0.02,0.08,0.07,-0.0868,-0.0868,-0.0868,-0.0868,-0.10,0.05,0.00,26.712138,84.305088,A,2031,2031,2031,2031,2048,2048
29044,IDLE,0.09,0.06,170.22,-0.15,0.10,0.04,-0.0498,-0.0498,-0.0498,-0.0498,-0.10,0.04,0.00,26.712138,84.305088,A,2038,2038,2038,2038,2048,2048
29063,IDLE,0.09,0.05,170.29,-0.14,0.01,0.13,-0.1559,-0.1559,-0.1559,-0.1559,-0.10,0.03,0.00,26.712138,84.305088,A,2017,2017,2017,2017,2048,2048
29091,IDLE,0.08,0.05,170.36,-0.25,0.04,0.13,-0.1590,-0.1590,-0.1590,-0.1590,-0.10,0.03,0.00,26.712138,84.305088,A,2016,2016,2016,2016,2048,2048
29112,IDLE,0.07,0.05,170.43,-0.32,-0.09,0.16,-0.1863,-0.1863,-0.1863,-0.1863,-0.10,0.03,0.00,26.712138,84.305088,A,2011,2011,2011,2011,2048,2048
29137,IDLE,0.07,0.05,170.50,-0.17,-0.07,0.19,-0.2210,-0.2210,-0.2210,-0.2210,-0.10,0.03,0.00,26.712138,84.305088,A,2004,2004,2004,2004,2048,2048
29155,IDLE,0.06,0.04,170.57,-0.09,-0.07,0.08,-0.0987,-0.0987,-0.0987,-0.0987,-0.10,0.02,0.00,26.712138,84.305088,A,2028,2028,2028,2028,2048,2048
29183,IDLE,0.06,0.04,170.63,0.02,-0.13,0.04,-0.0453,-0.0453,-0.0453,-0.0453,-0.10,0.02,0.00,26.712138,84.305088,A,2039,2039,2039,2039,2048,2048
29203,IDLE,0.06,0.04,170.69,0.02,-0.07,-0.15,0.1877,0.1877,0.1877,0.1877,-0.10,0.01,0.00,26.712138,84.305088,A,2086,2086,2086,2086,2048,2048
29228,IDLE,0.06,0.04,170.75,-0.06,0.06,-0.18,0.2141,0.2141,0.2141,0.2141,-0.10,-0.00,0.00,26.712138,84.305088,A,2091,2091,2091,2091,2048,2048
29246,IDLE,0.05,0.04,170.81,-0.23,0.02,-0.18,0.2280,0.2280,0.2280,0.2280,-0.10,-0.01,0.00,26.712138,84.305088,A,2094,2094,2094,2094,2048,2048
29273,IDLE,0.05,0.04,170.87,-0.06,0.11,-0.19,0.2358,0.2358,0.2358,0.2358,-0.10,-0.02,0.00,26.712138,84.305088,A,2095,2095,2095,2095,2048,2048
29294,IDLE,0.04,0.04,170.93,-0.10,0.06,-0.12,0.1533,0.1533,0.1533,0.1533,-0.10,-0.02,0.00,26.712138,84.305088,A,2079,2079,2079,2079,2048,2048
29319,IDLE,0.04,0.04,170.99,-0.23,0.04,-0.12,0.1456,0.1456,0.1456,0.1456,-0.10,-0.03,0.00,26.712138,84.305088,A,2077,2077,2077,2077,2048,2048
29337,IDLE,0.03,0.04,171.04,-0.27,0.00,-0.17,0.2186,0.2186,0.2186,0.2186,-0.10,-0.01,0.00,26.712138,84.305088,A,2092,2092,2092,2092,2048,2048
29365,IDLE,0.03,0.03,171.10,-0.09,-0.01,-0.01,0.0129,0.0129,0.0129,0.0129,-0.10,-0.00,0.00,26.712138,84.305088,A,2051,2051,2051,2051,2048,2048
29386,IDLE,0.03,0.03,171.16,-0.04,-0.01,0.03,-0.0336,-0.0336,-0.0336,-0.0336,-0.10,0.02,0.00,26.712138,84.305088,A,2041,2041,2041,2041,2048,2048
29411,IDLE,0.03,0.03,171.23,0.27,-0.02,0.14,-0.1808,-0.1808,-0.1808,-0.1808,-0.10,0.03,0.00,26.712138,84.305088,A,2012,2012,2012,2012,2048,2048
29429,IDLE,0.04,0.03,171.29,0.32,0.10,0.06,-0.0822,-0.0822,-0.0822,-0.0822,-0.10,0.04,0.00,26.712138,84.305088,A,2032,2032,2032,2032,2048,2048
29457,IDLE,0.05,0.03,171.35,0.42,-0.07,0.19,-0.2437,-0.2437,-0.2437,-0.2437,-0.10,0.05,0.00,26.712138,84.305088,A,1999,1999,1999,1999,2048,2048
29478,IDLE,0.05,0.03,171.41,0.30,-0.07,0.04,-0.0554,-0.0554,-0.0554,-0.0554,-0.09,0.05,0.00,26.712138,84.305088,A,2037,2037,2037,2037,2048,2048
29502,IDLE,0.05,0.03,171.47,0.15,-0.02,0.08,-0.1009,-0.1009,-0.1009,-0.1009,-0.09,0.05,0.00,26.712138,84.305088,A,2028,2028,2028,2028,2048,2048
29520,IDLE,0.05,0.03,171.53,0.01,0.08,0.01,-0.0188,-0.0188,-0.0188,-0.0188,-0.09,0.06,0.00,26.712138,84.305088,A,2044,2044,2044,2044,2048,2048
29547,IDLE,0.05,0.03,171.59,0.05,0.10,0.05,-0.0598,-0.0598,-0.0598,-0.0598,-0.09,0.06,0.00,26.712138,84.305088,A,2036,2036,2036,2036,2048,2048
29568,IDLE,0.04,0.03,171.65,-0.20,0.05,0.15,-0.1742,-0.1742,-0.1742,-0.1742,-0.09,0.08,0.00,26.712138,84.305088,A,2013,2013,2013,2013,2048,2048
29593,IDLE,0.04,0.04,171.71,-0.15,0.10,0.16,-0.1986,-0.1986,-0.1986,-0.1986,-0.08,0.10,0.00,26.712138,84.305088,A,2008,2008,2008,2008,2048,2048
29611,IDLE,0.04,0.04,171.77,-0.02,0.18,0.13,-0.1675,-0.1675,-0.1675,-0.1675,-0.08,0.09,0.00,26.712138,84.305088,A,2015,2015,2015,2015,2048,2048
29638,IDLE,0.04,0.04,171.82,-0.02,0.12,0.03,-0.0335,-0.0335,-0.0335,-0.0335,-0.08,0.08,0.00,26.712138,84.305088,A,2041,2041,2041,2041,2048,2048
29658,IDLE,0.04,0.04,171.88,0.15,-0.01,-0.02,0.0203,0.0203,0.0203,0.0203,-0.08,0.08,0.00,26.712138,84.305088,A,2052,2052,2052,2052,2048,2048
29682,IDLE,0.04,0.04,171.93,-0.07,0.01,-0.07,0.0815,0.0815,0.0815,0.0815,-0.08,0.07,0.00,26.712138,84.305088,A,2064,2064,2064,2064,2048,2048
29700,IDLE,0.04,0.04,171.98,0.02,-0.04,-0.05,0.0657,0.0657,0.0657,0.0657,-0.08,0.07,0.00,26.712138,84.305088,A,2061,2061,2061,2061,2048,2048
29728,IDLE,0.04,0.04,172.03,0.09,-0.07,-0.15,0.1781,0.1781,0.1781,0.1781,-0.08,0.06,0.00,26.712138,84.305088,A,2084,2084,2084,2084,2048,2048
29748,IDLE,0.04,0.03,172.08,0.07,-0.13,-0.16,0.1901,0.1901,0.1901,0.1901,-0.08,0.07,0.00,26.712138,84.305088,A,2086,2086,2086,2086,2048,2048
29773,IDLE,0.04,0.03,172.14,-0.01,-0.24,-0.11,0.1425,0.1425,0.1425,0.1425,-0.07,0.08,0.00,26.712138,84.305088,A,2077,2077,2077,2077,2048,2048
29792,IDLE,0.03,0.02,172.19,-0.14,-0.10,0.03,-0.0318,-0.0318,-0.0318,-0.0318,-0.07,0.07,0.00,26.712138,84.305088,A,2042,2042,2042,2042,2048,2048
29819,IDLE,0.03,0.02,172.24,-0.04,-0.05,-0.06,0.0691,0.0691,0.0691,0.0691,-0.07,0.07,0.00,26.712138,84.305088,A,2062,2062,2062,2062,2048,2048
29841,IDLE,0.03,0.02,172.29,-0.02,-0.06,-0.09,0.1165,0.1165,0.1165,0.1165,-0.07,0.07,0.00,26.712138,84.305088,A,2071,2071,2071,2071,2048,2048
29866,IDLE,0.03,0.01,172.34,0.18,-0.25,0.05,-0.0610,-0.0610,-0.0610,-0.0610,-0.07,0.06,0.00,26.712138,84.305088,A,2036,2036,2036,2036,2048,2048
29884,IDLE,0.04,0.01,172.40,0.22,-0.12,-0.01,0.0092,0.0092,0.0092,0.0092,-0.07,0.05,0.00,26.712138,84.305088,A,2050,2050,2050,2050,2048,2048
29912,IDLE,0.04,0.01,172.45,0.36,-0.12,0.16,-0.2034,-0.2034,-0.2034,-0.2034,-0.07,0.04,0.00,26.712138,84.305088,A,2007,2007,2007,2007,2048,2048
29933,IDLE,0.05,0.01,172.50,0.15,0.07,0.04,-0.0507,-0.0507,-0.0507,-0.0507,-0.07,0.03,0.00,26.712138,84.305088,A,2038,2038,2038,2038,2048,2048
29958,IDLE,0.05,0.01,172.55,0.02,0.12,-0.14,0.1733,0.1733,0.1733,0.1733,-0.07,0.03,0.00,26.712138,84.305088,A,2083,2083,2083,2083,2048,2048
29977,IDLE,0.04,0.01,172.60,-0.03,-0.01,-0.18,0.2204,0.2204,0.2204,0.2204,-0.07,0.02,0.00,26.712138,84.305088,A,2092,2092,2092,2092,2048,2048
30005,IDLE,0.05,0.01,172.65,0.16,-0.05,-0.08,0.0942,0.0942,0.0942,0.0942,-0.07,0.01,0.00,26.712138,84.305088,A,2067,2067,2067,2067,2048,2048
30027,IDLE,0.05,0.00,172.70,0.30,-0.14,0.08,-0.1071,-0.1071,-0.1071,-0.1071,-0.07,0.01,0.00,26.712138,84.305088,M,2027,2027,2027,2027,2048,2048
30052,IDLE,0.06,-0.00,172.75,0.40,-0.24,0.01,-0.0198,-0.0198,-0.0198,-0.0198,-0.07,0.01,0.00,26.712138,84.305088,M,2044,2044,2044,2044,2048,2048
30071,IDLE,0.07,-0.01,172.80,0.34,-0.17,0.09,-0.1195,-0.1195,-0.1195,-0.1195,-0.07,0.00,0.00,26.712138,84.305088,M,2024,2024,2024,2024,2048,2048
30099,IDLE,0.07,-0.01,172.85,0.34,-0.18,0.28,-0.3477,-0.3477,-0.3477,-0.3477,-0.07,-0.00,0.00,26.712138,84.305088,M,1978,1978,1978,1978,2048,2048
30121,IDLE,0.08,-0.02,172.91,0.27,-0.11,0.16,-0.1968,-0.1968,-0.1968,-0.1968,-0.07,0.01,0.00,26.712138,84.305088,M,2009,2009,2009,2009,2048,2048
30155,IDLE,0.08,-0.02,172.96,0.21,-0.02,0.10,-0.1273,-0.1273,-0.1273,-0.1273,-0.07,0.02,0.00,26.712138,84.305088,M,2023,2023,2023,2023,2048,2048
30180,IDLE,0.08,-0.01,173.00,0.19,0.01,-0.01,0.0030,0.0030,0.0030,0.0030,-0.07,0.03,0.00,26.712138,84.305088,M,2049,2049,2049,2049,2048,2048
30198,IDLE,0.09,-0.02,173.05,0.25,-0.04,-0.03,0.0354,0.0354,0.0354,0.0354,-0.07,0.04,0.00,26.712138,84.305088,M,2055,2055,2055,2055,2048,2048
30226,IDLE,0.09,-0.02,173.09,0.07,-0.03,-0.19,0.2262,0.2262,0.2262,0.2262,-0.06,0.04,0.00,26.712138,84.305088,M,2093,2093,2093,2093,2048,2048
30248,IDLE,0.09,-0.02,173.14,0.17,-0.06,-0.17,0.2043,0.2043,0.2043,0.2043,-0.06,0.06,0.00,26.712138,84.305088,M,2089,2089,2089,2089,2048,2048
30273,IDLE,0.09,-0.02,173.18,0.13,0.05,-0.17,0.2021,0.2021,0.2021,0.2021,-0.06,0.06,0.00,26.712138,84.305088,M,2088,2088,2088,2088,2048,2048
30292,IDLE,0.09,-0.02,173.22,0.10,-0.01,-0.05,0.0600,0.0600,0.0600,0.0600,-0.06,0.09,0.00,26.712138,84.305088,M,2060,2060,2060,2060,2048,2048
30315,IDLE,0.09,-0.02,173.27,0.04,0.04,-0.07,0.0881,0.0881,0.0881,0.0881,-0.05,0.10,0.00,26.712138,84.305088,M,2066,2066,2066,2066,2048,2048
30337,IDLE,0.08,-0.01,173.31,-0.07,0.03,-0.10,0.1190,0.1190,0.1190,0.1190,-0.05,0.11,0.00,26.712138,84.305088,M,2072,2072,2072,2072,2048,2048
30363,IDLE,0.08,-0.01,173.35,-0.10,-0.03,-0.18,0.2178,0.2178,0.2178,0.2178,-0.05,0.12,0.00,26.712138,84.305088,M,2092,2092,2092,2092,2048,2048
30382,IDLE,0.08,-0.01,173.39,-0.08,0.05,-0.24,0.2994,0.2994,0.2994,0.2994,-0.04,0.12,0.00,26.712138,84.305088,M,2108,2108,2108,2108,2048,2048
30405,IDLE,0.07,-0.01,173.44,-0.07,0.06,-0.17,0.2110,0.2110,0.2110,0.2110,-0.04,0.12,0.00,26.712138,84.305088,M,2090,2090,2090,2090,2048,2048
30427,IDLE,0.07,-0.01,173.47,-0.22,0.18,-0.19,0.2342,0.2342,0.2342,0.2342,-0.04,0.12,0.00,26.712138,84.305088,M,2095,2095,2095,2095,2048,2048
30454,IDLE,0.06,-0.00,173.52,-0.14,0.11,-0.18,0.2182,0.2182,0.2182,0.2182,-0.04,0.11,0.00,26.712138,84.305088,M,2092,2092,2092,2092,2048,2048
30473,IDLE,0.06,-0.00,173.56,0.02,0.09,-0.14,0.1731,0.1731,0.1731,0.1731,-0.04,0.09,0.00,26.712138,84.305088,M,2083,2083,2083,2083,2048,2048
30497,IDLE,0.06,0.00,173.60,0.07,0.09,0.02,-0.0284,-0.0284,-0.0284,-0.0284,-0.04,0.07,0.00,26.712138,84.305088,M,2042,2042,2042,2042,2048,2048
30519,IDLE,0.07,-0.00,173.65,0.22,0.00,0.11,-0.1428,-0.1428,-0.1428,-0.1428,-0.04,0.06,0.00,26.712138,84.305088,M,2019,2019,2019,2019,2048,2048
30546,IDLE,0.07,-0.00,173.69,0.16,-0.01,0.03,-0.0407,-0.0407,-0.0407,-0.0407,-0.04,0.05,0.00,26.712138,84.305088,M,2040,2040,2040,2040,2048,2048
30566,IDLE,0.07,0.00,173.73,0.00,0.09,-0.06,0.0742,0.0742,0.0742,0.0742,-0.04,0.05,0.00,26.712138,84.305088,M,2063,2063,2063,2063,2048,2048
30589,IDLE,0.07,0.00,173.77,0.02,0.01,-0.02,0.0257,0.0257,0.0257,0.0257,-0.04,0.06,0.00,26.712138,84.305088,M,2053,2053,2053,2053,2048,2048
30612,IDLE,0.07,0.00,173.82,-0.05,0.02,0.10,-0.1194,-0.1194,-0.1194,-0.1194,-0.03,0.06,0.00,26.712138,84.305088,M,2024,2024,2024,2024,2048,2048
30639,IDLE,0.06,0.00,173.86,-0.03,0.04,0.09,-0.1095,-0.1095,-0.1095,-0.1095,-0.03,0.06,0.00,26.712138,84.305088,M,2026,2026,2026,2026,2048,2048
30659,IDLE,0.06,0.00,173.90,-0.17,-0.00,0.02,-0.0258,-0.0258,-0.0258,-0.0258,-0.03,0.05,0.00,26.712138,84.305088,M,2043,2043,2043,2043,2048,2048
30683,IDLE,0.06,0.00,173.95,-0.11,0.02,0.13,-0.1512,-0.1512,-0.1512,-0.1512,-0.03,0.05,0.00,26.712138,84.305088,M,2018,2018,2018,2018,2048,2048
30705,IDLE,0.06,0.00,174.00,0.03,-0.01,0.28,-0.3417,-0.3417,-0.3417,-0.3417,-0.03,0.07,0.00,26.712138,84.305088,M,1980,1980,1980,1980,2048,2048
30731,IDLE,0.05,0.00,174.04,-0.06,0.09,0.15,-0.1825,-0.1825,-0.1825,-0.1825,-0.03,0.07,0.00,26.712138,84.305088,M,2012,2012,2012,2012,2048,2048
30751,IDLE,0.05,0.01,174.08,-0.01,0.03,0.04,-0.0493,-0.0493,-0.0493,-0.0493,-0.03,0.07,0.00,26.712138,84.305088,M,2038,2038,2038,2038,2048,2048
30774,IDLE,0.05,0.01,174.12,-0.04,0.08,0.07,-0.0888,-0.0888,-0.0888,-0.0888,-0.02,0.06,0.00,26.712138,84.305088,M,2030,2030,2030,2030,2048,2048
30797,IDLE,0.05,0.01,174.17,-0.07,0.11,0.14,-0.1767,-0.1767,-0.1767,-0.1767,-0.02,0.05,0.00,26.712138,84.305088,M,2013,2013,2013,2013,2048,2048
30823,IDLE,0.04,0.01,174.21,-0.06,0.17,0.16,-0.2007,-0.2007,-0.2007,-0.2007,-0.03,0.04,0.00,26.712138,84.305088,M,2008,2008,2008,2008,2048,2048
30842,IDLE,0.05,0.02,174.25,0.20,0.05,0.07,-0.0917,-0.0917,-0.0917,-0.0917,-0.02,0.04,0.00,26.712138,84.305088,M,2030,2030,2030,2030,2048,2048
30865,IDLE,0.05,0.01,174.29,0.30,-0.09,-0.01,0.0078,0.0078,0.0078,0.0078,-0.02,0.04,0.00,26.712138,84.305088,M,2050,2050,2050,2050,2048,2048
30887,IDLE,0.06,0.01,174.33,0.21,-0.18,0.01,-0.0194,-0.0194,-0.0194,-0.0194,-0.02,0.03,0.00,26.712138,84.305088,M,2044,2044,2044,2044,2048,2048
30913,IDLE,0.06,0.00,174.37,0.12,-0.17,0.13,-0.1584,-0.1584,-0.1584,-0.1584,-0.02,0.02,0.00,26.712138,84.305088,M,2016,2016,2016,2016,2048,2048
30932,IDLE,0.06,0.00,174.41,0.08,-0.07,0.10,-0.1259,-0.1259,-0.1259,-0.1259,-0.02,0.01,0.00,26.712138,84.305088,M,2023,2023,2023,2023,2048,2048
30968,IDLE,0.06,0.00,174.48,0.14,0.08,-0.13,0.1555,0.1555,0.1555,0.1555,-0.02,0.03,0.00,26.712138,84.305088,M,2079,2079,2079,2079,2048,2048
30991,IDLE,0.06,0.01,174.52,0.18,0.15,-0.05,0.0484,0.0484,0.0484,0.0484,-0.02,0.04,0.00,26.712138,84.305088,M,2058,2058,2058,2058,2048,2048
31014,IDLE,0.07,0.01,174.56,0.20,0.14,-0.04,0.0476,0.0476,0.0476,0.0476,-0.02,0.04,0.00,26.712138,84.305088,M,2058,2058,2058,2058,2048,2048
31041,IDLE,0.07,0.01,174.59,0.31,0.05,0.10,-0.1265,-0.1265,-0.1265,-0.1265,-0.02,0.03,0.00,26.712138,84.305088,M,2023,2023,2023,2023,2048,2048
31061,IDLE,0.08,0.01,174.63,0.35,-0.07,0.11,-0.1447,-0.1447,-0.1447,-0.1447,-0.02,0.03,0.00,26.712138,84.305088,M,2019,2019,2019,2019,2048,2048
31085,IDLE,0.08,0.01,174.67,0.23,-0.04,0.09,-0.1105,-0.1105,-0.1105,-0.1105,-0.02,0.03,0.00,26.712138,84.305088,M,2026,2026,2026,2026,2048,2048
31108,IDLE,0.09,0.00,174.71,0.38,-0.14,0.10,-0.1338,-0.1338,-0.1338,-0.1338,-0.02,0.01,0.00,26.712138,84.305088,M,2021,2021,2021,2021,2048,2048
31135,IDLE,0.10,-0.00,174.75,0.37,-0.21,-0.05,0.0584,0.0584,0.0584,0.0584,-0.02,-0.00,0.00,26.712138,84.305088,M,2060,2060,2060,2060,2048,2048
31155,IDLE,0.10,-0.01,174.78,0.27,-0.17,-0.10,0.1231,0.1231,0.1231,0.1231,-0.02,-0.01,0.00,26.712138,84.305088,M,2073,2073,2073,2073,2048,2048
31179,IDLE,0.10,-0.01,174.81,0.13,-0.20,0.02,-0.0246,-0.0246,-0.0246,-0.0246,-0.02,-0.02,0.00,26.712138,84.305088,M,2043,2043,2043,2043,2048,2048
31202,IDLE,0.11,-0.01,174.85,0.12,-0.00,0.03,-0.0363,-0.0363,-0.0363,-0.0363,-0.02,-0.01,0.00,26.712138,84.305088,M,2041,2041,2041,2041,2048,2048
31228,IDLE,0.11,-0.01,174.88,0.09,-0.08,0.01,-0.0082,-0.0082,-0.0082,-0.0082,-0.02,-0.01,0.00,26.712138,84.305088,M,2046,2046,2046,2046,2048,2048
31248,IDLE,0.11,-0.02,174.92,0.14,-0.18,-0.12,0.1444,0.1444,0.1444,0.1444,-0.02,-0.01,0.00,26.712138,84.305088,M,2077,2077,2077,2077,2048,2048
31271,IDLE,0.11,-0.02,174.95,0.17,-0.08,-0.02,0.0223,0.0223,0.0223,0.0223,-0.02,-0.02,0.00,26.712138,84.305088,M,2052,2052,2052,2052,2048,2048
31293,IDLE,0.11,-0.02,174.98,0.29,-0.15,-0.07,0.0769,0.0769,0.0769,0.0769,-0.02,-0.02,0.00,26.712138,84.305088,M,2063,2063,2063,2063,2048,2048
31319,IDLE,0.12,-0.02,175.02,0.31,-0.17,0.02,-0.0272,-0.0272,-0.0272,-0.0272,-0.03,-0.02,0.00,26.712138,84.305088,M,2043,2043,2043,2043,2048,2048
31339,IDLE,0.13,-0.03,175.05,0.34,-0.16,0.03,-0.0368,-0.0368,-0.0368,-0.0368,-0.02,-0.01,0.00,26.712138,84.305088,M,2041,2041,2041,2041,2048,2048
31367,IDLE,0.13,-0.03,175.09,0.30,-0.07,0.07,-0.0860,-0.0860,-0.0860,-0.0860,-0.02,-0.01,0.00,26.712138,84.305088,M,2031,2031,2031,2031,2048,2048
31393,IDLE,0.13,-0.03,175.12,0.22,0.03,0.09,-0.1189,-0.1189,-0.1189,-0.1189,-0.03,-0.01,0.00,26.712138,84.305088,M,2024,2024,2024,2024,2048,2048
31413,IDLE,0.13,-0.02,175.16,0.06,0.12,0.08,-0.0958,-0.0958,-0.0958,-0.0958,-0.02,0.01,0.00,26.712138,84.305088,M,2029,2029,2029,2029,2048,2048
31437,IDLE,0.13,-0.02,175.19,0.15,0.16,0.08,-0.1084,-0.1084,-0.1084,-0.1084,-0.02,0.03,0.00,26.712138,84.305088,M,2026,2026,2026,2026,2048,2048
31459,IDLE,0.13,-0.02,175.23,0.09,0.05,0.06,-0.0739,-0.0739,-0.0739,-0.0739,-0.02,0.05,0.00,26.712138,84.305088,M,2033,2033,2033,2033,2048,2048
31485,IDLE,0.13,-0.02,175.26,0.15,0.06,-0.11,0.1336,0.1336,0.1336,0.1336,-0.02,0.06,0.00,26.712138,84.305088,M,2075,2075,2075,2075,2048,2048
31505,IDLE,0.13,-0.01,175.28,0.04,0.08,-0.23,0.2764,0.2764,0.2764,0.2764,-0.01,0.07,0.00,26.712138,84.305088,M,2103,2103,2103,2103,2048,2048
31528,IDLE,0.13,-0.01,175.31,0.06,0.11,-0.07,0.0784,0.0784,0.0784,0.0784,-0.01,0.08,0.00,26.712138,84.305088,M,2064,2064,2064,2064,2048,2048
31551,IDLE,0.13,-0.01,175.35,0.15,0.14,0.14,-0.1743,-0.1743,-0.1743,-0.1743,-0.01,0.10,0.00,26.712138,84.305088,M,2013,2013,2013,2013,2048,2048
31578,IDLE,0.13,-0.00,175.38,0.02,0.19,0.23,-0.2886,-0.2886,-0.2886,-0.2886,-0.01,0.10,0.00,26.712138,84.305088,M,1990,1990,1990,1990,2048,2048
31598,IDLE,0.12,0.00,175.42,-0.04,0.16,0.17,-0.2134,-0.2134,-0.2134,-0.2134,-0.00,0.12,0.00,26.712138,84.305088,M,2005,2005,2005,2005,2048,2048
31621,IDLE,0.12,0.00,175.45,0.07,0.10,0.15,-0.1829,-0.1829,-0.1829,-0.1829,0.00,0.12,0.00,26.712138,84.305088,M,2011,2011,2011,2011,2048,2048
31644,IDLE,0.12,0.00,175.49,0.08,-0.08,0.24,-0.2941,-0.2941,-0.2941,-0.2941,0.00,0.11,0.00,26.712138,84.305088,M,1989,1989,1989,1989,2048,2048
31670,IDLE,0.12,-0.00,175.53,0.20,-0.07,0.24,-0.2993,-0.2993,-0.2993,-0.2993,0.00,0.10,0.00,26.712138,84.305088,M,1988,1988,1988,1988,2048,2048
31690,IDLE,0.12,-0.00,175.56,0.19,-0.12,0.29,-0.3564,-0.3564,-0.3564,-0.3564,0.01,0.11,0.00,26.712138,84.305088,M,1977,1977,1977,1977,2048,2048
31713,IDLE,0.13,-0.01,175.60,0.22,-0.15,0.29,-0.3583,-0.3583,-0.3583,-0.3583,0.01,0.11,0.00,26.712138,84.305088,M,1976,1976,1976,1976,2048,2048
31736,IDLE,0.13,-0.00,175.64,0.14,0.03,0.25,-0.3138,-0.3138,-0.3138,-0.3138,0.01,0.09,0.00,26.712138,84.305088,M,1985,1985,1985,1985,2048,2048
31762,IDLE,0.13,-0.00,175.67,0.15,0.04,0.39,-0.4766,-0.4766,-0.4766,-0.4766,0.01,0.08,0.00,26.712138,84.305088,M,1953,1953,1953,1953,2048,2048
31782,IDLE,0.13,-0.00,175.71,0.19,0.13,0.30,-0.3770,-0.3770,-0.3770,-0.3770,0.01,0.07,0.00,26.712138,84.305088,M,1973,1973,1973,1973,2048,2048
31805,IDLE,0.13,0.00,175.74,-0.05,0.30,0.27,-0.3285,-0.3285,-0.3285,-0.3285,0.01,0.06,0.00,26.712138,84.305088,M,1982,1982,1982,1982,2048,2048
31827,IDLE,0.12,0.01,175.78,-0.08,0.23,0.16,-0.1915,-0.1915,-0.1915,-0.1915,0.01,0.06,0.00,26.712138,84.305088,M,2010,2010,2010,2010,2048,2048
31853,IDLE,0.12,0.02,175.81,-0.12,0.28,0.14,-0.1788,-0.1788,-0.1788,-0.1788,0.01,0.05,0.00,26.712138,84.305088,M,2012,2012,2012,2012,2048,2048
31873,IDLE,0.11,0.02,175.84,-0.05,0.11,0.02,-0.0212,-0.0212,-0.0212,-0.0212,0.01,0.05,0.00,26.712138,84.305088,M,2044,2044,2044,2044,2048,2048
31896,IDLE,0.11,0.02,175.87,0.01,0.07,0.02,-0.0312,-0.0312,-0.0312,-0.0312,0.01,0.05,0.00,26.712138,84.305088,M,2042,2042,2042,2042,2048,2048
31919,IDLE,0.11,0.02,175.89,0.04,0.05,-0.02,0.0270,0.0270,0.0270,0.0270,0.02,0.06,0.00,26.712138,84.305088,M,2053,2053,2053,2053,2048,2048
31945,IDLE,0.11,0.02,175.92,-0.04,0.06,0.03,-0.0382,-0.0382,-0.0382,-0.0382,0.02,0.06,0.00,26.712138,84.305088,M,2040,2040,2040,2040,2048,2048
31965,IDLE,0.10,0.02,175.95,-0.08,0.07,0.04,-0.0520,-0.0520,-0.0520,-0.0520,0.02,0.06,0.00,26.712138,84.305088,M,2038,2038,2038,2038,2048,2048
31989,IDLE,0.10,0.03,175.98,0.10,0.18,0.10,-0.1319,-0.1319,-0.1319,-0.1319,0.02,0.07,0.00,26.712138,84.305088,M,2022,2022,2022,2022,2048,2048
32011,IDLE,0.11,0.03,176.01,0.15,0.04,-0.04,0.0422,0.0422,0.0422,0.0422,0.02,0.08,0.00,26.712138,84.305088,M,2056,2056,2056,2056,2048,2048
32038,IDLE,0.11,0.03,176.04,0.22,0.21,0.15,-0.1872,-0.1872,-0.1872,-0.1872,0.02,0.08,0.00,26.712138,84.305088,M,2011,2011,2011,2011,2048,2048
32059,IDLE,0.11,0.03,176.07,0.18,0.11,0.09,-0.1204,-0.1204,-0.1204,-0.1204,0.03,0.09,0.00,26.712138,84.305088,M,2024,2024,2024,2024,2048,2048
32083,IDLE,0.11,0.03,176.10,0.22,0.12,0.17,-0.2159,-0.2159,-0.2159,-0.2159,0.03,0.09,0.00,26.712138,84.305088,M,2005,2005,2005,2005,2048,2048
32101,IDLE,0.12,0.03,176.12,0.22,0.11,-0.01,0.0004,0.0004,0.0004,0.0004,0.03,0.10,0.00,26.712138,84.305088,M,2048,2048,2048,2048,2048,2048
32128,IDLE,0.12,0.04,176.15,0.13,0.09,-0.05,0.0507,0.0507,0.0507,0.0507,0.03,0.10,0.00,26.712138,84.305088,M,2058,2058,2058,2058,2048,2048
32158,IDLE,0.12,0.04,176.17,0.08,0.23,-0.07,0.0787,0.0787,0.0787,0.0787,0.04,0.10,0.00,26.712138,84.305088,M,2064,2064,2064,2064,2048,2048
32185,IDLE,0.11,0.05,176.19,-0.00,0.26,-0.08,0.0975,0.0975,0.0975,0.0975,0.04,0.10,0.00,26.712138,84.305088,M,2068,2068,2068,2068,2048,2048
32206,IDLE,0.11,0.05,176.22,-0.02,0.32,0.07,-0.0885,-0.0885,-0.0885,-0.0885,0.04,0.08,0.00,26.712138,84.305088,M,2030,2030,2030,2030,2048,2048
32231,IDLE,0.11,0.05,176.25,-0.04,0.15,0.07,-0.0817,-0.0817,-0.0817,-0.0817,0.04,0.07,0.00,26.712138,84.305088,M,2032,2032,2032,2032,2048,2048
32249,IDLE,0.11,0.06,176.28,-0.07,0.21,0.06,-0.0701,-0.0701,-0.0701,-0.0701,0.04,0.05,0.00,26.712138,84.305088,M,2034,2034,2034,2034,2048,2048
32276,IDLE,0.10,0.06,176.30,-0.05,0.30,0.06,-0.0806,-0.0806,-0.0806,-0.0806,0.04,0.04,0.00,26.712138,84.305088,M,2032,2032,2032,2032,2048,2048
32298,IDLE,0.10,0.07,176.33,-0.11,0.21,0.10,-0.1292,-0.1292,-0.1292,-0.1292,0.04,0.03,0.00,26.712138,84.305088,M,2022,2022,2022,2022,2048,2048
32322,IDLE,0.10,0.06,176.36,-0.00,0.09,0.16,-0.2004,-0.2004,-0.2004,-0.2004,0.04,0.03,0.00,26.712138,84.305088,M,2008,2008,2008,2008,2048,2048
32341,IDLE,0.09,0.07,176.38,0.00,0.17,0.07,-0.0860,-0.0860,-0.0860,-0.0860,0.04,0.03,0.00,26.712138,84.305088,M,2031,2031,2031,2031,2048,2048
32368,IDLE,0.09,0.06,176.41,-0.08,0.10,-0.00,0.0039,0.0039,0.0039,0.0039,0.04,0.03,0.00,26.712138,84.305088,M,2049,2049,2049,2049,2048,2048
32389,IDLE,0.09,0.06,176.43,0.03,-0.05,-0.01,0.0139,0.0139,0.0139,0.0139,0.04,0.02,0.00,26.712138,84.305088,M,2051,2051,2051,2051,2048,2048
32414,IDLE,0.08,0.06,176.46,0.02,0.10,0.03,-0.0371,-0.0371,-0.0371,-0.0371,0.04,0.01,0.00,26.712138,84.305088,M,2041,2041,2041,2041,2048,2048
32433,IDLE,0.08,0.06,176.48,0.11,0.01,-0.03,0.0366,0.0366,0.0366,0.0366,0.04,0.02,0.00,26.712138,84.305088,M,2055,2055,2055,2055,2048,2048
32456,IDLE,0.08,0.06,176.51,0.10,0.03,0.01,-0.0173,-0.0173,-0.0173,-0.0173,0.04,0.03,0.00,26.712138,84.305088,M,2045,2045,2045,2045,2048,2048
32478,IDLE,0.08,0.06,176.53,0.15,0.09,0.09,-0.1189,-0.1189,-0.1189,-0.1189,0.04,0.03,0.00,26.712138,84.305088,M,2024,2024,2024,2024,2048,2048
32504,IDLE,0.08,0.06,176.56,0.11,0.06,0.13,-0.1674,-0.1674,-0.1674,-0.1674,0.04,0.02,0.00,26.712138,84.305088,M,2015,2015,2015,2015,2048,2048
32524,IDLE,0.08,0.06,176.58,0.09,0.15,-0.08,0.0892,0.0892,0.0892,0.0892,0.04,0.04,0.00,26.712138,84.305088,M,2066,2066,2066,2066,2048,2048
32547,IDLE,0.09,0.06,176.60,0.19,0.08,0.05,-0.0689,-0.0689,-0.0689,-0.0689,0.05,0.06,0.00,26.712138,84.305088,M,2034,2034,2034,2034,2048,2048
32570,IDLE,0.08,0.06,176.63,-0.03,0.02,0.00,-0.0008,-0.0008,-0.0008,-0.0008,0.04,0.04,0.00,26.712138,84.305088,M,2048,2048,2048,2048,2048,2048
32596,IDLE,0.08,0.06,176.65,-0.02,0.05,-0.02,0.0243,0.0243,0.0243,0.0243,0.04,0.02,0.00,26.712138,84.305088,M,2053,2053,2053,2053,2048,2048
32616,IDLE,0.08,0.06,176.67,0.12,0.07,-0.06,0.0682,0.0682,0.0682,0.0682,0.04,0.00,0.00,26.712138,84.305088,M,2062,2062,2062,2062,2048,2048
32640,IDLE,0.08,0.06,176.69,0.09,0.08,-0.08,0.0885,0.0885,0.0885,0.0885,0.04,-0.01,0.00,26.712138,84.305088,M,2066,2066,2066,2066,2048,2048
32658,IDLE,0.08,0.05,176.71,0.17,-0.04,-0.00,-0.0023,-0.0023,-0.0023,-0.0023,0.04,-0.03,0.00,26.712138,84.305088,M,2048,2048,2048,2048,2048,2048
32686,IDLE,0.09,0.06,176.73,0.22,0.14,-0.10,0.1141,0.1141,0.1141,0.1141,0.04,-0.04,0.00,26.712138,84.305088,M,2071,2071,2071,2071,2048,2048
32706,IDLE,0.09,0.06,176.75,0.23,0.13,-0.06,0.0646,0.0646,0.0646,0.0646,0.04,-0.05,0.00,26.712138,84.305088,M,2061,2061,2061,2061,2048,2048
32731,IDLE,0.09,0.06,176.77,0.12,0.05,-0.15,0.1749,0.1749,0.1749,0.1749,0.03,-0.05,0.00,26.712138,84.305088,M,2083,2083,2083,2083,2048,2048
32750,IDLE,0.09,0.06,176.79,0.03,0.08,-0.13,0.1512,0.1512,0.1512,0.1512,0.03,-0.07,0.00,26.712138,84.305088,M,2078,2078,2078,2078,2048,2048
32772,IDLE,0.08,0.06,176.81,-0.14,0.14,-0.03,0.0358,0.0358,0.0358,0.0358,0.03,-0.07,0.00,26.712138,84.305088,M,2055,2055,2055,2055,2048,2048
32794,IDLE,0.08,0.06,176.83,-0.10,0.20,-0.10,0.1237,0.1237,0.1237,0.1237,0.03,-0.07,0.00,26.712138,84.305088,M,2073,2073,2073,2073,2048,2048
32820,IDLE,0.08,0.06,176.85,-0.06,0.13,-0.04,0.0532,0.0532,0.0532,0.0532,0.03,-0.06,0.00,26.712138,84.305088,M,2059,2059,2059,2059,2048,2048
32839,IDLE,0.07,0.06,176.88,0.01,0.10,0.05,-0.0643,-0.0643,-0.0643,-0.0643,0.03,-0.06,0.00,26.712138,84.305088,M,2035,2035,2035,2035,2048,2048
32862,IDLE,0.07,0.06,176.90,-0.07,0.14,0.21,-0.2573,-0.2573,-0.2573,-0.2573,0.03,-0.05,0.00,26.712138,84.305088,M,1997,1997,1997,1997,2048,2048
32884,IDLE,0.07,0.06,176.93,-0.12,0.19,0.19,-0.2309,-0.2309,-0.2309,-0.2309,0.03,-0.06,0.00,26.712138,84.305088,M,2002,2002,2002,2002,2048,2048
32910,IDLE,0.06,0.07,176.95,-0.23,0.23,0.27,-0.3239,-0.3239,-0.3239,-0.3239,0.02,-0.05,0.00,26.712138,84.305088,M,1983,1983,1983,1983,2048,2048
32930,IDLE,0.05,0.07,176.98,-0.22,0.20,0.17,-0.2062,-0.2062,-0.2062,-0.2062,0.02,-0.05,0.00,26.712138,84.305088,M,2007,2007,2007,2007,2048,2048
32953,IDLE,0.05,0.07,177.00,-0.19,0.10,0.03,-0.0338,-0.0338,-0.0338,-0.0338,0.02,-0.04,0.00,26.712138,84.305088,M,2041,2041,2041,2041,2048,2048
32982,IDLE,0.04,0.07,177.02,-0.18,0.11,0.01,-0.0104,-0.0104,-0.0104,-0.0104,0.02,-0.04,0.00,26.712138,84.305088,M,2046,2046,2046,2046,2048,2048
33010,IDLE,0.04,0.07,177.04,0.13,0.07,0.08,-0.0958,-0.0958,-0.0958,-0.0958,0.02,-0.04,0.00,26.712138,84.305088,M,2029,2029,2029,2029,2048,2048
33031,IDLE,0.04,0.07,177.06,0.13,0.05,0.04,-0.0515,-0.0515,-0.0515,-0.0515,0.02,-0.03,0.00,26.712138,84.305088,M,2038,2038,2038,2038,2048,2048
33055,IDLE,0.05,0.07,177.08,0.24,0.05,0.05,-0.0726,-0.0726,-0.0726,-0.0726,0.02,-0.02,0.00,26.712138,84.305088,M,2033,2033,2033,2033,2048,2048
33073,IDLE,0.05,0.07,177.10,0.26,0.07,0.06,-0.0793,-0.0793,-0.0793,-0.0793,0.02,-0.03,0.00,26.712138,84.305088,M,2032,2032,2032,2032,2048,2048
33100,IDLE,0.06,0.07,177.12,0.27,-0.02,0.07,-0.0914,-0.0914,-0.0914,-0.0914,0.02,-0.03,0.00,26.712138,84.305088,M,2030,2030,2030,2030,2048,2048
33121,IDLE,0.06,0.07,177.15,0.07,0.09,0.15,-0.1861,-0.1861,-0.1861,-0.1861,0.02,-0.03,0.00,26.712138,84.305088,M,2011,2011,2011,2011,2048,2048
33146,IDLE,0.05,0.07,177.17,-0.14,0.10,0.08,-0.0983,-0.0983,-0.0983,-0.0983,0.02,-0.03,0.00,26.712138,84.305088,M,2028,2028,2028,2028,2048,2048
33164,IDLE,0.05,0.07,177.19,-0.15,0.17,0.10,-0.1163,-0.1163,-0.1163,-0.1163,0.02,-0.02,0.00,26.712138,84.305088,M,2025,2025,2025,2025,2048,2048
33191,IDLE,0.04,0.07,177.21,-0.08,0.11,-0.07,0.0868,0.0868,0.0868,0.0868,0.02,-0.02,0.00,26.712138,84.305088,M,2065,2065,2065,2065,2048,2048
33212,IDLE,0.04,0.07,177.23,-0.08,0.02,0.00,-0.0015,-0.0015,-0.0015,-0.0015,0.02,-0.01,0.00,26.712138,84.305088,M,2048,2048,2048,2048,2048,2048
33236,IDLE,0.04,0.07,177.24,-0.05,0.03,-0.04,0.0446,0.0446,0.0446,0.0446,0.02,-0.01,0.00,26.712138,84.305088,M,2057,2057,2057,2057,2048,2048
33254,IDLE,0.04,0.07,177.26,0.07,0.13,-0.04,0.0420,0.0420,0.0420,0.0420,0.02,-0.01,0.00,26.712138,84.305088,M,2056,2056,2056,2056,2048,2048
33281,IDLE,0.04,0.07,177.28,0.17,0.19,0.15,-0.1860,-0.1860,-0.1860,-0.1860,0.02,-0.00,0.00,26.712138,84.305088,M,2011,2011,2011,2011,2048,2048
33303,IDLE,0.05,0.07,177.31,0.27,0.07,0.16,-0.2082,-0.2082,-0.2082,-0.2082,0.02,0.01,0.00,26.712138,84.305088,M,2006,2006,2006,2006,2048,2048
33327,IDLE,0.06,0.07,177.33,0.32,0.03,0.20,-0.2560,-0.2560,-0.2560,-0.2560,0.02,0.02,0.00,26.712138,84.305088,M,1997,1997,1997,1997,2048,2048
33346,IDLE,0.06,0.07,177.35,0.40,0.13,0.11,-0.1455,-0.1455,-0.1455,-0.1455,0.02,0.01,0.00,26.712138,84.305088,M,2019,2019,2019,2019,2048,2048
33373,IDLE,0.07,0.07,177.37,0.47,0.14,0.15,-0.1931,-0.1931,-0.1931,-0.1931,0.02,0.01,0.00,26.712138,84.305088,M,2009,2009,2009,2009,2048,2048
33395,IDLE,0.08,0.07,177.40,0.50,0.03,0.32,-0.3980,-0.3980,-0.3980,-0.3980,0.02,-0.00,0.00,26.712138,84.305088,M,1968,1968,1968,1968,2048,2048
33420,IDLE,0.09,0.07,177.42,0.32,-0.11,0.28,-0.3509,-0.3509,-0.3509,-0.3509,0.02,-0.01,0.00,26.712138,84.305088,M,1978,1978,1978,1978,2048,2048
33439,IDLE,0.09,0.06,177.45,0.04,-0.04,0.36,-0.4444,-0.4444,-0.4444,-0.4444,0.02,-0.02,0.00,26.712138,84.305088,M,1959,1959,1959,1959,2048,2048
33466,IDLE,0.09,0.06,177.47,0.05,-0.01,0.41,-0.5003,-0.5003,-0.5003,-0.5003,0.02,-0.03,0.00,26.712138,84.305088,M,1948,1948,1948,1948,2048,2048
33488,IDLE,0.09,0.06,177.50,0.14,-0.09,0.37,-0.4587,-0.4587,-0.4587,-0.4587,0.02,-0.04,0.00,26.712138,84.305088,M,1956,1956,1956,1956,2048,2048
33512,IDLE,0.09,0.06,177.52,0.20,-0.10,0.29,-0.3545,-0.3545,-0.3545,-0.3545,0.02,-0.04,0.00,26.712138,84.305088,M,1977,1977,1977,1977,2048,2048
33531,IDLE,0.09,0.05,177.55,0.06,-0.07,0.30,-0.3658,-0.3658,-0.3658,-0.3658,0.01,-0.07,0.00,26.712138,84.305088,M,1975,1975,1975,1975,2048,2048
33558,IDLE,0.09,0.05,177.56,0.05,-0.06,0.06,-0.0735,-0.0735,-0.0735,-0.0735,0.01,-0.08,0.00,26.712138,84.305088,M,2033,2033,2033,2033,2048,2048
33579,IDLE,0.09,0.05,177.58,0.02,-0.04,0.13,-0.1546,-0.1546,-0.1546,-0.1546,0.01,-0.07,0.00,26.712138,84.305088,M,2017,2017,2017,2017,2048,2048
33604,IDLE,0.09,0.05,177.60,-0.07,-0.00,-0.00,0.0016,0.0016,0.0016,0.0016,0.01,-0.06,0.00,26.712138,84.305088,M,2048,2048,2048,2048,2048,2048
33622,IDLE,0.09,0.04,177.62,0.06,-0.16,-0.03,0.0331,0.0331,0.0331,0.0331,0.01,-0.06,0.00,26.712138,84.305088,M,2055,2055,2055,2055,2048,2048
33649,IDLE,0.09,0.04,177.63,0.17,-0.10,0.04,-0.0521,-0.0521,-0.0521,-0.0521,0.01,-0.05,0.00,26.712138,84.305088,M,2038,2038,2038,2038,2048,2048
33670,IDLE,0.09,0.04,177.65,0.24,-0.03,-0.03,0.0372,0.0372,0.0372,0.0372,0.01,-0.04,0.00,26.712138,84.305088,M,2055,2055,2055,2055,2048,2048
33695,IDLE,0.09,0.04,177.66,0.21,-0.01,-0.02,0.0221,0.0221,0.0221,0.0221,0.01,-0.04,0.00,26.712138,84.305088,M,2052,2052,2052,2052,2048,2048
33713,IDLE,0.09,0.04,177.68,0.10,0.09,-0.09,0.1058,0.1058,0.1058,0.1058,0.01,-0.02,0.00,26.712138,84.305088,M,2069,2069,2069,2069,2048,2048
33741,IDLE,0.09,0.04,177.69,0.19,0.14,0.07,-0.0897,-0.0897,-0.0897,-0.0897,0.01,-0.01,0.00,26.712138,84.305088,M,2030,2030,2030,2030,2048,2048
33762,IDLE,0.09,0.04,177.71,0.09,0.08,0.10,-0.1275,-0.1275,-0.1275,-0.1275,0.01,0.00,0.00,26.712138,84.305088,M,2023,2023,2023,2023,2048,2048
33788,IDLE,0.10,0.04,177.73,0.34,0.08,0.12,-0.1509,-0.1509,-0.1509,-0.1509,0.01,0.01,0.00,26.712138,84.305088,M,2018,2018,2018,2018,2048,2048
33806,IDLE,0.09,0.04,177.75,0.03,0.16,0.18,-0.2223,-0.2223,-0.2223,-0.2223,0.01,0.02,0.00,26.712138,84.305088,M,2004,2004,2004,2004,2048,2048
33829,IDLE,0.09,0.04,177.77,0.15,0.21,0.12,-0.1502,-0.1502,-0.1502,-0.1502,0.01,0.02,0.00,26.712138,84.305088,M,2018,2018,2018,2018,2048,2048
33851,IDLE,0.10,0.05,177.78,0.33,0.11,0.00,-0.0148,-0.0148,-0.0148,-0.0148,0.01,0.01,0.00,26.712138,84.305088,M,2045,2045,2045,2045,2048,2048
33876,IDLE,0.11,0.04,177.80,0.41,-0.04,0.09,-0.1183,-0.1183,-0.1183,-0.1183,0.01,-0.00,0.00,26.712138,84.305088,M,2024,2024,2024,2024,2048,2048
33896,IDLE,0.11,0.05,177.82,0.35,0.14,0.28,-0.3522,-0.3522,-0.3522,-0.3522,0.01,-0.01,0.00,26.712138,84.305088,M,1978,1978,1978,1978,2048,2048
33919,IDLE,0.12,0.05,177.84,0.40,0.14,0.32,-0.4048,-0.4048,-0.4048,-0.4048,0.01,-0.01,0.00,26.712138,84.305088,M,1967,1967,1967,1967,2048,2048
33940,IDLE,0.12,0.05,177.86,0.44,0.18,0.09,-0.1235,-0.1235,-0.1235,-0.1235,0.01,-0.00,0.00,26.712138,84.305088,M,2023,2023,2023,2023,2048,2048
33966,IDLE,0.13,0.05,177.87,0.40,0.07,-0.02,0.0137,0.0137,0.0137,0.0137,0.01,0.00,0.00,26.712138,84.305088,M,2051,2051,2051,2051,2048,2048
33985,IDLE,0.13,0.05,177.89,0.24,0.18,-0.05,0.0573,0.0573,0.0573,0.0573,0.01,0.01,0.00,26.712138,84.305088,M,2059,2059,2059,2059,2048,2048
34008,IDLE,0.13,0.06,177.90,0.32,0.23,-0.08,0.0850,0.0850,0.0850,0.0850,0.01,0.01,0.00,26.712138,84.305088,M,2065,2065,2065,2065,2048,2048
34031,IDLE,0.13,0.06,177.91,0.24,0.16,-0.03,0.0262,0.0262,0.0262,0.0262,0.01,-0.00,0.00,26.712138,84.305088,M,2053,2053,2053,2053,2048,2048
34057,IDLE,0.13,0.06,177.92,0.21,0.05,-0.10,0.1191,0.1191,0.1191,0.1191,0.01,-0.01,0.00,26.712138,84.305088,M,2072,2072,2072,2072,2048,2048
34078,IDLE,0.14,0.06,177.94,0.24,0.02,-0.05,0.0543,0.0543,0.0543,0.0543,0.01,-0.03,0.00,26.712138,84.305088,M,2059,2059,2059,2059,2048,2048
34102,IDLE,0.14,0.06,177.95,0.34,0.14,-0.04,0.0367,0.0367,0.0367,0.0367,0.01,-0.04,0.00,26.712138,84.305088,M,2055,2055,2055,2055,2048,2048
34121,IDLE,0.14,0.06,177.96,0.27,0.06,-0.12,0.1364,0.1364,0.1364,0.1364,0.00,-0.04,0.00,26.712138,84.305088,M,2075,2075,2075,2075,2048,2048
34155,IDLE,0.14,0.06,177.97,0.22,0.15,-0.13,0.1540,0.1540,0.1540,0.1540,0.00,-0.03,0.00,26.712138,84.305088,M,2079,2079,2079,2079,2048,2048
34178,IDLE,0.14,0.06,177.98,0.23,0.17,-0.06,0.0635,0.0635,0.0635,0.0635,0.00,-0.03,0.00,26.712138,84.305088,M,2061,2061,2061,2061,2048,2048
34200,IDLE,0.14,0.06,177.99,0.10,0.16,-0.06,0.0689,0.0689,0.0689,0.0689,0.01,-0.02,0.00,26.712138,84.305088,M,2062,2062,2062,2062,2048,2048
34226,IDLE,0.14,0.06,178.01,0.17,0.03,-0.07,0.0777,0.0777,0.0777,0.0777,0.01,-0.01,0.00,26.712138,84.305088,M,2064,2064,2064,2064,2048,2048
34246,IDLE,0.14,0.06,178.02,0.14,0.16,-0.06,0.0705,0.0705,0.0705,0.0705,0.01,0.01,0.00,26.712138,84.305088,M,2062,2062,2062,2062,2048,2048
34270,IDLE,0.14,0.07,178.03,-0.02,0.20,-0.03,0.0304,0.0304,0.0304,0.0304,0.01,0.03,0.00,26.712138,84.305088,M,2054,2054,2054,2054,2048,2048
34288,IDLE,0.14,0.07,178.05,0.15,0.09,0.02,-0.0327,-0.0327,-0.0327,-0.0327,0.01,0.02,0.00,26.712138,84.305088,M,2041,2041,2041,2041,2048,2048
34315,IDLE,0.14,0.06,178.06,0.31,0.02,-0.05,0.0556,0.0556,0.0556,0.0556,0.01,0.02,0.00,26.712138,84.305088,M,2059,2059,2059,2059,2048,2048
34336,IDLE,0.14,0.07,178.07,0.07,0.09,-0.02,0.0195,0.0195,0.0195,0.0195,0.01,0.01,0.00,26.712138,84.305088,M,2052,2052,2052,2052,2048,2048
34361,IDLE,0.13,0.07,178.08,-0.02,0.14,0.05,-0.0684,-0.0684,-0.0684,-0.0684,0.01,0.01,0.00,26.712138,84.305088,M,2034,2034,2034,2034,2048,2048
34380,IDLE,0.13,0.07,178.10,0.08,0.14,0.04,-0.0553,-0.0553,-0.0553,-0.0553,0.01,-0.01,0.00,26.712138,84.305088,M,2037,2037,2037,2037,2048,2048
34408,IDLE,0.13,0.07,178.11,0.17,0.03,0.04,-0.0582,-0.0582,-0.0582,-0.0582,0.01,-0.02,0.00,26.712138,84.305088,M,2036,2036,2036,2036,2048,2048
34429,IDLE,0.13,0.07,178.13,0.24,-0.01,0.10,-0.1298,-0.1298,-0.1298,-0.1298,0.01,-0.03,0.00,26.712138,84.305088,M,2022,2022,2022,2022,2048,2048
34455,IDLE,0.14,0.06,178.14,0.19,-0.06,0.12,-0.1515,-0.1515,-0.1515,-0.1515,0.00,-0.03,0.00,26.712138,84.305088,M,2018,2018,2018,2018,2048,2048
34473,IDLE,0.13,0.06,178.16,-0.06,0.04,0.27,-0.3273,-0.3273,-0.3273,-0.3273,0.00,-0.03,0.00,26.712138,84.305088,M,1983,1983,1983,1983,2048,2048
34501,IDLE,0.13,0.06,178.18,-0.08,-0.07,0.26,-0.3169,-0.3169,-0.3169,-0.3169,0.00,-0.03,0.00,26.712138,84.305088,M,1985,1985,1985,1985,2048,2048
34522,IDLE,0.12,0.06,178.20,-0.14,-0.05,0.28,-0.3360,-0.3360,-0.3360,-0.3360,0.00,-0.01,0.00,26.712138,84.305088,M,1981,1981,1981,1981,2048,2048
34547,IDLE,0.12,0.05,178.22,0.25,-0.26,0.43,-0.5240,-0.5240,-0.5240,-0.5240,0.01,0.00,0.00,26.712138,84.305088,M,1943,1943,1943,1943,2048,2048
34565,IDLE,0.12,0.04,178.24,0.20,-0.19,0.53,-0.6526,-0.6526,-0.6526,-0.6526,0.01,0.01,0.00,26.712138,84.305088,M,1917,1917,1917,1917,2048,2048
34592,IDLE,0.12,0.04,178.26,0.15,-0.20,0.35,-0.4296,-0.4296,-0.4296,-0.4296,0.01,0.01,0.00,26.712138,84.305088,M,1962,1962,1962,1962,2048,2048
34613,IDLE,0.13,0.03,178.28,0.13,-0.23,0.25,-0.3076,-0.3076,-0.3076,-0.3076,0.01,0.01,0.00,26.712138,84.305088,M,1986,1986,1986,1986,2048,2048
34638,IDLE,0.13,0.02,178.30,0.16,-0.27,0.35,-0.4222,-0.4222,-0.4222,-0.4222,0.01,0.02,0.00,26.712138,84.305088,M,1964,1964,1964,1964,2048,2048
34656,IDLE,0.13,0.02,178.32,0.06,-0.16,0.25,-0.3053,-0.3053,-0.3053,-0.3053,0.01,0.02,0.00,26.712138,84.305088,M,1987,1987,1987,1987,2048,2048
34683,IDLE,0.12,0.02,178.33,-0.10,-0.01,0.19,-0.2262,-0.2262,-0.2262,-0.2262,0.01,0.02,0.00,26.712138,84.305088,M,2003,2003,2003,2003,2048,2048
34704,IDLE,0.12,0.02,178.35,0.04,0.16,0.27,-0.3333,-0.3333,-0.3333,-0.3333,0.01,0.02,0.00,26.712138,84.305088,M,1981,1981,1981,1981,2048,2048
34729,IDLE,0.12,0.02,178.37,0.22,0.02,0.13,-0.1626,-0.1626,-0.1626,-0.1626,0.01,0.02,0.00,26.712138,84.305088,M,2015,2015,2015,2015,2048,2048
34747,IDLE,0.12,0.02,178.38,0.25,-0.00,0.15,-0.1948,-0.1948,-0.1948,-0.1948,0.01,0.04,0.00,26.712138,84.305088,M,2009,2009,2009,2009,2048,2048
34775,IDLE,0.13,0.01,178.39,0.48,-0.15,0.16,-0.2019,-0.2019,-0.2019,-0.2019,0.01,0.04,0.00,26.712138,84.305088,M,2008,2008,2008,2008,2048,2048
34796,IDLE,0.14,0.00,178.41,0.64,-0.38,0.05,-0.0714,-0.0714,-0.0714,-0.0714,0.01,0.05,0.00,26.712138,84.305088,M,2034,2034,2034,2034,2048,2048
34820,IDLE,0.15,-0.01,178.42,0.36,-0.37,-0.07,0.0836,0.0836,0.0836,0.0836,0.02,0.05,0.00,26.712138,84.305088,M,2065,2065,2065,2065,2048,2048
34839,IDLE,0.15,-0.01,178.43,0.19,-0.23,-0.03,0.0346,0.0346,0.0346,0.0346,0.02,0.06,0.00,26.712138,84.305088,M,2055,2055,2055,2055,2048,2048
34866,IDLE,0.15,-0.02,178.44,0.23,-0.14,-0.02,0.0271,0.0271,0.0271,0.0271,0.02,0.06,0.00,26.712138,84.305088,M,2053,2053,2053,2053,2048,2048
34887,IDLE,0.15,-0.02,178.44,0.24,-0.10,-0.09,0.1086,0.1086,0.1086,0.1086,0.02,0.06,0.00,26.712138,84.305088,M,2070,2070,2070,2070,2048,2048
34913,IDLE,0.15,-0.02,178.45,0.01,0.01,-0.03,0.0351,0.0351,0.0351,0.0351,0.02,0.06,0.00,26.712138,84.305088,M,2055,2055,2055,2055,2048,2048
34932,IDLE,0.14,-0.02,178.46,-0.03,-0.08,-0.03,0.0327,0.0327,0.0327,0.0327,0.02,0.05,0.00,26.712138,84.305088,M,2055,2055,2055,2055,2048,2048
34955,IDLE,0.14,-0.02,178.48,0.02,-0.03,0.17,-0.2026,-0.2026,-0.2026,-0.2026,0.02,0.05,0.00,26.712138,84.305088,M,2007,2007,2007,2007,2048,2048
34984,IDLE,0.13,-0.02,178.49,-0.12,-0.11,-0.01,0.0203,0.0203,0.0203,0.0203,0.02,0.05,0.00,26.712138,84.305088,M,2052,2052,2052,2052,2048,2048
35012,IDLE,0.13,-0.03,178.50,0.11,-0.10,-0.05,0.0586,0.0586,0.0586,0.0586,0.02,0.04,0.00,26.712138,84.305088,M,2060,2060,2060,2060,2048,2048
35033,IDLE,0.14,-0.03,178.51,0.22,-0.14,-0.02,0.0174,0.0174,0.0174,0.0174,0.02,0.03,0.00,26.712138,84.305088,M,2051,2051,2051,2051,2048,2048
35058,IDLE,0.14,-0.03,178.52,0.25,-0.11,0.08,-0.1048,-0.1048,-0.1048,-0.1048,0.02,0.02,0.00,26.712138,84.305088,M,2027,2027,2027,2027,2048,2048
35077,IDLE,0.14,-0.03,178.53,0.40,-0.05,-0.02,0.0173,0.0173,0.0173,0.0173,0.03,0.03,0.00,26.712138,84.305088,49.4,2051,2051,2051,2051,2048,2048
35105,IDLE,0.15,-0.03,178.54,0.31,0.01,0.09,-0.1156,-0.1156,-0.1156,-0.1156,0.03,0.04,0.00,26.712138,84.305088,49.4,2025,2025,2025,2025,2048,2048
35126,IDLE,0.15,-0.03,178.55,0.40,-0.03,0.06,-0.0783,-0.0783,-0.0783,-0.0783,0.03,0.03,0.00,26.712138,84.305088,49.4,2032,2032,2032,2032,2048,2048
35151,IDLE,0.16,-0.03,178.56,0.33,-0.08,-0.01,0.0029,0.0029,0.0029,0.0029,0.03,0.02,0.00,26.712138,84.305088,49.4,2049,2049,2049,2049,2048,2048
35169,IDLE,0.16,-0.02,178.57,0.21,0.02,-0.11,0.1232,0.1232,0.1232,0.1232,0.02,0.01,0.00,26.712138,84.305088,49.4,2073,2073,2073,2073,2048,2048
35196,IDLE,0.16,-0.02,178.58,0.24,0.05,-0.01,0.0060,0.0060,0.0060,0.0060,0.02,0.00,0.00,26.712138,84.305088,49.4,2049,2049,2049,2049,2048,2048
35217,IDLE,0.16,-0.02,178.59,0.38,-0.09,-0.00,-0.0069,-0.0069,-0.0069,-0.0069,0.02,-0.00,0.00,26.712138,84.305088,49.4,2047,2047,2047,2047,2048,2048
35241,IDLE,0.16,-0.02,178.60,0.16,0.04,-0.00,-0.0020,-0.0020,-0.0020,-0.0020,0.02,-0.00,0.00,26.712138,84.305088,49.4,2048,2048,2048,2048,2048,2048
35264,IDLE,0.16,-0.02,178.61,0.02,0.11,0.01,-0.0133,-0.0133,-0.0133,-0.0133,0.02,-0.02,0.00,26.712138,84.305088,49.4,2045,2045,2045,2045,2048,2048
35290,IDLE,0.15,-0.01,178.61,-0.03,0.16,-0.07,0.0805,0.0805,0.0805,0.0805,0.02,-0.02,0.00,26.712138,84.305088,49.4,2064,2064,2064,2064,2048,2048
35309,IDLE,0.15,-0.01,178.62,-0.07,0.10,0.01,-0.0120,-0.0120,-0.0120,-0.0120,0.02,-0.04,0.00,26.712138,84.305088,49.4,2046,2046,2046,2046,2048,2048
35337,IDLE,0.14,-0.01,178.63,-0.12,0.13,-0.07,0.0913,0.0913,0.0913,0.0913,0.02,-0.05,0.00,26.712138,84.305088,49.4,2066,2066,2066,2066,2048,2048
35364,IDLE,0.13,0.00,178.64,-0.09,0.29,0.05,-0.0623,-0.0623,-0.0623,-0.0623,0.02,-0.05,0.00,26.712138,84.305088,49.4,2036,2036,2036,2036,2048,2048
35384,IDLE,0.13,0.01,178.65,-0.16,0.39,0.01,-0.0188,-0.0188,-0.0188,-0.0188,0.01,-0.06,0.00,26.712138,84.305088,49.4,2044,2044,2044,2044,2048,2048
35407,IDLE,0.12,0.01,178.66,-0.02,0.21,-0.05,0.0611,0.0611,0.0611,0.0611,0.01,-0.06,0.00,26.712138,84.305088,49.4,2060,2060,2060,2060,2048,2048
35429,IDLE,0.12,0.01,178.67,0.07,0.06,-0.06,0.0688,0.0688,0.0688,0.0688,0.01,-0.06,0.00,26.712138,84.305088,49.4,2062,2062,2062,2062,2048,2048
35455,IDLE,0.12,0.01,178.68,0.10,-0.06,-0.04,0.0461,0.0461,0.0461,0.0461,0.01,-0.06,0.00,26.712138,84.305088,49.4,2057,2057,2057,2057,2048,2048
35474,IDLE,0.12,0.01,178.69,0.06,-0.04,0.06,-0.0708,-0.0708,-0.0708,-0.0708,0.01,-0.06,0.00,26.712138,84.305088,49.4,2034,2034,2034,2034,2048,2048
35502,IDLE,0.12,0.01,178.69,0.06,-0.01,-0.12,0.1444,0.1444,0.1444,0.1444,0.01,-0.03,0.00,26.712138,84.305088,49.4,2077,2077,2077,2077,2048,2048
35528,IDLE,0.12,0.01,178.70,0.18,0.04,-0.10,0.1136,0.1136,0.1136,0.1136,0.01,-0.01,0.00,26.712138,84.305088,49.4,2071,2071,2071,2071,2048,2048
35548,IDLE,0.12,0.01,178.71,0.09,0.07,-0.04,0.0489,0.0489,0.0489,0.0489,0.01,-0.00,0.00,26.712138,84.305088,49.4,2058,2058,2058,2058,2048,2048
35572,IDLE,0.12,0.01,178.71,0.08,0.08,-0.15,0.1746,0.1746,0.1746,0.1746,0.01,0.01,0.00,26.712138,84.305088,49.4,2083,2083,2083,2083,2048,2048
35595,IDLE,0.11,0.01,178.71,-0.04,0.07,-0.23,0.2841,0.2841,0.2841,0.2841,0.02,0.02,0.00,26.712138,84.305088,49.4,2105,2105,2105,2105,2048,2048
35621,IDLE,0.11,0.01,178.72,0.04,-0.04,-0.27,0.3245,0.3245,0.3245,0.3245,0.02,0.03,0.00,26.712138,84.305088,49.4,2113,2113,2113,2113,2048,2048
35641,IDLE,0.11,0.01,178.72,0.11,-0.01,-0.29,0.3460,0.3460,0.3460,0.3460,0.02,0.05,0.00,26.712138,84.305088,49.4,2117,2117,2117,2117,2048,2048
35665,IDLE,0.11,0.01,178.72,0.18,-0.01,-0.36,0.4404,0.4404,0.4404,0.4404,0.02,0.06,0.00,26.712138,84.305088,49.4,2136,2136,2136,2136,2048,2048
35688,IDLE,0.11,0.01,178.72,0.14,0.08,-0.31,0.3706,0.3706,0.3706,0.3706,0.02,0.08,0.00,26.712138,84.305088,49.4,2122,2122,2122,2122,2048,2048
35714,IDLE,0.11,0.01,178.72,0.03,0.13,-0.26,0.3170,0.3170,0.3170,0.3170,0.03,0.09,0.00,26.712138,84.305088,49.4,2111,2111,2111,2111,2048,2048
35735,IDLE,0.11,0.01,178.73,-0.04,0.01,-0.13,0.1546,0.1546,0.1546,0.1546,0.03,0.09,0.00,26.712138,84.305088,49.4,2079,2079,2079,2079,2048,2048
35759,IDLE,0.10,0.01,178.74,-0.10,0.02,-0.18,0.2195,0.2195,0.2195,0.2195,0.03,0.09,0.00,26.712138,84.305088,49.4,2092,2092,2092,2092,2048,2048
35782,IDLE,0.09,0.01,178.74,-0.09,0.10,-0.07,0.0869,0.0869,0.0869,0.0869,0.03,0.09,0.00,26.712138,84.305088,49.4,2065,2065,2065,2065,2048,2048
35808,IDLE,0.09,0.01,178.75,-0.16,0.12,-0.13,0.1651,0.1651,0.1651,0.1651,0.03,0.09,0.00,26.712138,84.305088,49.4,2081,2081,2081,2081,2048,2048
35828,IDLE,0.08,0.01,178.75,-0.24,0.08,-0.18,0.2233,0.2233,0.2233,0.2233,0.04,0.08,0.00,26.712138,84.305088,49.4,2093,2093,2093,2093,2048,2048
35852,IDLE,0.08,0.01,178.76,-0.13,0.06,-0.19,0.2388,0.2388,0.2388,0.2388,0.04,0.06,0.00,26.712138,84.305088,49.4,2096,2096,2096,2096,2048,2048
35875,IDLE,0.07,0.01,178.76,-0.14,0.13,-0.26,0.3204,0.3204,0.3204,0.3204,0.04,0.06,0.00,26.712138,84.305088,49.4,2112,2112,2112,2112,2048,2048
35902,IDLE,0.07,0.02,178.76,0.02,0.09,-0.15,0.1782,0.1782,0.1782,0.1782,0.04,0.06,0.00,26.712138,84.305088,49.4,2084,2084,2084,2084,2048,2048
35922,IDLE,0.07,0.02,178.77,0.12,0.08,-0.12,0.1448,0.1448,0.1448,0.1448,0.04,0.07,0.00,26.712138,84.305088,49.4,2077,2077,2077,2077,2048,2048
35946,IDLE,0.07,0.02,178.77,0.25,0.05,-0.10,0.1146,0.1146,0.1146,0.1146,0.04,0.07,0.00,26.712138,84.305088,49.4,2071,2071,2071,2071,2048,2048
35964,IDLE,0.07,0.02,178.78,0.12,0.01,-0.08,0.0959,0.0959,0.0959,0.0959,0.04,0.06,0.00,26.712138,84.305088,49.4,2067,2067,2067,2067,2048,2048
35991,IDLE,0.07,0.02,178.79,-0.08,0.14,-0.11,0.1339,0.1339,0.1339,0.1339,0.04,0.06,0.00,26.712138,84.305088,49.4,2075,2075,2075,2075,2048,2048
36012,IDLE,0.07,0.02,178.79,-0.12,0.16,-0.14,0.1750,0.1750,0.1750,0.1750,0.04,0.05,0.00,26.712138,84.305088,49.4,2083,2083,2083,2083,2048,2048
36036,IDLE,0.06,0.02,178.80,-0.12,0.06,-0.07,0.0811,0.0811,0.0811,0.0811,0.04,0.04,0.00,26.712138,84.305088,49.4,2064,2064,2064,2064,2048,2048
36054,IDLE,0.06,0.03,178.80,-0.16,0.13,-0.12,0.1473,0.1473,0.1473,0.1473,0.04,0.05,0.00,26.712138,84.305088,49.4,2077,2077,2077,2077,2048,2048
36081,IDLE,0.05,0.03,178.81,-0.22,0.06,-0.08,0.1018,0.1018,0.1018,0.1018,0.05,0.05,0.00,26.712138,84.305089,49.4,2068,2068,2068,2068,2048,2048
36101,IDLE,0.05,0.03,178.82,-0.02,-0.01,0.13,-0.1543,-0.1543,-0.1543,-0.1543,0.05,0.04,0.00,26.712138,84.305089,49.4,2017,2017,2017,2017,2048,2048
36126,IDLE,0.05,0.03,178.83,0.13,-0.03,-0.03,0.0392,0.0392,0.0392,0.0392,0.05,0.04,0.00,26.712138,84.305089,49.4,2056,2056,2056,2056,2048,2048
36149,IDLE,0.05,0.02,178.84,0.04,-0.09,0.06,-0.0682,-0.0682,-0.0682,-0.0682,0.05,0.03,0.00,26.712138,84.305089,49.4,2034,2034,2034,2034,2048,2048
36184,IDLE,0.05,0.03,178.85,0.04,0.08,0.03,-0.0407,-0.0407,-0.0407,-0.0407,0.05,0.03,0.00,26.712138,84.305089,49.4,2040,2040,2040,2040,2048,2048
36211,IDLE,0.05,0.03,178.86,0.05,0.15,0.04,-0.0474,-0.0474,-0.0474,-0.0474,0.05,0.03,0.00,26.712138,84.305089,49.4,2039,2039,2039,2039,2048,2048
36231,IDLE,0.05,0.03,178.86,-0.16,0.18,-0.18,0.2205,0.2205,0.2205,0.2205,0.05,0.04,0.00,26.712138,84.305089,49.4,2092,2092,2092,2092,2048,2048
36255,IDLE,0.04,0.04,178.86,-0.09,0.10,-0.12,0.1425,0.1425,0.1425,0.1425,0.05,0.04,0.00,26.712138,84.305089,49.4,2076,2076,2076,2076,2048,2048
36278,IDLE,0.04,0.04,178.87,-0.02,0.08,-0.03,0.0344,0.0344,0.0344,0.0344,0.05,0.06,0.00,26.712138,84.305089,49.4,2055,2055,2055,2055,2048,2048
36305,IDLE,0.04,0.04,178.88,0.03,0.01,-0.07,0.0860,0.0860,0.0860,0.0860,0.05,0.07,0.00,26.712138,84.305089,49.4,2065,2065,2065,2065,2048,2048
36325,IDLE,0.04,0.04,178.89,-0.06,0.08,-0.01,0.0148,0.0148,0.0148,0.0148,0.06,0.08,0.00,26.712138,84.305089,49.4,2051,2051,2051,2051,2048,2048
36349,IDLE,0.04,0.04,178.89,-0.02,0.00,0.01,-0.0096,-0.0096,-0.0096,-0.0096,0.06,0.09,0.00,26.712138,84.305089,49.4,2046,2046,2046,2046,2048,2048
36372,IDLE,0.04,0.04,178.90,0.22,0.00,-0.02,0.0156,0.0156,0.0156,0.0156,0.06,0.08,0.00,26.712138,84.305089,49.4,2051,2051,2051,2051,2048,2048
36398,IDLE,0.04,0.04,178.91,0.21,-0.05,0.04,-0.0509,-0.0509,-0.0509,-0.0509,0.06,0.07,0.00,26.712138,84.305089,49.4,2038,2038,2038,2038,2048,2048
36418,IDLE,0.04,0.03,178.92,0.11,-0.18,0.03,-0.0350,-0.0350,-0.0350,-0.0350,0.06,0.04,0.00,26.712138,84.305089,49.4,2041,2041,2041,2041,2048,2048
36441,IDLE,0.04,0.03,178.93,0.10,-0.00,0.09,-0.1180,-0.1180,-0.1180,-0.1180,0.06,0.03,0.00,26.712138,84.305089,49.4,2024,2024,2024,2024,2048,2048
36464,IDLE,0.05,0.03,178.93,0.14,-0.10,0.07,-0.0893,-0.0893,-0.0893,-0.0893,0.06,0.02,0.00,26.712138,84.305089,49.4,2030,2030,2030,2030,2048,2048
36489,IDLE,0.05,0.03,178.95,0.14,0.04,0.17,-0.2063,-0.2063,-0.2063,-0.2063,0.06,0.02,0.00,26.712138,84.305089,49.4,2007,2007,2007,2007,2048,2048
36508,IDLE,0.05,0.03,178.95,0.09,0.07,0.08,-0.0975,-0.0975,-0.0975,-0.0975,0.06,0.02,0.00,26.712138,84.305089,49.4,2029,2029,2029,2029,2048,2048
36536,IDLE,0.05,0.03,178.96,0.19,-0.04,0.11,-0.1366,-0.1366,-0.1366,-0.1366,0.06,0.02,0.00,26.712138,84.305089,49.4,2021,2021,2021,2021,2048,2048
36557,IDLE,0.05,0.03,178.97,-0.01,0.04,0.08,-0.0960,-0.0960,-0.0960,-0.0960,0.06,0.01,0.00,26.712138,84.305089,49.4,2029,2029,2029,2029,2048,2048
36582,IDLE,0.04,0.03,178.98,-0.25,0.12,0.23,-0.2732,-0.2732,-0.2732,-0.2732,0.06,0.01,0.00,26.712138,84.305089,49.4,1993,1993,1993,1993,2048,2048
36600,IDLE,0.03,0.03,179.00,-0.41,0.24,0.21,-0.2471,-0.2471,-0.2471,-0.2471,0.06,0.02,0.00,26.712138,84.305089,49.4,1999,1999,1999,1999,2048,2048
36627,IDLE,0.03,0.04,179.01,-0.34,0.16,0.15,-0.1739,-0.1739,-0.1739,-0.1739,0.06,0.02,0.00,26.712138,84.305089,49.4,2013,2013,2013,2013,2048,2048
36648,IDLE,0.02,0.04,179.02,-0.23,0.07,0.19,-0.2264,-0.2264,-0.2264,-0.2264,0.06,0.03,0.00,26.712138,84.305089,49.4,2003,2003,2003,2003,2048,2048
36671,IDLE,0.02,0.04,179.03,-0.10,0.12,0.10,-0.1224,-0.1224,-0.1224,-0.1224,0.06,0.04,0.00,26.712138,84.305089,49.4,2024,2024,2024,2024,2048,2048
36694,IDLE,0.02,0.04,179.04,-0.03,0.05,0.13,-0.1619,-0.1619,-0.1619,-0.1619,0.06,0.03,0.00,26.712138,84.305089,49.4,2016,2016,2016,2016,2048,2048
36720,IDLE,0.02,0.04,179.05,0.08,0.00,0.11,-0.1351,-0.1351,-0.1351,-0.1351,0.06,0.02,0.00,26.712138,84.305089,49.4,2021,2021,2021,2021,2048,2048
36739,IDLE,0.02,0.04,179.05,0.09,0.02,0.09,-0.1069,-0.1069,-0.1069,-0.1069,0.06,0.02,0.00,26.712138,84.305089,49.4,2027,2027,2027,2027,2048,2048
36767,IDLE,0.02,0.04,179.06,0.17,-0.01,0.01,-0.0110,-0.0110,-0.0110,-0.0110,0.06,0.01,0.00,26.712138,84.305089,49.4,2046,2046,2046,2046,2048,2048
36794,IDLE,0.03,0.04,179.07,0.36,-0.05,0.04,-0.0529,-0.0529,-0.0529,-0.0529,0.06,0.00,0.00,26.712138,84.305089,49.4,2037,2037,2037,2037,2048,2048
36814,IDLE,0.04,0.03,179.08,0.36,-0.09,0.26,-0.3267,-0.3267,-0.3267,-0.3267,0.06,0.00,0.00,26.712138,84.305089,49.4,1983,1983,1983,1983,2048,2048
36838,IDLE,0.04,0.04,179.09,0.25,0.17,0.17,-0.2150,-0.2150,-0.2150,-0.2150,0.06,0.00,0.00,26.712138,84.305089,49.4,2005,2005,2005,2005,2048,2048
36860,IDLE,0.05,0.04,179.10,0.20,0.15,0.18,-0.2268,-0.2268,-0.2268,-0.2268,0.06,0.01,0.00,26.712138,84.305089,49.4,2003,2003,2003,2003,2048,2048
36886,IDLE,0.05,0.04,179.11,0.18,0.03,0.09,-0.1186,-0.1186,-0.1186,-0.1186,0.06,0.01,0.00,26.712138,84.305089,49.4,2024,2024,2024,2024,2048,2048
36905,IDLE,0.05,0.04,179.12,0.21,0.06,0.08,-0.1009,-0.1009,-0.1009,-0.1009,0.06,0.01,0.00,26.712138,84.305089,49.4,2028,2028,2028,2028,2048,2048
36933,IDLE,0.05,0.04,179.12,0.12,0.06,0.06,-0.0747,-0.0747,-0.0747,-0.0747,0.07,0.02,0.00,26.712138,84.305089,49.4,2033,2033,2033,2033,2048,2048
36960,IDLE,0.05,0.04,179.13,-0.01,0.17,0.04,-0.0575,-0.0575,-0.0575,-0.0575,0.07,0.02,0.00,26.712138,84.305089,49.4,2036,2036,2036,2036,2048,2048
36987,IDLE,0.04,0.05,179.13,-0.33,0.25,-0.08,0.1043,0.1043,0.1043,0.1043,0.07,0.03,0.00,26.712138,84.305089,49.4,2069,2069,2069,2069,2048,2048
37013,IDLE,0.04,0.05,179.14,-0.28,0.21,-0.03,0.0409,0.0409,0.0409,0.0409,0.07,0.03,0.00,26.712138,84.305089,49.4,2056,2056,2056,2056,2048,2048
37032,IDLE,0.03,0.05,179.15,-0.25,0.11,0.10,-0.1214,-0.1214,-0.1214,-0.1214,0.07,0.03,0.00,26.712138,84.305089,49.4,2024,2024,2024,2024,2048,2048
37060,IDLE,0.02,0.06,179.16,-0.20,0.15,0.18,-0.2180,-0.2180,-0.2180,-0.2180,0.07,0.02,0.00,26.712138,84.305089,49.4,2004,2004,2004,2004,2048,2048
37081,IDLE,0.03,0.06,179.17,0.06,-0.05,0.26,-0.3232,-0.3232,-0.3232,-0.3232,0.07,0.02,0.00,26.712138,84.305089,49.4,1983,1983,1983,1983,2048,2048
37106,IDLE,0.02,0.05,179.18,-0.06,-0.04,0.25,-0.3015,-0.3015,-0.3015,-0.3015,0.07,0.01,0.00,26.712138,84.305089,M,1988,1988,1988,1988,2048,2048
37124,IDLE,0.02,0.05,179.19,-0.12,0.01,0.25,-0.3038,-0.3038,-0.3038,-0.3038,0.07,-0.01,0.00,26.712138,84.305089,M,1987,1987,1987,1987,2048,2048
37152,IDLE,0.02,0.05,179.21,-0.10,0.07,0.32,-0.3846,-0.3846,-0.3846,-0.3846,0.06,-0.03,0.00,26.712138,84.305089,M,1971,1971,1971,1971,2048,2048
37172,IDLE,0.02,0.06,179.21,0.07,0.13,0.10,-0.1317,-0.1317,-0.1317,-0.1317,0.06,-0.02,0.00,26.712138,84.305089,M,2022,2022,2022,2022,2048,2048
37197,IDLE,0.02,0.06,179.22,0.05,0.08,0.07,-0.0938,-0.0938,-0.0938,-0.0938,0.06,-0.02,0.00,26.712138,84.305089,M,2029,2029,2029,2029,2048,2048
37215,IDLE,0.02,0.06,179.23,0.07,0.07,0.11,-0.1391,-0.1391,-0.1391,-0.1391,0.06,-0.01,0.00,26.712138,84.305089,M,2020,2020,2020,2020,2048,2048
37242,IDLE,0.02,0.06,179.24,0.10,0.01,0.12,-0.1480,-0.1480,-0.1480,-0.1480,0.07,-0.00,0.00,26.712138,84.305089,M,2018,2018,2018,2018,2048,2048
37262,IDLE,0.02,0.05,179.24,-0.04,-0.08,0.09,-0.1090,-0.1090,-0.1090,-0.1090,0.07,0.01,0.00,26.712138,84.305089,M,2026,2026,2026,2026,2048,2048
37287,IDLE,0.02,0.05,179.25,-0.03,-0.13,0.10,-0.1137,-0.1137,-0.1137,-0.1137,0.07,0.01,0.00,26.712138,84.305089,M,2025,2025,2025,2025,2048,2048
37305,IDLE,0.03,0.04,179.26,0.17,-0.23,0.07,-0.0880,-0.0880,-0.0880,-0.0880,0.07,0.01,0.00,26.712138,84.305089,M,2030,2030,2030,2030,2048,2048
37332,IDLE,0.03,0.04,179.26,-0.06,-0.09,0.08,-0.0893,-0.0893,-0.0893,-0.0893,0.07,0.01,0.00,26.712138,84.305089,M,2030,2030,2030,2030,2048,2048
37352,IDLE,0.02,0.03,179.27,0.01,-0.16,0.10,-0.1195,-0.1195,-0.1195,-0.1195,0.07,0.01,0.00,26.712138,84.305089,M,2024,2024,2024,2024,2048,2048
37376,IDLE,0.02,0.03,179.28,-0.02,-0.11,0.01,-0.0128,-0.0128,-0.0128,-0.0128,0.07,0.01,0.00,26.712138,84.305089,M,2045,2045,2045,2045,2048,2048
37399,IDLE,0.02,0.03,179.28,-0.00,-0.01,0.01,-0.0157,-0.0157,-0.0157,-0.0157,0.07,0.03,0.00,26.712138,84.305089,M,2045,2045,2045,2045,2048,2048
37426,IDLE,0.02,0.02,179.29,0.10,-0.08,-0.00,0.0036,0.0036,0.0036,0.0036,0.07,0.03,0.00,26.712138,84.305089,M,2049,2049,2049,2049,2048,2048
37446,IDLE,0.02,0.02,179.29,-0.04,-0.12,-0.07,0.0891,0.0891,0.0891,0.0891,0.07,0.03,0.00,26.712138,84.305089,M,2066,2066,2066,2066,2048,2048
37470,IDLE,0.02,0.02,179.29,0.07,-0.18,-0.02,0.0308,0.0308,0.0308,0.0308,0.07,0.03,0.00,26.712138,84.305089,M,2054,2054,2054,2054,2048,2048
37488,IDLE,0.02,0.01,179.30,-0.07,-0.13,-0.01,0.0206,0.0206,0.0206,0.0206,0.07,0.02,0.00,26.712138,84.305089,M,2052,2052,2052,2052,2048,2048
37515,IDLE,0.02,0.01,179.31,-0.01,-0.07,0.08,-0.0961,-0.0961,-0.0961,-0.0961,0.07,0.02,0.00,26.712138,84.305089,M,2029,2029,2029,2029,2048,2048
37536,IDLE,0.02,0.01,179.31,0.07,-0.23,0.07,-0.0883,-0.0883,-0.0883,-0.0883,0.07,0.03,0.00,26.712138,84.305089,M,2030,2030,2030,2030,2048,2048
37561,IDLE,0.02,0.00,179.32,0.03,-0.14,0.00,-0.0003,-0.0003,-0.0003,-0.0003,0.07,0.04,0.00,26.712138,84.305089,M,2048,2048,2048,2048,2048,2048
37579,IDLE,0.03,0.00,179.32,0.02,-0.11,0.11,-0.1379,-0.1379,-0.1379,-0.1379,0.08,0.05,0.00,26.712138,84.305089,M,2020,2020,2020,2020,2048,2048
37606,IDLE,0.03,-0.00,179.33,0.03,-0.08,0.27,-0.3317,-0.3317,-0.3317,-0.3317,0.08,0.06,0.00,26.712138,84.305089,M,1982,1982,1982,1982,2048,2048
37627,IDLE,0.03,-0.00,179.35,0.21,-0.12,0.28,-0.3407,-0.3407,-0.3407,-0.3407,0.08,0.04,0.00,26.712138,84.305089,M,1980,1980,1980,1980,2048,2048
37652,IDLE,0.04,-0.01,179.36,0.45,-0.19,0.32,-0.3971,-0.3971,-0.3971,-0.3971,0.08,0.02,0.00,26.712138,84.305089,M,1969,1969,1969,1969,2048,2048
37670,IDLE,0.04,-0.01,179.37,0.33,-0.16,0.16,-0.2045,-0.2045,-0.2045,-0.2045,0.08,0.02,0.00,26.712138,84.305089,M,2007,2007,2007,2007,2048,2048
37697,IDLE,0.05,-0.01,179.37,0.11,-0.05,0.06,-0.0759,-0.0759,-0.0759,-0.0759,0.08,0.01,0.00,26.712138,84.305089,M,2033,2033,2033,2033,2048,2048
37717,IDLE,0.06,-0.01,179.38,0.38,-0.14,0.02,-0.0306,-0.0306,-0.0306,-0.0306,0.08,-0.00,0.00,26.712138,84.305089,M,2042,2042,2042,2042,2048,2048
37742,IDLE,0.06,-0.01,179.38,0.40,-0.06,0.01,-0.0223,-0.0223,-0.0223,-0.0223,0.07,-0.02,0.00,26.712138,84.305089,M,2044,2044,2044,2044,2048,2048
37765,IDLE,0.07,-0.02,179.39,0.40,-0.12,0.07,-0.0876,-0.0876,-0.0876,-0.0876,0.07,-0.04,0.00,26.712138,84.305089,M,2030,2030,2030,2030,2048,2048
37791,IDLE,0.08,-0.02,179.39,0.44,-0.17,-0.00,-0.0066,-0.0066,-0.0066,-0.0066,0.07,-0.06,0.00,26.712138,84.305089,M,2047,2047,2047,2047,2048,2048
37811,IDLE,0.09,-0.02,179.39,0.38,-0.22,0.02,-0.0292,-0.0292,-0.0292,-0.0292,0.07,-0.07,0.00,26.712138,84.305089,M,2042,2042,2042,2042,2048,2048
37835,IDLE,0.09,-0.02,179.40,0.08,0.01,0.00,-0.0043,-0.0043,-0.0043,-0.0043,0.06,-0.07,0.00,26.712138,84.305089,M,2047,2047,2047,2047,2048,2048
37857,IDLE,0.09,-0.02,179.40,0.06,0.03,0.00,-0.0076,-0.0076,-0.0076,-0.0076,0.06,-0.07,0.00,26.712138,84.305089,M,2046,2046,2046,2046,2048,2048
37883,IDLE,0.08,-0.02,179.41,0.02,-0.00,0.14,-0.1693,-0.1693,-0.1693,-0.1693,0.06,-0.07,0.00,26.712138,84.305089,M,2014,2014,2014,2014,2048,2048
37902,IDLE,0.08,-0.02,179.42,0.06,-0.01,0.12,-0.1490,-0.1490,-0.1490,-0.1490,0.06,-0.07,0.00,26.712138,84.305089,M,2018,2018,2018,2018,2048,2048
37925,IDLE,0.08,-0.03,179.42,0.04,-0.07,0.12,-0.1425,-0.1425,-0.1425,-0.1425,0.06,-0.06,0.00,26.712138,84.305089,M,2020,2020,2020,2020,2048,2048
37947,IDLE,0.08,-0.03,179.43,0.17,-0.11,0.04,-0.0482,-0.0482,-0.0482,-0.0482,0.06,-0.06,0.00,26.712138,84.305089,M,2038,2038,2038,2038,2048,2048
37972,IDLE,0.09,-0.03,179.43,0.16,0.05,-0.01,0.0052,0.0052,0.0052,0.0052,0.06,-0.06,0.00,26.712138,84.305089,M,2049,2049,2049,2049,2048,2048
37991,IDLE,0.08,-0.02,179.43,0.04,0.12,-0.11,0.1259,0.1259,0.1259,0.1259,0.06,-0.05,0.00,26.712138,84.305089,M,2073,2073,2073,2073,2048,2048
38014,IDLE,0.08,-0.02,179.44,0.06,0.14,-0.11,0.1254,0.1254,0.1254,0.1254,0.06,-0.04,0.00,26.712138,84.305089,M,2073,2073,2073,2073,2048,2048
38035,IDLE,0.08,-0.01,179.43,-0.00,0.15,-0.16,0.1894,0.1894,0.1894,0.1894,0.06,-0.04,0.00,26.712138,84.305089,M,2086,2086,2086,2086,2048,2048
38061,IDLE,0.08,-0.01,179.44,0.01,0.08,-0.09,0.1095,0.1095,0.1095,0.1095,0.06,-0.04,0.00,26.712138,84.305089,M,2070,2070,2070,2070,2048,2048
38080,IDLE,0.08,-0.01,179.44,-0.15,-0.02,0.05,-0.0538,-0.0538,-0.0538,-0.0538,0.06,-0.03,0.00,26.712138,84.305089,M,2037,2037,2037,2037,2048,2048
38104,IDLE,0.07,-0.01,179.44,0.05,-0.08,-0.03,0.0339,0.0339,0.0339,0.0339,0.06,-0.03,0.00,26.712138,84.305089,M,2055,2055,2055,2055,2048,2048
38126,IDLE,0.07,-0.01,179.45,0.03,-0.08,0.00,-0.0000,-0.0000,-0.0000,-0.0000,0.06,-0.02,0.00,26.712138,84.305089,M,2048,2048,2048,2048,2048,2048
38160,IDLE,0.08,-0.02,179.46,0.13,-0.13,0.09,-0.1121,-0.1121,-0.1121,-0.1121,0.06,0.00,0.00,26.712138,84.305089,M,2026,2026,2026,2026,2048,2048
38186,IDLE,0.08,-0.02,179.46,0.30,-0.17,0.13,-0.1680,-0.1680,-0.1680,-0.1680,0.06,0.01,0.00,26.712138,84.305089,M,2014,2014,2014,2014,2048,2048
38206,IDLE,0.08,-0.02,179.47,0.15,-0.17,0.28,-0.3409,-0.3409,-0.3409,-0.3409,0.06,0.02,0.00,26.712138,84.305089,M,1980,1980,1980,1980,2048,2048
38229,IDLE,0.08,-0.03,179.48,0.10,-0.40,0.44,-0.5303,-0.5303,-0.5303,-0.5303,0.06,0.03,0.00,26.712138,84.305089,M,1942,1942,1942,1942,2048,2048
38251,IDLE,0.08,-0.04,179.49,-0.00,-0.32,0.26,-0.3068,-0.3068,-0.3068,-0.3068,0.06,0.03,0.00,26.712138,84.305089,M,1987,1987,1987,1987,2048,2048
38277,IDLE,0.08,-0.04,179.50,-0.03,-0.31,0.20,-0.2385,-0.2385,-0.2385,-0.2385,0.06,0.03,0.00,26.712138,84.305089,M,2000,2000,2000,2000,2048,2048
38296,IDLE,0.07,-0.05,179.51,-0.11,-0.22,0.22,-0.2615,-0.2615,-0.2615,-0.2615,0.06,0.02,0.00,26.712138,84.305089,M,1996,1996,1996,1996,2048,2048
38324,IDLE,0.07,-0.05,179.52,-0.10,-0.16,0.14,-0.1681,-0.1681,-0.1681,-0.1681,0.06,0.01,0.00,26.712138,84.305089,M,2014,2014,2014,2014,2048,2048
38345,IDLE,0.06,-0.05,179.53,-0.27,-0.11,0.18,-0.2144,-0.2144,-0.2144,-0.2144,0.06,0.01,0.00,26.712138,84.305089,M,2005,2005,2005,2005,2048,2048
38370,IDLE,0.05,-0.05,179.53,-0.17,-0.09,0.17,-0.1970,-0.1970,-0.1970,-0.1970,0.06,0.00,0.00,26.712138,84.305089,M,2009,2009,2009,2009,2048,2048
38388,IDLE,0.05,-0.05,179.54,-0.12,-0.03,0.22,-0.2605,-0.2605,-0.2605,-0.2605,0.06,-0.01,0.00,26.712138,84.305089,M,1996,1996,1996,1996,2048,2048
38416,IDLE,0.05,-0.05,179.55,-0.01,-0.04,0.27,-0.3268,-0.3268,-0.3268,-0.3268,0.06,-0.01,0.00,26.712138,84.305089,M,1983,1983,1983,1983,2048,2048
38437,IDLE,0.05,-0.05,179.56,0.11,0.07,0.25,-0.3081,-0.3081,-0.3081,-0.3081,0.06,-0.03,0.00,26.712138,84.305089,M,1986,1986,1986,1986,2048,2048
38461,IDLE,0.05,-0.05,179.57,0.05,0.07,0.19,-0.2286,-0.2286,-0.2286,-0.2286,0.05,-0.05,0.00,26.712138,84.305089,M,2002,2002,2002,2002,2048,2048
38484,IDLE,0.05,-0.05,179.57,0.04,0.10,0.16,-0.1989,-0.1989,-0.1989,-0.1989,0.05,-0.04,0.00,26.712138,84.305089,M,2008,2008,2008,2008,2048,2048
38510,IDLE,0.05,-0.04,179.58,0.08,-0.05,0.18,-0.2211,-0.2211,-0.2211,-0.2211,0.05,-0.04,0.00,26.712138,84.305089,M,2004,2004,2004,2004,2048,2048
38531,IDLE,0.05,-0.05,179.58,0.11,-0.07,0.09,-0.1095,-0.1095,-0.1095,-0.1095,0.05,-0.02,0.00,26.712138,84.305089,M,2026,2026,2026,2026,2048,2048
38554,IDLE,0.05,-0.04,179.59,0.23,-0.02,0.10,-0.1217,-0.1217,-0.1217,-0.1217,0.06,-0.01,0.00,26.712138,84.305089,M,2024,2024,2024,2024,2048,2048
38577,IDLE,0.06,-0.04,179.59,0.22,-0.02,0.04,-0.0511,-0.0511,-0.0511,-0.0511,0.06,0.01,0.00,26.712138,84.305089,M,2038,2038,2038,2038,2048,2048
38603,IDLE,0.06,-0.04,179.59,0.06,-0.01,-0.08,0.1009,0.1009,0.1009,0.1009,0.06,0.03,0.00,26.712138,84.305089,M,2068,2068,2068,2068,2048,2048
38622,IDLE,0.06,-0.04,179.60,0.21,0.07,-0.01,0.0097,0.0097,0.0097,0.0097,0.06,0.04,0.00,26.712138,84.305089,M,2050,2050,2050,2050,2048,2048
38646,IDLE,0.06,-0.04,179.60,0.18,0.04,-0.19,0.2303,0.2303,0.2303,0.2303,0.06,0.05,0.00,26.712138,84.305089,M,2094,2094,2094,2094,2048,2048
38668,IDLE,0.07,-0.04,179.59,0.29,-0.04,-0.16,0.1934,0.1934,0.1934,0.1934,0.06,0.04,0.00,26.712138,84.305089,M,2087,2087,2087,2087,2048,2048
38695,IDLE,0.07,-0.04,179.60,0.08,-0.01,-0.07,0.0857,0.0857,0.0857,0.0857,0.06,0.03,0.00,26.712138,84.305089,M,2065,2065,2065,2065,2048,2048
38716,IDLE,0.06,-0.04,179.59,-0.03,-0.02,-0.17,0.2043,0.2043,0.2043,0.2043,0.06,0.01,0.00,26.712138,84.305089,M,2089,2089,2089,2089,2048,2048
38740,IDLE,0.06,-0.04,179.59,-0.01,-0.05,-0.12,0.1512,0.1512,0.1512,0.1512,0.06,0.01,0.00,26.712138,84.305089,M,2078,2078,2078,2078,2048,2048
38758,IDLE,0.06,-0.04,179.60,-0.05,-0.14,-0.05,0.0695,0.0695,0.0695,0.0695,0.06,-0.01,0.00,26.712138,84.305089,M,2062,2062,2062,2062,2048,2048
38785,IDLE,0.06,-0.04,179.60,-0.00,-0.13,-0.05,0.0694,0.0694,0.0694,0.0694,0.06,-0.02,0.00,26.712138,84.305089,M,2062,2062,2062,2062,2048,2048
38806,IDLE,0.05,-0.04,179.60,-0.08,-0.08,0.00,-0.0003,-0.0003,-0.0003,-0.0003,0.06,-0.03,0.00,26.712138,84.305089,M,2048,2048,2048,2048,2048,2048
38830,IDLE,0.05,-0.05,179.60,0.04,-0.13,-0.06,0.0694,0.0694,0.0694,0.0694,0.06,-0.04,0.00,26.712138,84.305089,M,2062,2062,2062,2062,2048,2048
38848,IDLE,0.05,-0.05,179.60,-0.01,-0.05,-0.11,0.1322,0.1322,0.1322,0.1322,0.05,-0.05,0.00,26.712138,84.305089,M,2074,2074,2074,2074,2048,2048
38875,IDLE,0.05,-0.05,179.60,-0.05,-0.08,-0.05,0.0592,0.0592,0.0592,0.0592,0.05,-0.05,0.00,26.712138,84.305089,M,2060,2060,2060,2060,2048,2048
38896,IDLE,0.04,-0.05,179.61,-0.18,0.02,-0.00,0.0069,0.0069,0.0069,0.0069,0.05,-0.06,0.00,26.712138,84.305089,M,2049,2049,2049,2049,2048,2048
38920,IDLE,0.04,-0.04,179.61,-0.14,0.08,0.05,-0.0648,-0.0648,-0.0648,-0.0648,0.05,-0.06,0.00,26.712138,84.305089,M,2035,2035,2035,2035,2048,2048
38938,IDLE,0.03,-0.03,179.62,-0.41,0.28,0.20,-0.2400,-0.2400,-0.2400,-0.2400,0.05,-0.06,0.00,26.712138,84.305089,M,2000,2000,2000,2000,2048,2048
38965,IDLE,0.02,-0.03,179.63,-0.29,0.23,0.29,-0.3453,-0.3453,-0.3453,-0.3453,0.05,-0.06,0.00,26.712138,84.305089,M,1979,1979,1979,1979,2048,2048
38998,IDLE,0.00,-0.02,179.64,-0.44,0.22,0.19,-0.2311,-0.2311,-0.2311,-0.2311,0.05,-0.05,0.00,26.712138,84.305089,M,2002,2002,2002,2002,2048,2048
39023,IDLE,-0.00,-0.02,179.64,-0.38,0.12,-0.02,0.0275,0.0275,0.0275,0.0275,0.05,-0.05,0.00,26.712138,84.305089,M,2053,2053,2053,2053,2048,2048
39042,IDLE,-0.01,-0.01,179.64,-0.33,0.13,0.03,-0.0260,-0.0260,-0.0260,-0.0260,0.05,-0.04,0.00,26.712138,84.305089,M,2043,2043,2043,2043,2048,2048
39070,IDLE,-0.02,-0.01,179.64,-0.32,0.02,-0.00,0.0111,0.0111,0.0111,0.0111,0.05,-0.03,0.00,26.712138,84.305089,M,2050,2050,2050,2050,2048,2048
39097,IDLE,-0.02,-0.01,179.65,-0.22,0.05,0.03,-0.0318,-0.0318,-0.0318,-0.0318,0.05,-0.02,0.00,26.712138,84.305089,M,2042,2042,2042,2042,2048,2048
39117,IDLE,-0.03,-0.01,179.65,-0.25,0.10,0.07,-0.0821,-0.0821,-0.0821,-0.0821,0.05,-0.00,0.00,26.712138,84.305089,M,2032,2032,2032,2032,2048,2048
39141,IDLE,-0.03,-0.01,179.65,-0.18,0.13,0.04,-0.0437,-0.0437,-0.0437,-0.0437,0.05,0.01,0.00,26.712138,84.305089,M,2039,2039,2039,2039,2048,2048
39163,IDLE,-0.02,-0.00,179.66,0.04,0.05,0.03,-0.0329,-0.0329,-0.0329,-0.0329,0.05,0.01,0.00,26.712138,84.305089,M,2041,2041,2041,2041,2048,2048
39189,IDLE,-0.02,-0.00,179.66,-0.01,-0.01,0.04,-0.0518,-0.0518,-0.0518,-0.0518,0.05,0.01,0.00,26.712138,84.305089,M,2038,2038,2038,2038,2048,2048
39209,IDLE,-0.02,-0.01,179.66,0.14,-0.08,-0.05,0.0599,0.0599,0.0599,0.0599,0.05,-0.01,0.00,26.712138,84.305089,M,2060,2060,2060,2060,2048,2048
39232,IDLE,-0.02,-0.00,179.66,-0.00,0.00,-0.08,0.0965,0.0965,0.0965,0.0965,0.05,-0.01,0.00,26.712138,84.305089,M,2067,2067,2067,2067,2048,2048
39253,IDLE,-0.01,-0.00,179.67,0.14,-0.00,0.04,-0.0485,-0.0485,-0.0485,-0.0485,0.04,-0.03,0.00,26.712138,84.305089,M,2038,2038,2038,2038,2048,2048
39279,IDLE,-0.01,-0.01,179.67,0.15,-0.09,0.00,-0.0030,-0.0030,-0.0030,-0.0030,0.04,-0.05,0.00,26.712138,84.305089,M,2047,2047,2047,2047,2048,2048
39298,IDLE,-0.01,-0.01,179.67,0.19,-0.05,-0.05,0.0576,0.0576,0.0576,0.0576,0.04,-0.05,0.00,26.712138,84.305089,M,2060,2060,2060,2060,2048,2048
39326,IDLE,-0.00,-0.01,179.67,0.14,-0.14,-0.14,0.1664,0.1664,0.1664,0.1664,0.04,-0.06,0.00,26.712138,84.305089,M,2081,2081,2081,2081,2048,2048
39347,IDLE,0.00,-0.01,179.66,0.25,-0.17,-0.31,0.3715,0.3715,0.3715,0.3715,0.04,-0.07,0.00,26.712138,84.305089,M,2122,2122,2122,2122,2048,2048
39372,IDLE,0.01,-0.02,179.66,0.26,-0.15,-0.37,0.4443,0.4443,0.4443,0.4443,0.04,-0.07,0.00,26.712138,84.305089,M,2137,2137,2137,2137,2048,2048
39391,IDLE,0.01,-0.02,179.65,0.30,-0.16,-0.39,0.4665,0.4665,0.4665,0.4665,0.03,-0.09,0.00,26.712138,84.305089,M,2141,2141,2141,2141,2048,2048
39419,IDLE,0.02,-0.03,179.65,0.32,-0.29,-0.32,0.3914,0.3914,0.3914,0.3914,0.03,-0.10,0.00,26.712138,84.305089,M,2126,2126,2126,2126,2048,2048
39440,IDLE,0.02,-0.03,179.64,0.17,-0.20,-0.31,0.3821,0.3821,0.3821,0.3821,0.03,-0.09,0.00,26.712138,84.305089,M,2124,2124,2124,2124,2048,2048
39466,IDLE,0.03,-0.03,179.64,0.17,-0.17,-0.26,0.3163,0.3163,0.3163,0.3163,0.03,-0.08,0.00,26.712138,84.305089,M,2111,2111,2111,2111,2048,2048
39485,IDLE,0.03,-0.03,179.63,0.21,-0.07,-0.18,0.2167,0.2167,0.2167,0.2167,0.03,-0.08,0.00,26.712138,84.305089,M,2091,2091,2091,2091,2048,2048
39508,IDLE,0.03,-0.03,179.64,0.26,-0.12,-0.09,0.1002,0.1002,0.1002,0.1002,0.03,-0.07,0.00,26.712138,84.305089,M,2068,2068,2068,2068,2048,2048
39530,IDLE,0.04,-0.03,179.64,0.38,-0.10,-0.08,0.0935,0.0935,0.0935,0.0935,0.02,-0.07,0.00,26.712138,84.305089,M,2067,2067,2067,2067,2048,2048
39555,IDLE,0.05,-0.04,179.64,0.45,-0.18,-0.17,0.1947,0.1947,0.1947,0.1947,0.02,-0.07,0.00,26.712138,84.305089,M,2087,2087,2087,2087,2048,2048
39575,IDLE,0.06,-0.04,179.63,0.26,-0.29,-0.16,0.1924,0.1924,0.1924,0.1924,0.02,-0.07,0.00,26.712138,84.305089,M,2086,2086,2086,2086,2048,2048
39598,IDLE,0.06,-0.05,179.63,0.10,-0.25,-0.17,0.2038,0.2038,0.2038,0.2038,0.02,-0.07,0.00,26.712138,84.305089,M,2089,2089,2089,2089,2048,2048
39620,IDLE,0.06,-0.05,179.63,0.16,-0.07,-0.07,0.0866,0.0866,0.0866,0.0866,0.02,-0.07,0.00,26.712138,84.305089,M,2065,2065,2065,2065,2048,2048
39646,IDLE,0.06,-0.04,179.63,0.23,0.03,-0.12,0.1421,0.1421,0.1421,0.1421,0.02,-0.06,0.00,26.712138,84.305089,M,2076,2076,2076,2076,2048,2048
39666,IDLE,0.07,-0.04,179.63,0.16,0.16,-0.05,0.0544,0.0544,0.0544,0.0544,0.02,-0.06,0.00,26.712138,84.305089,M,2059,2059,2059,2059,2048,2048
39689,IDLE,0.07,-0.04,179.64,0.30,0.05,-0.05,0.0552,0.0552,0.0552,0.0552,0.02,-0.06,0.00,26.712138,84.305089,M,2059,2059,2059,2059,2048,2048
39712,IDLE,0.08,-0.03,179.64,0.25,0.16,-0.05,0.0530,0.0530,0.0530,0.0530,0.02,-0.05,0.00,26.712138,84.305089,M,2059,2059,2059,2059,2048,2048
39739,IDLE,0.08,-0.03,179.64,0.24,0.05,-0.14,0.1671,0.1671,0.1671,0.1671,0.02,-0.04,0.00,26.712138,84.305089,M,2081,2081,2081,2081,2048,2048
39759,IDLE,0.08,-0.03,179.64,0.20,-0.12,-0.14,0.1653,0.1653,0.1653,0.1653,0.02,-0.03,0.00,26.712138,84.305089,M,2081,2081,2081,2081,2048,2048
39784,IDLE,0.09,-0.03,179.63,0.36,-0.20,-0.20,0.2389,0.2389,0.2389,0.2389,0.02,-0.02,0.00,26.712138,84.305089,M,2096,2096,2096,2096,2048,2048
39802,IDLE,0.09,-0.04,179.63,0.32,-0.29,-0.18,0.2217,0.2217,0.2217,0.2217,0.02,-0.01,0.00,26.712138,84.305089,M,2092,2092,2092,2092,2048,2048
39829,IDLE,0.09,-0.04,179.63,0.20,-0.16,-0.22,0.2657,0.2657,0.2657,0.2657,0.02,0.00,0.00,26.712138,84.305089,M,2101,2101,2101,2101,2048,2048
39850,IDLE,0.10,-0.05,179.63,0.21,-0.19,-0.20,0.2475,0.2475,0.2475,0.2475,0.02,0.00,0.00,26.712138,84.305089,M,2098,2098,2098,2098,2048,2048
39874,IDLE,0.10,-0.05,179.63,0.10,-0.06,-0.13,0.1614,0.1614,0.1614,0.1614,0.02,0.00,0.00,26.712138,84.305089,M,2080,2080,2080,2080,2048,2048
39893,IDLE,0.09,-0.04,179.63,0.06,0.09,-0.21,0.2513,0.2513,0.2513,0.2513,0.02,-0.00,0.00,26.712138,84.305089,M,2098,2098,2098,2098,2048,2048
39920,IDLE,0.10,-0.04,179.63,0.22,0.03,-0.10,0.1226,0.1226,0.1226,0.1226,0.02,-0.00,0.00,26.712138,84.305089,M,2073,2073,2073,2073,2048,2048
39942,IDLE,0.10,-0.04,179.62,0.26,-0.12,-0.19,0.2318,0.2318,0.2318,0.2318,0.02,-0.00,0.00,26.712138,84.305089,M,2094,2094,2094,2094,2048,2048
39967,IDLE,0.10,-0.04,179.62,0.31,-0.08,-0.15,0.1761,0.1761,0.1761,0.1761,0.02,0.00,0.00,26.712138,84.305089,M,2083,2083,2083,2083,2048,2048
39986,IDLE,0.11,-0.04,179.62,0.36,0.01,-0.05,0.0467,0.0467,0.0467,0.0467,0.02,-0.00,0.00,26.712138,84.305089,M,2057,2057,2057,2057,2048,2048
40009,IDLE,0.11,-0.04,179.63,0.35,-0.01,-0.04,0.0356,0.0356,0.0356,0.0356,0.02,-0.01,0.00,26.712138,84.305089,M,2055,2055,2055,2055,2048,2048
40031,IDLE,0.12,-0.04,179.63,0.23,0.09,0.02,-0.0265,-0.0265,-0.0265,-0.0265,0.02,0.00,0.00,26.712138,84.305089,M,2043,2043,2043,2043,2048,2048
40057,IDLE,0.12,-0.04,179.63,0.33,0.06,0.02,-0.0341,-0.0341,-0.0341,-0.0341,0.02,0.01,0.00,26.712138,84.305089,M,2041,2041,2041,2041,2048,2048
40077,IDLE,0.12,-0.04,179.63,0.25,-0.01,-0.09,0.1012,0.1012,0.1012,0.1012,0.02,0.00,0.00,26.712138,84.305089,M,2068,2068,2068,2068,2048,2048
40100,IDLE,0.13,-0.03,179.63,0.25,0.02,-0.05,0.0606,0.0606,0.0606,0.0606,0.02,-0.00,0.00,26.712138,84.305089,M,2060,2060,2060,2060,2048,2048
40122,IDLE,0.13,-0.04,179.63,0.18,-0.19,-0.06,0.0785,0.0785,0.0785,0.0785,0.02,-0.01,0.00,26.712138,84.305089,M,2064,2064,2064,2064,2048,2048
40149,IDLE,0.13,-0.04,179.64,0.12,-0.18,-0.06,0.0780,0.0780,0.0780,0.0780,0.02,-0.01,0.00,26.712138,84.305089,M,2064,2064,2064,2064,2048,2048
40178,IDLE,0.12,-0.05,179.64,0.03,-0.27,-0.04,0.0532,0.0532,0.0532,0.0532,0.02,-0.01,0.00,26.712138,84.305089,49.8,2059,2059,2059,2059,2048,2048
40204,IDLE,0.12,-0.05,179.64,-0.06,-0.16,0.09,-0.1001,-0.1001,-0.1001,-0.1001,0.02,-0.01,0.00,26.712138,84.305089,49.8,2028,2028,2028,2028,2048,2048
40222,IDLE,0.12,-0.05,179.64,0.13,-0.26,0.05,-0.0647,-0.0647,-0.0647,-0.0647,0.01,-0.02,0.00,26.712138,84.305089,49.8,2035,2035,2035,2035,2048,2048
40250,IDLE,0.12,-0.06,179.65,0.13,-0.22,-0.07,0.0839,0.0839,0.0839,0.0839,0.01,-0.02,0.00,26.712138,84.305089,49.8,2065,2065,2065,2065,2048,2048
40271,IDLE,0.12,-0.06,179.65,0.20,-0.27,0.10,-0.1279,-0.1279,-0.1279,-0.1279,0.01,-0.03,0.00,26.712138,84.305089,49.8,2022,2022,2022,2022,2048,2048
40295,IDLE,0.12,-0.06,179.65,0.16,-0.23,0.03,-0.0313,-0.0313,-0.0313,-0.0313,0.01,-0.03,0.00,26.712138,84.305089,49.8,2042,2042,2042,2042,2048,2048
40318,IDLE,0.13,-0.06,179.66,0.23,-0.16,0.06,-0.0762,-0.0762,-0.0762,-0.0762,0.01,-0.05,0.00,26.712138,84.305089,49.8,2033,2033,2033,2033,2048,2048
40344,IDLE,0.13,-0.06,179.66,0.38,-0.10,0.18,-0.2275,-0.2275,-0.2275,-0.2275,0.01,-0.06,0.00,26.712138,84.305089,49.8,2002,2002,2002,2002,2048,2048
40363,IDLE,0.14,-0.06,179.67,0.42,-0.06,0.21,-0.2693,-0.2693,-0.2693,-0.2693,0.01,-0.07,0.00,26.712138,84.305089,49.8,1994,1994,1994,1994,2048,2048
40391,IDLE,0.14,-0.06,179.67,0.24,0.04,-0.03,0.0286,0.0286,0.0286,0.0286,0.00,-0.08,0.00,26.712138,84.305089,49.8,2054,2054,2054,2054,2048,2048
40412,IDLE,0.14,-0.06,179.67,0.29,-0.03,-0.16,0.1875,0.1875,0.1875,0.1875,0.00,-0.08,0.00,26.712138,84.305089,49.8,2086,2086,2086,2086,2048,2048
40437,IDLE,0.14,-0.06,179.67,0.19,-0.07,-0.08,0.1003,0.1003,0.1003,0.1003,0.00,-0.07,0.00,26.712138,84.305089,49.8,2068,2068,2068,2068,2048,2048
40455,IDLE,0.15,-0.06,179.67,0.24,-0.02,0.04,-0.0543,-0.0543,-0.0543,-0.0543,0.00,-0.06,0.00,26.712138,84.305089,49.8,2037,2037,2037,2037,2048,2048
40482,IDLE,0.15,-0.06,179.68,0.39,-0.15,-0.02,0.0133,0.0133,0.0133,0.0133,-0.00,-0.06,0.00,26.712138,84.305089,49.8,2051,2051,2051,2051,2048,2048
40503,IDLE,0.15,-0.06,179.68,0.24,-0.10,-0.01,0.0139,0.0139,0.0139,0.0139,-0.00,-0.04,0.00,26.712138,84.305089,49.8,2051,2051,2051,2051,2048,2048
40526,IDLE,0.15,-0.06,179.68,0.15,-0.02,-0.00,-0.0017,-0.0017,-0.0017,-0.0017,-0.00,-0.04,0.00,26.712138,84.305089,49.8,2048,2048,2048,2048,2048,2048
40549,IDLE,0.15,-0.05,179.68,0.20,-0.06,0.02,-0.0330,-0.0330,-0.0330,-0.0330,0.00,-0.02,0.00,26.712138,84.305089,49.8,2041,2041,2041,2041,2048,2048
40574,IDLE,0.15,-0.05,179.68,0.15,0.05,-0.13,0.1558,0.1558,0.1558,0.1558,0.00,-0.01,0.00,26.712138,84.305089,49.8,2079,2079,2079,2079,2048,2048
40593,IDLE,0.15,-0.04,179.68,0.07,0.09,-0.13,0.1598,0.1598,0.1598,0.1598,0.00,0.02,0.00,26.712138,84.305089,49.8,2080,2080,2080,2080,2048,2048
40621,IDLE,0.15,-0.04,179.68,0.04,0.08,-0.18,0.2224,0.2224,0.2224,0.2224,0.01,0.03,0.00,26.712138,84.305089,49.8,2092,2092,2092,2092,2048,2048
40642,IDLE,0.15,-0.04,179.68,0.10,0.02,0.02,-0.0233,-0.0233,-0.0233,-0.0233,0.01,0.04,0.00,26.712138,84.305089,49.8,2043,2043,2043,2043,2048,2048
40667,IDLE,0.15,-0.03,179.68,0.22,0.03,-0.08,0.0873,0.0873,0.0873,0.0873,0.01,0.05,0.00,26.712138,84.305089,49.8,2065,2065,2065,2065,2048,2048
40685,IDLE,0.15,-0.03,179.69,0.37,0.05,-0.01,-0.0015,-0.0015,-0.0015,-0.0015,0.01,0.03,0.00,26.712138,84.305089,49.8,2048,2048,2048,2048,2048,2048
40713,IDLE,0.15,-0.03,179.69,0.35,0.08,0.15,-0.1945,-0.1945,-0.1945,-0.1945,0.01,0.02,0.00,26.712138,84.305089,49.8,2009,2009,2009,2009,2048,2048
40734,IDLE,0.16,-0.03,179.70,0.25,0.07,0.13,-0.1676,-0.1676,-0.1676,-0.1676,0.01,-0.00,0.00,26.712138,84.305089,49.8,2014,2014,2014,2014,2048,2048
40758,IDLE,0.15,-0.02,179.70,0.17,0.09,0.05,-0.0635,-0.0635,-0.0635,-0.0635,0.00,-0.01,0.00,26.712138,84.305089,49.8,2035,2035,2035,2035,2048,2048
40781,IDLE,0.15,-0.02,179.70,0.04,0.13,0.03,-0.0386,-0.0386,-0.0386,-0.0386,0.00,-0.01,0.00,26.712138,84.305089,49.8,2040,2040,2040,2040,2048,2048
40807,IDLE,0.15,-0.02,179.70,0.12,0.03,-0.04,0.0511,0.0511,0.0511,0.0511,0.00,-0.01,0.00,26.712138,84.305089,49.8,2058,2058,2058,2058,2048,2048
40826,IDLE,0.15,-0.02,179.70,0.11,-0.01,-0.14,0.1683,0.1683,0.1683,0.1683,0.00,-0.01,0.00,26.712138,84.305089,49.8,2082,2082,2082,2082,2048,2048
40850,IDLE,0.14,-0.02,179.70,0.09,-0.06,-0.21,0.2566,0.2566,0.2566,0.2566,0.00,-0.02,0.00,26.712138,84.305089,49.8,2099,2099,2099,2099,2048,2048
40871,IDLE,0.14,-0.01,179.70,0.13,0.09,-0.20,0.2421,0.2421,0.2421,0.2421,0.00,-0.02,0.00,26.712138,84.305089,49.8,2096,2096,2096,2096,2048,2048
40897,IDLE,0.15,-0.01,179.69,0.24,0.15,-0.20,0.2329,0.2329,0.2329,0.2329,0.00,-0.02,0.00,26.712138,84.305089,49.8,2095,2095,2095,2095,2048,2048
40916,IDLE,0.15,-0.00,179.69,0.17,0.26,-0.18,0.2162,0.2162,0.2162,0.2162,-0.00,-0.03,0.00,26.712138,84.305089,49.8,2091,2091,2091,2091,2048,2048
40944,IDLE,0.14,0.00,179.69,0.01,0.24,-0.08,0.0910,0.0910,0.0910,0.0910,-0.00,-0.04,0.00,26.712138,84.305089,49.8,2066,2066,2066,2066,2048,2048
40965,IDLE,0.14,0.01,179.69,0.13,0.29,0.00,-0.0130,-0.0130,-0.0130,-0.0130,-0.00,-0.03,0.00,26.712138,84.305089,49.8,2045,2045,2045,2045,2048,2048
40998,IDLE,0.14,0.02,179.70,0.07,0.30,0.02,-0.0324,-0.0324,-0.0324,-0.0324,-0.00,-0.03,0.00,26.712138,84.305089,49.8,2042,2042,2042,2042,2048,2048
41023,IDLE,0.14,0.02,179.70,0.13,0.21,0.10,-0.1292,-0.1292,-0.1292,-0.1292,-0.00,-0.03,0.00,26.712138,84.305089,49.8,2022,2022,2022,2022,2048,2048
41041,IDLE,0.14,0.02,179.71,0.21,0.12,0.12,-0.1564,-0.1564,-0.1564,-0.1564,-0.00,-0.03,0.00,26.712138,84.305089,49.8,2017,2017,2017,2017,2048,2048
41068,IDLE,0.14,0.02,179.71,0.12,0.04,0.16,-0.1953,-0.1953,-0.1953,-0.1953,-0.00,-0.03,0.00,26.712138,84.305089,49.8,2009,2009,2009,2009,2048,2048
41089,IDLE,0.14,0.03,179.72,0.24,0.10,0.06,-0.0843,-0.0843,-0.0843,-0.0843,-0.00,-0.02,0.00,26.712138,84.305089,49.8,2031,2031,2031,2031,2048,2048
41112,IDLE,0.14,0.03,179.72,0.33,0.02,-0.01,0.0071,0.0071,0.0071,0.0071,-0.00,-0.02,0.00,26.712138,84.305089,49.8,2049,2049,2049,2049,2048,2048
41135,IDLE,0.14,0.03,179.72,0.08,0.18,0.01,-0.0148,-0.0148,-0.0148,-0.0148,-0.00,-0.02,0.00,26.712138,84.305089,49.8,2045,2045,2045,2045,2048,2048
41161,IDLE,0.14,0.03,179.72,0.13,0.16,-0.15,0.1731,0.1731,0.1731,0.1731,-0.01,-0.03,0.00,26.712138,84.305089,49.8,2083,2083,2083,2083,2048,2048
41180,IDLE,0.14,0.04,179.72,0.40,0.07,-0.14,0.1616,0.1616,0.1616,0.1616,-0.01,-0.05,0.00,26.712138,84.305089,49.8,2080,2080,2080,2080,2048,2048
41203,IDLE,0.15,0.04,179.72,0.33,-0.01,-0.14,0.1679,0.1679,0.1679,0.1679,-0.01,-0.07,0.00,26.712138,84.305089,49.8,2082,2082,2082,2082,2048,2048
41225,IDLE,0.15,0.04,179.71,0.23,-0.04,-0.23,0.2718,0.2718,0.2718,0.2718,-0.01,-0.06,0.00,26.712138,84.305089,49.8,2102,2102,2102,2102,2048,2048
41251,IDLE,0.15,0.03,179.71,0.40,-0.13,-0.10,0.1119,0.1119,0.1119,0.1119,-0.01,-0.05,0.00,26.712138,84.305089,49.8,2070,2070,2070,2070,2048,2048
41269,IDLE,0.16,0.03,179.71,0.41,-0.16,-0.06,0.0609,0.0609,0.0609,0.0609,-0.01,-0.05,0.00,26.712138,84.305089,49.8,2060,2060,2060,2060,2048,2048
41297,IDLE,0.16,0.03,179.71,0.26,-0.19,-0.06,0.0742,0.0742,0.0742,0.0742,-0.01,-0.05,0.00,26.712138,84.305089,49.8,2063,2063,2063,2063,2048,2048
41318,IDLE,0.16,0.02,179.72,0.28,-0.09,0.15,-0.1912,-0.1912,-0.1912,-0.1912,-0.01,-0.03,0.00,26.712138,84.305089,49.8,2010,2010,2010,2010,2048,2048
41343,IDLE,0.16,0.02,179.72,0.20,-0.03,0.14,-0.1779,-0.1779,-0.1779,-0.1779,-0.01,-0.01,0.00,26.712138,84.305089,49.8,2012,2012,2012,2012,2048,2048
41366,IDLE,0.16,0.02,179.73,0.27,-0.14,0.07,-0.0871,-0.0871,-0.0871,-0.0871,-0.01,-0.00,0.00,26.712138,84.305089,49.8,2031,2031,2031,2031,2048,2048
41393,IDLE,0.16,0.02,179.73,0.34,-0.13,0.13,-0.1623,-0.1623,-0.1623,-0.1623,-0.01,0.00,0.00,26.712138,84.305089,49.8,2016,2016,2016,2016,2048,2048
41413,IDLE,0.16,0.02,179.73,0.17,-0.07,-0.01,0.0108,0.0108,0.0108,0.0108,-0.01,0.02,0.00,26.712138,84.305089,49.8,2050,2050,2050,2050,2048,2048
41436,IDLE,0.16,0.01,179.74,0.30,-0.15,-0.00,-0.0002,-0.0002,-0.0002,-0.0002,-0.01,0.03,0.00,26.712138,84.305089,49.8,2048,2048,2048,2048,2048,2048
41458,IDLE,0.17,0.00,179.74,0.41,-0.34,0.10,-0.1262,-0.1262,-0.1262,-0.1262,-0.01,0.04,0.00,26.712138,84.305089,49.8,2023,2023,2023,2023,2048,2048
41483,IDLE,0.17,-0.00,179.74,0.41,-0.21,0.08,-0.1047,-0.1047,-0.1047,-0.1047,-0.00,0.04,0.00,26.712138,84.305089,49.8,2027,2027,2027,2027,2048,2048
41502,IDLE,0.18,-0.01,179.74,0.41,-0.28,-0.06,0.0673,0.0673,0.0673,0.0673,-0.00,0.03,0.00,26.712138,84.305089,49.8,2061,2061,2061,2061,2048,2048
41529,IDLE,0.18,-0.01,179.75,0.29,-0.28,0.05,-0.0672,-0.0672,-0.0672,-0.0672,-0.00,0.03,0.00,26.712138,84.305089,49.8,2035,2035,2035,2035,2048,2048
41550,IDLE,0.18,-0.02,179.75,0.27,-0.30,0.03,-0.0362,-0.0362,-0.0362,-0.0362,-0.01,0.01,0.00,26.712138,84.305089,49.8,2041,2041,2041,2041,2048,2048
41574,IDLE,0.18,-0.03,179.75,0.41,-0.42,-0.10,0.1206,0.1206,0.1206,0.1206,-0.01,-0.00,0.00,26.712138,84.305089,49.8,2072,2072,2072,2072,2048,2048
41596,IDLE,0.19,-0.04,179.75,0.32,-0.34,-0.01,0.0096,0.0096,0.0096,0.0096,-0.01,-0.00,0.00,26.712138,84.305089,49.8,2050,2050,2050,2050,2048,2048
41622,IDLE,0.19,-0.04,179.75,0.35,-0.21,-0.14,0.1701,0.1701,0.1701,0.1701,-0.01,-0.00,0.00,26.712138,84.305089,49.8,2082,2082,2082,2082,2048,2048
41642,IDLE,0.19,-0.05,179.75,0.25,-0.21,-0.11,0.1276,0.1276,0.1276,0.1276,-0.01,-0.01,0.00,26.712138,84.305089,49.8,2074,2074,2074,2074,2048,2048
41670,IDLE,0.19,-0.05,179.75,0.23,-0.18,-0.15,0.1781,0.1781,0.1781,0.1781,-0.01,0.00,0.00,26.712138,84.305089,49.8,2084,2084,2084,2084,2048,2048
41696,IDLE,0.19,-0.05,179.74,0.14,-0.17,-0.22,0.2681,0.2681,0.2681,0.2681,-0.01,0.01,0.00,26.712138,84.305089,49.8,2102,2102,2102,2102,2048,2048
41716,IDLE,0.18,-0.06,179.74,0.07,-0.12,-0.19,0.2322,0.2322,0.2322,0.2322,-0.01,0.01,0.00,26.712138,84.305089,49.8,2094,2094,2094,2094,2048,2048
41740,IDLE,0.18,-0.05,179.74,0.06,0.06,-0.31,0.3812,0.3812,0.3812,0.3812,-0.01,0.01,0.00,26.712138,84.305089,49.8,2124,2124,2124,2124,2048,2048
41762,IDLE,0.18,-0.05,179.73,0.04,-0.14,-0.36,0.4355,0.4355,0.4355,0.4355,-0.00,0.01,0.00,26.712138,84.305089,49.8,2135,2135,2135,2135,2048,2048
41788,IDLE,0.17,-0.05,179.72,0.17,-0.06,-0.33,0.4059,0.4059,0.4059,0.4059,-0.00,0.01,0.00,26.712138,84.305089,49.8,2129,2129,2129,2129,2048,2048
41808,IDLE,0.17,-0.05,179.72,0.10,-0.01,-0.28,0.3386,0.3386,0.3386,0.3386,-0.00,0.02,0.00,26.712138,84.305089,49.8,2116,2116,2116,2116,2048,2048
41831,IDLE,0.17,-0.05,179.72,0.20,-0.00,-0.22,0.2670,0.2670,0.2670,0.2670,-0.00,0.02,0.00,26.712138,84.305089,49.8,2101,2101,2101,2101,2048,2048
41852,IDLE,0.17,-0.05,179.71,0.28,0.00,-0.19,0.2276,0.2276,0.2276,0.2276,-0.00,0.03,0.00,26.712138,84.305089,49.8,2094,2094,2094,2094,2048,2048
41878,IDLE,0.17,-0.05,179.71,0.17,0.04,-0.06,0.0627,0.0627,0.0627,0.0627,-0.00,0.03,0.00,26.712138,84.305089,49.8,2061,2061,2061,2061,2048,2048
41896,IDLE,0.17,-0.05,179.71,0.26,-0.06,-0.14,0.1668,0.1668,0.1668,0.1668,-0.00,0.02,0.00,26.712138,84.305089,49.8,2081,2081,2081,2081,2048,2048
41924,IDLE,0.17,-0.05,179.71,0.26,-0.08,-0.08,0.0991,0.0991,0.0991,0.0991,-0.00,0.01,0.00,26.712138,84.305089,49.8,2068,2068,2068,2068,2048,2048
41945,IDLE,0.17,-0.05,179.71,0.20,0.00,-0.05,0.0625,0.0625,0.0625,0.0625,-0.00,-0.00,0.00,26.712138,84.305089,49.8,2060,2060,2060,2060,2048,2048
41970,IDLE,0.18,-0.05,179.71,0.31,-0.07,-0.12,0.1390,0.1390,0.1390,0.1390,-0.00,-0.01,0.00,26.712138,84.305089,49.8,2076,2076,2076,2076,2048,2048
41988,IDLE,0.17,-0.05,179.71,0.18,0.01,-0.01,0.0094,0.0094,0.0094,0.0094,-0.00,-0.01,0.00,26.712138,84.305089,49.8,2050,2050,2050,2050,2048,2048
42015,IDLE,0.18,-0.05,179.71,0.36,-0.10,-0.05,0.0542,0.0542,0.0542,0.0542,-0.00,-0.01,0.00,26.712138,84.305089,49.8,2059,2059,2059,2059,2048,2048
42036,IDLE,0.18,-0.05,179.71,0.21,-0.09,-0.07,0.0857,0.0857,0.0857,0.0857,-0.01,-0.01,0.00,26.712138,84.305089,49.8,2065,2065,2065,2065,2048,2048
42060,IDLE,0.18,-0.05,179.72,0.17,-0.06,-0.08,0.0999,0.0999,0.0999,0.0999,-0.01,-0.01,0.00,26.712138,84.305089,49.8,2068,2068,2068,2068,2048,2048
42083,IDLE,0.18,-0.05,179.72,0.24,-0.10,-0.05,0.0597,0.0597,0.0597,0.0597,-0.01,-0.01,0.00,26.712138,84.305089,49.8,2060,2060,2060,2060,2048,2048
42109,IDLE,0.17,-0.05,179.72,-0.06,-0.02,-0.08,0.0960,0.0960,0.0960,0.0960,-0.01,-0.01,0.00,26.712138,84.305089,49.8,2067,2067,2067,2067,2048,2048
42128,IDLE,0.17,-0.05,179.72,0.04,-0.02,-0.04,0.0500,0.0500,0.0500,0.0500,-0.01,-0.04,0.00,26.712138,84.305089,49.8,2058,2058,2058,2058,2048,2048
42157,IDLE,0.17,-0.04,179.72,0.08,0.12,-0.03,0.0326,0.0326,0.0326,0.0326,-0.01,-0.05,0.00,26.712138,84.305089,49.8,2055,2055,2055,2055,2048,2048
42192,IDLE,0.16,-0.04,179.72,0.06,0.13,0.03,-0.0441,-0.0441,-0.0441,-0.0441,-0.01,-0.07,0.00,26.712138,84.305089,49.8,2039,2039,2039,2039,2048,2048
42219,IDLE,0.16,-0.03,179.72,0.17,0.09,0.01,-0.0210,-0.0210,-0.0210,-0.0210,-0.02,-0.08,0.00,26.712138,84.305089,49.8,2044,2044,2044,2044,2048,2048
42239,IDLE,0.16,-0.03,179.73,-0.05,0.21,0.03,-0.0339,-0.0339,-0.0339,-0.0339,-0.02,-0.08,0.00,26.712138,84.305089,49.8,2041,2041,2041,2041,2048,2048
42263,IDLE,0.15,-0.02,179.73,0.02,0.20,0.02,-0.0331,-0.0331,-0.0331,-0.0331,-0.02,-0.08,0.00,26.712138,84.305089,49.8,2041,2041,2041,2041,2048,2048
42284,IDLE,0.15,-0.02,179.73,-0.01,0.13,-0.12,0.1432,0.1432,0.1432,0.1432,-0.02,-0.06,0.00,26.712138,84.305089,49.8,2077,2077,2077,2077,2048,2048
42310,IDLE,0.14,-0.02,179.73,-0.11,0.12,-0.00,0.0056,0.0056,0.0056,0.0056,-0.02,-0.04,0.00,26.712138,84.305089,49.8,2049,2049,2049,2049,2048,2048
42328,IDLE,0.14,-0.02,179.73,-0.04,0.00,-0.06,0.0723,0.0723,0.0723,0.0723,-0.02,-0.03,0.00,26.712138,84.305089,49.8,2062,2062,2062,2062,2048,2048
42355,IDLE,0.13,-0.02,179.73,0.03,0.06,-0.02,0.0218,0.0218,0.0218,0.0218,-0.02,-0.03,0.00,26.712138,84.305089,49.8,2052,2052,2052,2052,2048,2048
42376,IDLE,0.13,-0.02,179.73,0.06,-0.04,0.04,-0.0546,-0.0546,-0.0546,-0.0546,-0.02,-0.02,0.00,26.712138,84.305089,49.8,2037,2037,2037,2037,2048,2048
42400,IDLE,0.13,-0.02,179.74,0.02,0.01,0.02,-0.0239,-0.0239,-0.0239,-0.0239,-0.02,-0.02,0.00,26.712138,84.305089,49.8,2043,2043,2043,2043,2048,2048
42423,IDLE,0.12,-0.02,179.74,-0.00,0.07,-0.10,0.1161,0.1161,0.1161,0.1161,-0.02,-0.03,0.00,26.712138,84.305089,49.8,2071,2071,2071,2071,2048,2048
42449,IDLE,0.12,-0.02,179.73,-0.00,-0.00,-0.10,0.1167,0.1167,0.1167,0.1167,-0.02,-0.03,0.00,26.712138,84.305089,49.8,2071,2071,2071,2071,2048,2048
42469,IDLE,0.11,-0.01,179.73,-0.08,0.16,-0.10,0.1240,0.1240,0.1240,0.1240,-0.02,-0.02,0.00,26.712138,84.305089,49.8,2073,2073,2073,2073,2048,2048
42497,IDLE,0.11,-0.01,179.74,-0.10,0.15,-0.00,0.0031,0.0031,0.0031,0.0031,-0.02,-0.01,0.00,26.712138,84.305089,49.8,2049,2049,2049,2049,2048,2048
42518,IDLE,0.10,-0.00,179.74,-0.13,0.14,0.06,-0.0693,-0.0693,-0.0693,-0.0693,-0.02,-0.02,0.00,26.712138,84.305089,49.8,2034,2034,2034,2034,2048,2048
42543,IDLE,0.10,-0.00,179.74,-0.16,0.11,-0.01,0.0135,0.0135,0.0135,0.0135,-0.02,-0.02,0.00,26.712138,84.305089,49.8,2051,2051,2051,2051,2048,2048
42561,IDLE,0.09,0.00,179.74,-0.07,0.08,-0.05,0.0650,0.0650,0.0650,0.0650,-0.02,-0.02,0.00,26.712138,84.305089,49.8,2061,2061,2061,2061,2048,2048
42588,IDLE,0.09,0.00,179.74,0.02,0.07,-0.07,0.0848,0.0848,0.0848,0.0848,-0.02,-0.02,0.00,26.712138,84.305089,49.8,2065,2065,2065,2065,2048,2048
42608,IDLE,0.09,0.01,179.74,0.05,0.08,-0.01,0.0060,0.0060,0.0060,0.0060,-0.02,-0.03,0.00,26.712138,84.305089,49.8,2049,2049,2049,2049,2048,2048
42632,IDLE,0.09,0.01,179.75,-0.06,0.03,0.02,-0.0230,-0.0230,-0.0230,-0.0230,-0.02,-0.03,0.00,26.712138,84.305089,49.8,2043,2043,2043,2043,2048,2048
42655,IDLE,0.09,0.01,179.75,0.03,-0.05,0.11,-0.1361,-0.1361,-0.1361,-0.1361,-0.02,-0.03,0.00,26.712138,84.305089,49.8,2021,2021,2021,2021,2048,2048
42681,IDLE,0.09,0.01,179.76,0.11,-0.02,0.15,-0.1895,-0.1895,-0.1895,-0.1895,-0.02,-0.03,0.00,26.712138,84.305089,49.8,2010,2010,2010,2010,2048,2048
42700,IDLE,0.09,0.01,179.76,0.22,0.01,0.04,-0.0521,-0.0521,-0.0521,-0.0521,-0.03,-0.04,0.00,26.712138,84.305089,49.8,2038,2038,2038,2038,2048,2048
42728,IDLE,0.09,0.01,179.76,0.19,-0.08,0.00,-0.0088,-0.0088,-0.0088,-0.0088,-0.03,-0.04,0.00,26.712138,84.305089,49.8,2046,2046,2046,2046,2048,2048
42749,IDLE,0.10,0.00,179.76,0.28,-0.16,0.08,-0.1014,-0.1014,-0.1014,-0.1014,-0.03,-0.05,0.00,26.712138,84.305089,49.8,2028,2028,2028,2028,2048,2048
42773,IDLE,0.10,0.00,179.77,0.13,-0.13,0.14,-0.1753,-0.1753,-0.1753,-0.1753,-0.03,-0.06,0.00,26.712138,84.305089,49.8,2013,2013,2013,2013,2048,2048
42796,IDLE,0.10,-0.00,179.77,0.19,-0.14,0.16,-0.1961,-0.1961,-0.1961,-0.1961,-0.03,-0.07,0.00,26.712138,84.305089,49.8,2009,2009,2009,2009,2048,2048
42823,IDLE,0.10,-0.00,179.78,0.26,-0.27,0.32,-0.3928,-0.3928,-0.3928,-0.3928,-0.04,-0.08,0.00,26.712138,84.305089,49.8,1969,1969,1969,1969,2048,2048
42842,IDLE,0.10,-0.01,179.79,0.04,-0.34,0.23,-0.2705,-0.2705,-0.2705,-0.2705,-0.04,-0.07,0.00,26.712138,84.305089,49.8,1994,1994,1994,1994,2048,2048
42870,IDLE,0.10,-0.02,179.79,0.10,-0.25,0.11,-0.1299,-0.1299,-0.1299,-0.1299,-0.04,-0.06,0.00,26.712138,84.305089,49.8,2022,2022,2022,2022,2048,2048
42891,IDLE,0.09,-0.02,179.80,0.03,-0.23,0.14,-0.1717,-0.1717,-0.1717,-0.1717,-0.04,-0.05,0.00,26.712138,84.305089,49.8,2014,2014,2014,2014,2048,2048
42916,IDLE,0.09,-0.02,179.80,0.07,-0.16,0.05,-0.0563,-0.0563,-0.0563,-0.0563,-0.04,-0.03,0.00,26.712138,84.305089,49.8,2037,2037,2037,2037,2048,2048
42938,IDLE,0.09,-0.02,179.81,0.07,-0.02,0.13,-0.1585,-0.1585,-0.1585,-0.1585,-0.04,-0.02,0.00,26.712138,84.305089,49.8,2016,2016,2016,2016,2048,2048
42964,IDLE,0.09,-0.02,179.81,0.12,0.06,0.28,-0.3508,-0.3508,-0.3508,-0.3508,-0.04,-0.01,0.00,26.712138,84.305089,49.8,1978,1978,1978,1978,2048,2048
42983,IDLE,0.09,-0.02,179.82,-0.02,0.03,0.27,-0.3262,-0.3262,-0.3262,-0.3262,-0.03,-0.00,0.00,26.712138,84.305089,49.8,1983,1983,1983,1983,2048,2048
43019,IDLE,0.09,-0.02,179.83,-0.10,-0.04,0.18,-0.2142,-0.2142,-0.2142,-0.2142,-0.03,0.02,0.00,26.712138,84.305089,49.8,2005,2005,2005,2005,2048,2048
43047,IDLE,0.08,-0.02,179.84,-0.15,0.04,0.26,-0.3177,-0.3177,-0.3177,-0.3177,-0.03,0.03,0.00,26.712138,84.305089,49.8,1984,1984,1984,1984,2048,2048
43068,IDLE,0.08,-0.02,179.84,-0.01,-0.09,0.19,-0.2346,-0.2346,-0.2346,-0.2346,-0.03,0.03,0.00,26.712138,84.305089,49.8,2001,2001,2001,2001,2048,2048
43092,IDLE,0.08,-0.02,179.85,-0.05,-0.03,0.15,-0.1854,-0.1854,-0.1854,-0.1854,-0.03,0.03,0.00,26.712138,84.305089,49.8,2011,2011,2011,2011,2048,2048
43114,IDLE,0.07,-0.02,179.85,-0.08,-0.02,0.01,-0.0145,-0.0145,-0.0145,-0.0145,-0.03,0.03,0.00,26.712138,84.305089,49.8,2045,2045,2045,2045,2048,2048
43140,IDLE,0.07,-0.02,179.85,0.02,0.04,0.09,-0.1166,-0.1166,-0.1166,-0.1166,-0.03,0.02,0.00,26.712138,84.305089,49.8,2025,2025,2025,2025,2048,2048
43159,IDLE,0.07,-0.01,179.85,0.02,0.09,0.07,-0.0923,-0.0923,-0.0923,-0.0923,-0.03,0.03,0.00,26.712138,84.305089,49.8,2030,2030,2030,2030,2048,2048
43186,IDLE,0.07,-0.01,179.85,0.09,0.25,-0.09,0.1020,0.1020,0.1020,0.1020,-0.03,0.03,0.00,26.712139,84.305089,49.8,2068,2068,2068,2068,2048,2048
43207,IDLE,0.07,0.00,179.85,0.12,0.37,-0.11,0.1240,0.1240,0.1240,0.1240,-0.03,0.01,0.00,26.712139,84.305089,49.8,2073,2073,2073,2073,2048,2048
43232,IDLE,0.08,0.01,179.85,0.22,0.37,-0.14,0.1567,0.1567,0.1567,0.1567,-0.03,0.00,0.00,26.712139,84.305089,49.8,2079,2079,2079,2079,2048,2048
43250,IDLE,0.08,0.02,179.85,0.23,0.30,-0.10,0.1081,0.1081,0.1081,0.1081,-0.03,0.01,0.00,26.712139,84.305089,49.8,2070,2070,2070,2070,2048,2048
43277,IDLE,0.08,0.02,179.85,0.35,0.15,-0.10,0.1073,0.1073,0.1073,0.1073,-0.03,0.01,0.00,26.712139,84.305089,49.8,2069,2069,2069,2069,2048,2048
43298,IDLE,0.09,0.02,179.84,0.22,0.03,-0.16,0.1950,0.1950,0.1950,0.1950,-0.03,0.02,0.00,26.712139,84.305089,49.8,2087,2087,2087,2087,2048,2048
43323,IDLE,0.09,0.02,179.84,0.17,0.11,-0.14,0.1597,0.1597,0.1597,0.1597,-0.03,0.03,0.00,26.712139,84.305089,49.8,2080,2080,2080,2080,2048,2048
43341,IDLE,0.09,0.02,179.84,0.11,0.07,0.00,-0.0094,-0.0094,-0.0094,-0.0094,-0.03,0.02,0.00,26.712139,84.305089,49.8,2046,2046,2046,2046,2048,2048
43368,IDLE,0.09,0.02,179.84,0.27,-0.27,0.02,-0.0246,-0.0246,-0.0246,-0.0246,-0.03,0.01,0.00,26.712139,84.305089,49.8,2043,2043,2043,2043,2048,2048
43389,IDLE,0.10,0.01,179.84,0.28,-0.29,-0.01,0.0120,0.0120,0.0120,0.0120,-0.03,0.00,0.00,26.712139,84.305089,49.8,2050,2050,2050,2050,2048,2048
43412,IDLE,0.10,0.00,179.85,0.38,-0.32,0.04,-0.0529,-0.0529,-0.0529,-0.0529,-0.03,-0.01,0.00,26.712139,84.305089,49.8,2037,2037,2037,2037,2048,2048
43435,IDLE,0.12,-0.00,179.85,0.57,-0.26,0.01,-0.0164,-0.0164,-0.0164,-0.0164,-0.03,-0.02,0.00,26.712139,84.305089,49.8,2045,2045,2045,2045,2048,2048
43461,IDLE,0.12,-0.00,179.85,0.44,-0.11,0.10,-0.1316,-0.1316,-0.1316,-0.1316,-0.03,-0.03,0.00,26.712139,84.305089,49.8,2022,2022,2022,2022,2048,2048
43481,IDLE,0.13,-0.00,179.85,0.33,0.05,0.07,-0.0903,-0.0903,-0.0903,-0.0903,-0.03,-0.04,0.00,26.712139,84.305089,49.8,2030,2030,2030,2030,2048,2048
43508,IDLE,0.13,0.00,179.86,0.19,0.17,0.11,-0.1394,-0.1394,-0.1394,-0.1394,-0.03,-0.04,0.00,26.712139,84.305089,49.8,2020,2020,2020,2020,2048,2048
43529,IDLE,0.12,0.01,179.86,-0.06,0.22,0.19,-0.2369,-0.2369,-0.2369,-0.2369,-0.03,-0.04,0.00,26.712139,84.305089,49.8,2001,2001,2001,2001,2048,2048
43554,IDLE,0.12,0.01,179.87,-0.11,0.28,0.21,-0.2594,-0.2594,-0.2594,-0.2594,-0.03,-0.04,0.00,26.712139,84.305089,49.8,1996,1996,1996,1996,2048,2048
43576,IDLE,0.11,0.02,179.87,-0.07,0.26,0.14,-0.1767,-0.1767,-0.1767,-0.1767,-0.03,-0.03,0.00,26.712139,84.305089,49.8,2013,2013,2013,2013,2048,2048
43603,IDLE,0.11,0.02,179.88,0.00,0.20,0.13,-0.1642,-0.1642,-0.1642,-0.1642,-0.04,-0.02,0.00,26.712139,84.305089,49.8,2015,2015,2015,2015,2048,2048
43622,IDLE,0.10,0.03,179.88,-0.07,0.15,-0.03,0.0362,0.0362,0.0362,0.0362,-0.03,-0.02,0.00,26.712139,84.305089,49.8,2055,2055,2055,2055,2048,2048
43650,IDLE,0.10,0.03,179.88,-0.07,0.07,0.01,-0.0064,-0.0064,-0.0064,-0.0064,-0.03,-0.01,0.00,26.712139,84.305089,49.8,2047,2047,2047,2047,2048,2048
43672,IDLE,0.10,0.03,179.88,-0.07,-0.01,-0.02,0.0252,0.0252,0.0252,0.0252,-0.03,-0.01,0.00,26.712139,84.305089,49.8,2053,2053,2053,2053,2048,2048
43696,IDLE,0.09,0.02,179.88,-0.10,-0.09,0.06,-0.0647,-0.0647,-0.0647,-0.0647,-0.03,-0.00,0.00,26.712139,84.305089,49.8,2035,2035,2035,2035,2048,2048
43720,IDLE,0.09,0.02,179.88,-0.11,-0.15,-0.03,0.0478,0.0478,0.0478,0.0478,-0.03,0.00,0.00,26.712139,84.305089,49.8,2058,2058,2058,2058,2048,2048
43746,IDLE,0.08,0.02,179.88,-0.24,0.02,0.04,-0.0421,-0.0421,-0.0421,-0.0421,-0.03,0.01,0.00,26.712139,84.305089,49.8,2040,2040,2040,2040,2048,2048
43767,IDLE,0.07,0.02,179.88,-0.26,0.03,0.05,-0.0572,-0.0572,-0.0572,-0.0572,-0.03,-0.00,0.00,26.712139,84.305089,49.8,2037,2037,2037,2037,2048,2048
43790,IDLE,0.07,0.02,179.88,-0.17,-0.05,0.03,-0.0282,-0.0282,-0.0282,-0.0282,-0.03,-0.01,0.00,26.712139,84.305089,49.8,2042,2042,2042,2042,2048,2048
43812,IDLE,0.06,0.01,179.89,-0.14,-0.18,0.05,-0.0506,-0.0506,-0.0506,-0.0506,-0.04,-0.02,0.00,26.712139,84.305089,49.8,2038,2038,2038,2038,2048,2048
43838,IDLE,0.05,0.01,179.89,-0.30,0.02,0.09,-0.1086,-0.1086,-0.1086,-0.1086,-0.04,-0.02,0.00,26.712139,84.305089,49.8,2026,2026,2026,2026,2048,2048
43856,IDLE,0.05,0.01,179.89,-0.27,-0.00,0.12,-0.1462,-0.1462,-0.1462,-0.1462,-0.04,-0.03,0.00,26.712139,84.305089,49.8,2019,2019,2019,2019,2048,2048
43883,IDLE,0.04,0.01,179.90,-0.11,-0.10,0.13,-0.1573,-0.1573,-0.1573,-0.1573,-0.04,-0.04,0.00,26.712139,84.305089,49.8,2017,2017,2017,2017,2048,2048
43903,IDLE,0.04,0.01,179.90,-0.19,-0.02,0.00,-0.0005,-0.0005,-0.0005,-0.0005,-0.04,-0.05,0.00,26.712139,84.305089,49.8,2048,2048,2048,2048,2048,2048
43926,IDLE,0.03,0.01,179.90,-0.15,-0.00,-0.00,0.0074,0.0074,0.0074,0.0074,-0.04,-0.05,0.00,26.712139,84.305089,49.8,2049,2049,2049,2049,2048,2048
43948,IDLE,0.03,0.01,179.90,-0.04,0.08,-0.08,0.1031,0.1031,0.1031,0.1031,-0.04,-0.06,0.00,26.712139,84.305089,49.8,2069,2069,2069,2069,2048,2048
43974,IDLE,0.03,0.01,179.90,-0.08,0.00,0.04,-0.0412,-0.0412,-0.0412,-0.0412,-0.04,-0.06,0.00,26.712139,84.305089,49.8,2040,2040,2040,2040,2048,2048
43992,IDLE,0.02,0.01,179.90,-0.26,0.04,0.10,-0.1225,-0.1225,-0.1225,-0.1225,-0.04,-0.03,0.00,26.712139,84.305089,49.8,2024,2024,2024,2024,2048,2048
44020,IDLE,0.02,0.01,179.90,-0.26,0.09,0.06,-0.0719,-0.0719,-0.0719,-0.0719,-0.04,-0.02,0.00,26.712139,84.305089,49.8,2034,2034,2034,2034,2048,2048
44040,IDLE,0.01,0.01,179.91,-0.15,-0.03,0.12,-0.1471,-0.1471,-0.1471,-0.1471,-0.04,-0.01,0.00,26.712139,84.305089,49.8,2019,2019,2019,2019,2048,2048
44064,IDLE,0.01,0.01,179.91,-0.13,0.00,0.17,-0.1992,-0.1992,-0.1992,-0.1992,-0.04,-0.01,0.00,26.712139,84.305089,49.8,2008,2008,2008,2008,2048,2048
44086,IDLE,0.01,0.01,179.91,0.02,0.01,-0.00,0.0006,0.0006,0.0006,0.0006,-0.04,0.02,0.00,26.712139,84.305089,49.8,2048,2048,2048,2048,2048,2048
44112,IDLE,0.01,0.01,179.91,0.19,-0.07,-0.18,0.2141,0.2141,0.2141,0.2141,-0.04,0.03,0.00,26.712139,84.305089,49.8,2091,2091,2091,2091,2048,2048
44131,IDLE,0.01,0.01,179.91,-0.04,0.04,-0.07,0.0898,0.0898,0.0898,0.0898,-0.04,0.03,0.00,26.712139,84.305089,49.8,2066,2066,2066,2066,2048,2048
44154,IDLE,0.01,0.01,179.90,-0.10,0.07,-0.21,0.2535,0.2535,0.2535,0.2535,-0.04,0.03,0.00,26.712139,84.305089,49.8,2099,2099,2099,2099,2048,2048
44176,IDLE,0.01,0.01,179.90,-0.13,0.18,-0.25,0.3109,0.3109,0.3109,0.3109,-0.03,0.05,0.00,26.712139,84.305089,49.8,2110,2110,2110,2110,2048,2048
44213,IDLE,0.00,0.02,179.89,-0.18,0.22,-0.41,0.4953,0.4953,0.4953,0.4953,-0.03,0.06,0.00,26.712139,84.305089,49.8,2147,2147,2147,2147,2048,2048
44239,IDLE,0.00,0.03,179.88,-0.08,0.31,-0.41,0.4985,0.4985,0.4985,0.4985,-0.03,0.06,0.00,26.712139,84.305089,49.8,2148,2148,2148,2148,2048,2048
44258,IDLE,0.00,0.03,179.87,0.14,0.25,-0.36,0.4378,0.4378,0.4378,0.4378,-0.03,0.06,0.00,26.712139,84.305089,49.8,2136,2136,2136,2136,2048,2048
44281,IDLE,0.01,0.03,179.86,0.19,0.23,-0.27,0.3170,0.3170,0.3170,0.3170,-0.03,0.05,0.00,26.712139,84.305089,49.8,2111,2111,2111,2111,2048,2048
44303,IDLE,0.02,0.04,179.86,0.28,0.15,-0.02,0.0182,0.0182,0.0182,0.0182,-0.03,0.06,0.00,26.712139,84.305089,49.8,2052,2052,2052,2052,2048,2048
44328,IDLE,0.02,0.04,179.86,0.25,0.07,-0.04,0.0377,0.0377,0.0377,0.0377,-0.03,0.06,0.00,26.712139,84.305089,49.8,2056,2056,2056,2056,2048,2048
44348,IDLE,0.03,0.04,179.86,0.26,0.05,-0.08,0.0904,0.0904,0.0904,0.0904,-0.03,0.06,0.00,26.712139,84.305089,49.8,2066,2066,2066,2066,2048,2048
44370,IDLE,0.03,0.03,179.86,0.27,-0.03,-0.18,0.2081,0.2081,0.2081,0.2081,-0.02,0.06,0.00,26.712139,84.305089,49.8,2090,2090,2090,2090,2048,2048
44392,IDLE,0.04,0.03,179.86,0.29,-0.06,-0.10,0.1140,0.1140,0.1140,0.1140,-0.02,0.08,0.00,26.712139,84.305089,49.8,2071,2071,2071,2071,2048,2048
44418,IDLE,0.04,0.03,179.86,0.31,-0.22,0.03,-0.0455,-0.0455,-0.0455,-0.0455,-0.02,0.09,0.00,26.712139,84.305089,49.8,2039,2039,2039,2039,2048,2048
44437,IDLE,0.05,0.02,179.87,0.48,-0.16,0.22,-0.2781,-0.2781,-0.2781,-0.2781,-0.02,0.10,0.00,26.712139,84.305089,49.8,1992,1992,1992,1992,2048,2048
44465,IDLE,0.06,0.02,179.87,0.44,-0.24,0.18,-0.2259,-0.2259,-0.2259,-0.2259,-0.01,0.10,0.00,26.712139,84.305089,49.8,2003,2003,2003,2003,2048,2048
44486,IDLE,0.07,0.01,179.88,0.26,-0.16,0.14,-0.1711,-0.1711,-0.1711,-0.1711,-0.01,0.10,0.00,26.712139,84.305089,49.8,2014,2014,2014,2014,2048,2048
44510,IDLE,0.07,0.01,179.88,0.26,-0.03,0.21,-0.2566,-0.2566,-0.2566,-0.2566,-0.01,0.09,0.00,26.712139,84.305089,49.8,1997,1997,1997,1997,2048,2048
44533,IDLE,0.08,0.01,179.89,0.32,-0.04,0.16,-0.2056,-0.2056,-0.2056,-0.2056,-0.01,0.09,0.00,26.712139,84.305089,49.8,2007,2007,2007,2007,2048,2048
44559,IDLE,0.08,0.01,179.89,0.26,-0.04,-0.03,0.0310,0.0310,0.0310,0.0310,-0.01,0.08,0.00,26.712139,84.305089,49.8,2054,2054,2054,2054,2048,2048
44579,IDLE,0.08,0.00,179.89,0.28,-0.03,-0.00,-0.0016,-0.0016,-0.0016,-0.0016,-0.01,0.08,0.00,26.712139,84.305089,49.8,2048,2048,2048,2048,2048,2048
44602,IDLE,0.08,0.00,179.89,0.19,-0.03,0.09,-0.1173,-0.1173,-0.1173,-0.1173,-0.01,0.07,0.00,26.712139,84.305089,49.8,2025,2025,2025,2025,2048,2048
44624,IDLE,0.09,0.00,179.89,0.17,-0.00,-0.18,0.2200,0.2200,0.2200,0.2200,-0.00,0.07,0.00,26.712139,84.305089,49.8,2092,2092,2092,2092,2048,2048
44649,IDLE,0.09,0.00,179.88,0.10,-0.00,-0.20,0.2382,0.2382,0.2382,0.2382,-0.00,0.07,0.00,26.712139,84.305089,49.8,2096,2096,2096,2096,2048,2048
44668,IDLE,0.08,0.00,179.88,-0.06,0.02,-0.34,0.4127,0.4127,0.4127,0.4127,-0.00,0.06,0.00,26.712139,84.305089,49.8,2131,2131,2131,2131,2048,2048
44696,IDLE,0.08,0.00,179.87,0.00,-0.08,-0.17,0.2136,0.2136,0.2136,0.2136,-0.00,0.04,0.00,26.712139,84.305089,49.8,2091,2091,2091,2091,2048,2048
44717,IDLE,0.08,-0.00,179.87,0.07,-0.13,-0.23,0.2825,0.2825,0.2825,0.2825,-0.00,0.04,0.00,26.712139,84.305089,49.8,2105,2105,2105,2105,2048,2048
44742,IDLE,0.08,-0.00,179.87,0.20,-0.05,-0.14,0.1642,0.1642,0.1642,0.1642,-0.00,0.04,0.00,26.712139,84.305089,49.8,2081,2081,2081,2081,2048,2048
44760,IDLE,0.08,-0.00,179.87,-0.04,0.15,0.07,-0.0885,-0.0885,-0.0885,-0.0885,-0.00,0.04,0.00,26.712139,84.305089,49.8,2030,2030,2030,2030,2048,2048
44787,IDLE,0.07,0.00,179.87,-0.06,0.02,0.19,-0.2331,-0.2331,-0.2331,-0.2331,-0.00,0.03,0.00,26.712139,84.305089,49.8,2001,2001,2001,2001,2048,2048
44808,IDLE,0.07,0.00,179.88,-0.06,0.02,0.07,-0.0803,-0.0803,-0.0803,-0.0803,-0.00,0.03,0.00,26.712139,84.305089,49.8,2032,2032,2032,2032,2048,2048
44832,IDLE,0.07,0.00,179.88,-0.08,0.07,0.07,-0.0802,-0.0802,-0.0802,-0.0802,0.00,0.03,0.00,26.712139,84.305089,49.8,2032,2032,2032,2032,2048,2048
44854,IDLE,0.07,0.00,179.88,0.10,-0.00,0.10,-0.1304,-0.1304,-0.1304,-0.1304,0.00,0.02,0.00,26.712139,84.305089,49.8,2022,2022,2022,2022,2048,2048
44880,IDLE,0.07,0.00,179.89,-0.00,-0.04,0.15,-0.1801,-0.1801,-0.1801,-0.1801,-0.00,0.02,0.00,26.712139,84.305089,49.8,2012,2012,2012,2012,2048,2048
44899,IDLE,0.06,-0.00,179.89,0.06,-0.05,0.19,-0.2264,-0.2264,-0.2264,-0.2264,-0.00,0.01,0.00,26.712139,84.305089,49.8,2003,2003,2003,2003,2048,2048
44927,IDLE,0.07,-0.00,179.89,0.20,-0.16,0.07,-0.0911,-0.0911,-0.0911,-0.0911,-0.00,0.01,0.00,26.712139,84.305089,49.8,2030,2030,2030,2030,2048,2048
44948,IDLE,0.07,-0.01,179.90,0.27,-0.26,0.09,-0.1128,-0.1128,-0.1128,-0.1128,-0.00,0.01,0.00,26.712139,84.305089,49.8,2025,2025,2025,2025,2048,2048
44973,IDLE,0.07,-0.02,179.90,0.18,-0.29,0.22,-0.2645,-0.2645,-0.2645,-0.2645,-0.00,0.01,0.00,26.712139,84.305089,49.8,1995,1995,1995,1995,2048,2048
44995,IDLE,0.08,-0.03,179.90,0.33,-0.31,0.05,-0.0575,-0.0575,-0.0575,-0.0575,0.00,0.02,0.00,26.712139,84.305089,49.8,2037,2037,2037,2037,2048,2048
45029,IDLE,0.08,-0.03,179.90,0.06,-0.17,-0.13,0.1558,0.1558,0.1558,0.1558,0.00,0.04,0.00,26.712139,84.305089,49.8,2079,2079,2079,2079,2048,2048
45056,IDLE,0.08,-0.03,179.90,0.06,-0.19,-0.12,0.1479,0.1479,0.1479,0.1479,0.01,0.05,0.00,26.712139,84.305089,49.8,2078,2078,2078,2078,2048,2048
45075,IDLE,0.08,-0.04,179.90,0.06,-0.25,-0.05,0.0685,0.0685,0.0685,0.0685,0.01,0.05,0.00,26.712139,84.305089,49.8,2062,2062,2062,2062,2048,2048
45099,IDLE,0.07,-0.04,179.90,0.04,-0.15,-0.14,0.1752,0.1752,0.1752,0.1752,0.01,0.04,0.00,26.712139,84.305089,49.8,2083,2083,2083,2083,2048,2048
45121,IDLE,0.07,-0.05,179.89,0.07,-0.23,-0.17,0.2116,0.2116,0.2116,0.2116,0.01,0.05,0.00,26.712139,84.305089,49.8,2090,2090,2090,2090,2048,2048
45147,IDLE,0.07,-0.05,179.89,0.07,-0.37,-0.12,0.1503,0.1503,0.1503,0.1503,0.01,0.04,0.00,26.712139,84.305089,49.8,2078,2078,2078,2078,2048,2048
45167,IDLE,0.07,-0.06,179.89,0.02,-0.34,-0.06,0.0733,0.0733,0.0733,0.0733,0.01,0.04,0.00,26.712139,84.305089,49.8,2063,2063,2063,2063,2048,2048
45190,IDLE,0.07,-0.06,179.89,0.11,-0.28,-0.12,0.1481,0.1481,0.1481,0.1481,0.01,0.04,0.00,26.712139,84.305089,49.8,2078,2078,2078,2078,2048,2048
45212,IDLE,0.07,-0.06,179.89,0.05,-0.05,-0.09,0.1062,0.1062,0.1062,0.1062,0.01,0.04,0.00,26.712139,84.305089,49.8,2069,2069,2069,2069,2048,2048
45238,IDLE,0.07,-0.06,179.89,0.05,-0.07,-0.07,0.0903,0.0903,0.0903,0.0903,0.01,0.03,0.00,26.712139,84.305089,50.0,2066,2066,2066,2066,2048,2048
45257,IDLE,0.06,-0.06,179.89,-0.03,-0.04,-0.02,0.0277,0.0277,0.0277,0.0277,0.01,0.04,0.00,26.712139,84.305089,50.0,2054,2054,2054,2054,2048,2048
45285,IDLE,0.07,-0.06,179.88,0.17,0.11,-0.22,0.2615,0.2615,0.2615,0.2615,0.01,0.05,0.00,26.712139,84.305089,50.0,2100,2100,2100,2100,2048,2048
45312,IDLE,0.07,-0.05,179.88,0.09,0.21,-0.21,0.2547,0.2547,0.2547,0.2547,0.02,0.06,0.00,26.712139,84.305089,50.0,2099,2099,2099,2099,2048,2048
45332,IDLE,0.07,-0.05,179.87,0.10,-0.02,-0.10,0.1190,0.1190,0.1190,0.1190,0.02,0.07,0.00,26.712139,84.305089,50.0,2072,2072,2072,2072,2048,2048
45356,IDLE,0.07,-0.05,179.87,0.11,-0.14,-0.14,0.1671,0.1671,0.1671,0.1671,0.02,0.08,0.00,26.712139,84.305089,50.0,2081,2081,2081,2081,2048,2048
45379,IDLE,0.06,-0.06,179.87,-0.07,-0.20,0.01,-0.0050,-0.0050,-0.0050,-0.0050,0.02,0.09,0.00,26.712139,84.305089,50.0,2047,2047,2047,2047,2048,2048
45405,IDLE,0.06,-0.06,179.88,-0.00,-0.06,0.07,-0.0795,-0.0795,-0.0795,-0.0795,0.03,0.10,0.00,26.712139,84.305089,50.0,2032,2032,2032,2032,2048,2048
45425,IDLE,0.06,-0.06,179.88,0.10,-0.13,0.06,-0.0773,-0.0773,-0.0773,-0.0773,0.03,0.11,0.00,26.712139,84.305089,50.0,2033,2033,2033,2033,2048,2048
45453,IDLE,0.06,-0.05,179.88,-0.01,0.03,0.10,-0.1197,-0.1197,-0.1197,-0.1197,0.03,0.10,0.00,26.712139,84.305089,50.0,2024,2024,2024,2024,2048,2048
45480,IDLE,0.06,-0.05,179.88,0.02,0.03,-0.03,0.0305,0.0305,0.0305,0.0305,0.03,0.10,0.00,26.712139,84.305089,50.0,2054,2054,2054,2054,2048,2048
45500,IDLE,0.06,-0.05,179.88,0.03,0.03,-0.11,0.1359,0.1359,0.1359,0.1359,0.03,0.09,0.00,26.712139,84.305089,50.0,2075,2075,2075,2075,2048,2048
45524,IDLE,0.06,-0.05,179.88,0.14,0.04,-0.04,0.0483,0.0483,0.0483,0.0483,0.03,0.08,0.00,26.712139,84.305089,50.0,2058,2058,2058,2058,2048,2048
45546,IDLE,0.06,-0.05,179.88,0.20,-0.14,0.07,-0.0865,-0.0865,-0.0865,-0.0865,0.03,0.06,0.00,26.712139,84.305089,50.0,2031,2031,2031,2031,2048,2048
45573,IDLE,0.06,-0.05,179.89,0.10,-0.13,0.09,-0.1040,-0.1040,-0.1040,-0.1040,0.03,0.05,0.00,26.712139,84.305089,50.0,2027,2027,2027,2027,2048,2048
45592,IDLE,0.07,-0.05,179.89,0.27,-0.10,0.08,-0.1004,-0.1004,-0.1004,-0.1004,0.03,0.04,0.00,26.712139,84.305089,50.0,2028,2028,2028,2028,2048,2048
45621,IDLE,0.06,-0.05,179.89,0.07,-0.02,0.01,-0.0107,-0.0107,-0.0107,-0.0107,0.03,0.04,0.00,26.712139,84.305089,50.0,2046,2046,2046,2046,2048,2048
45647,IDLE,0.06,-0.04,179.89,0.09,-0.03,0.07,-0.0905,-0.0905,-0.0905,-0.0905,0.03,0.03,0.00,26.712139,84.305089,50.0,2030,2030,2030,2030,2048,2048
45667,IDLE,0.06,-0.04,179.90,0.03,0.07,0.20,-0.2439,-0.2439,-0.2439,-0.2439,0.03,0.02,0.00,26.712139,84.305089,50.0,1999,1999,1999,1999,2048,2048
45690,IDLE,0.06,-0.04,179.90,-0.10,0.22,0.11,-0.1334,-0.1334,-0.1334,-0.1334,0.03,0.01,0.00,26.712139,84.305089,50.0,2021,2021,2021,2021,2048,2048
45712,IDLE,0.06,-0.03,179.90,0.01,0.22,0.11,-0.1435,-0.1435,-0.1435,-0.1435,0.03,0.01,0.00,26.712139,84.305089,50.0,2019,2019,2019,2019,2048,2048
45738,IDLE,0.06,-0.02,179.91,-0.02,0.26,0.06,-0.0719,-0.0719,-0.0719,-0.0719,0.03,0.00,0.00,26.712139,84.305089,50.0,2034,2034,2034,2034,2048,2048
45756,IDLE,0.06,-0.01,179.91,0.07,0.34,0.03,-0.0451,-0.0451,-0.0451,-0.0451,0.03,-0.00,0.00,26.712139,84.305089,50.0,2039,2039,2039,2039,2048,2048
45784,IDLE,0.06,-0.00,179.91,-0.00,0.35,0.03,-0.0430,-0.0430,-0.0430,-0.0430,0.03,-0.00,0.00,26.712139,84.305089,50.0,2039,2039,2039,2039,2048,2048
45805,IDLE,0.05,0.00,179.91,-0.16,0.18,-0.09,0.1158,0.1158,0.1158,0.1158,0.03,0.00,0.00,26.712139,84.305089,50.0,2071,2071,2071,2071,2048,2048
45829,IDLE,0.05,0.00,179.91,-0.04,0.07,-0.09,0.1060,0.1060,0.1060,0.1060,0.03,0.00,0.00,26.712139,84.305089,50.0,2069,2069,2069,2069,2048,2048
45852,IDLE,0.05,0.01,179.90,-0.10,0.10,-0.06,0.0786,0.0786,0.0786,0.0786,0.03,0.01,0.00,26.712139,84.305089,50.0,2064,2064,2064,2064,2048,2048
45878,IDLE,0.05,0.01,179.90,0.13,0.16,-0.11,0.1329,0.1329,0.1329,0.1329,0.03,0.01,0.00,26.712139,84.305089,50.0,2075,2075,2075,2075,2048,2048
45899,IDLE,0.05,0.01,179.90,0.03,0.11,-0.15,0.1820,0.1820,0.1820,0.1820,0.04,0.02,0.00,26.712139,84.305089,50.0,2084,2084,2084,2084,2048,2048
45923,IDLE,0.05,0.02,179.90,0.03,0.28,0.01,-0.0140,-0.0140,-0.0140,-0.0140,0.04,0.03,0.00,26.712139,84.305089,50.0,2045,2045,2045,2045,2048,2048
45946,IDLE,0.05,0.02,179.90,0.09,0.15,0.05,-0.0719,-0.0719,-0.0719,-0.0719,0.04,0.02,0.00,26.712139,84.305089,50.0,2034,2034,2034,2034,2048,2048
45973,IDLE,0.05,0.02,179.90,0.01,-0.05,-0.06,0.0740,0.0740,0.0740,0.0740,0.04,0.01,0.00,26.712139,84.305089,50.0,2063,2063,2063,2063,2048,2048
45993,IDLE,0.05,0.02,179.90,0.03,-0.01,-0.05,0.0660,0.0660,0.0660,0.0660,0.03,-0.00,0.00,26.712139,84.305089,50.0,2061,2061,2061,2061,2048,2048
46017,IDLE,0.05,0.02,179.90,-0.08,0.09,0.05,-0.0576,-0.0576,-0.0576,-0.0576,0.03,-0.01,0.00,26.712139,84.305089,50.0,2036,2036,2036,2036,2048,2048
46040,IDLE,0.04,0.02,179.90,-0.16,0.01,-0.05,0.0633,0.0633,0.0633,0.0633,0.03,-0.01,0.00,26.712139,84.305089,50.0,2061,2061,2061,2061,2048,2048
46066,IDLE,0.04,0.02,179.90,-0.01,0.03,-0.20,0.2489,0.2489,0.2489,0.2489,0.03,-0.02,0.00,26.712139,84.305089,50.0,2098,2098,2098,2098,2048,2048
46085,IDLE,0.04,0.02,179.89,-0.05,0.02,-0.19,0.2318,0.2318,0.2318,0.2318,0.03,-0.02,0.00,26.712139,84.305089,50.0,2094,2094,2094,2094,2048,2048
46109,IDLE,0.03,0.03,179.89,-0.25,0.09,-0.30,0.3753,0.3753,0.3753,0.3753,0.03,-0.03,0.00,26.712139,84.305089,50.0,2123,2123,2123,2123,2048,2048
46131,IDLE,0.03,0.02,179.88,-0.07,-0.07,-0.39,0.4804,0.4804,0.4804,0.4804,0.03,-0.03,0.00,26.712139,84.305089,50.0,2144,2144,2144,2144,2048,2048
46157,IDLE,0.02,0.02,179.88,-0.08,-0.03,-0.19,0.2374,0.2374,0.2374,0.2374,0.03,-0.03,0.00,26.712139,84.305089,50.0,2095,2095,2095,2095,2048,2048
46176,IDLE,0.02,0.03,179.87,-0.13,0.12,-0.13,0.1550,0.1550,0.1550,0.1550,0.03,-0.02,0.00,26.712139,84.305089,50.0,2079,2079,2079,2079,2048,2048
46204,IDLE,0.02,0.03,179.87,-0.03,0.00,-0.15,0.1825,0.1825,0.1825,0.1825,0.03,-0.04,0.00,26.712139,84.305089,50.0,2085,2085,2085,2085,2048,2048
46239,IDLE,0.01,0.02,179.87,-0.11,-0.02,-0.09,0.1174,0.1174,0.1174,0.1174,0.03,-0.04,0.00,26.712139,84.305089,50.0,2071,2071,2071,2071,2048,2048
46266,IDLE,0.01,0.02,179.87,-0.01,-0.02,0.03,-0.0368,-0.0368,-0.0368,-0.0368,0.03,-0.04,0.00,26.712139,84.305089,0.56,2041,2041,2041,2041,2048,2048
46287,IDLE,0.01,0.02,179.87,-0.12,-0.18,0.02,-0.0192,-0.0192,-0.0192,-0.0192,0.03,-0.03,0.00,26.712139,84.305089,0.56,2044,2044,2044,2044,2048,2048
46311,IDLE,0.01,0.02,179.87,0.09,-0.13,-0.07,0.0864,0.0864,0.0864,0.0864,0.03,-0.02,0.00,26.712139,84.305089,0.56,2065,2065,2065,2065,2048,2048
46333,IDLE,0.01,0.01,179.87,0.00,-0.09,-0.01,0.0128,0.0128,0.0128,0.0128,0.03,-0.02,0.00,26.712139,84.305089,0.56,2051,2051,2051,2051,2048,2048
46359,IDLE,0.01,0.01,179.87,-0.07,-0.15,-0.14,0.1787,0.1787,0.1787,0.1787,0.03,-0.02,0.00,26.712139,84.305089,0.56,2084,2084,2084,2084,2048,2048
46379,IDLE,0.01,0.01,179.87,0.02,-0.21,-0.21,0.2638,0.2638,0.2638,0.2638,0.02,-0.03,0.00,26.712139,84.305089,0.56,2101,2101,2101,2101,2048,2048
46402,IDLE,0.00,0.01,179.86,-0.10,-0.08,-0.27,0.3391,0.3391,0.3391,0.3391,0.02,-0.03,0.00,26.712139,84.305089,0.56,2116,2116,2116,2116,2048,2048
46424,IDLE,0.00,0.00,179.86,0.02,-0.20,-0.15,0.1868,0.1868,0.1868,0.1868,0.02,-0.03,0.00,26.712139,84.305089,0.56,2085,2085,2085,2085,2048,2048
46449,IDLE,0.00,-0.00,179.86,-0.02,-0.20,-0.17,0.2092,0.2092,0.2092,0.2092,0.02,-0.03,0.00,26.712139,84.305089,0.56,2090,2090,2090,2090,2048,2048
46468,IDLE,0.00,-0.01,179.85,0.07,-0.18,-0.18,0.2211,0.2211,0.2211,0.2211,0.02,-0.03,0.00,26.712139,84.305089,0.56,2092,2092,2092,2092,2048,2048
46496,IDLE,0.01,-0.01,179.85,0.08,-0.15,-0.15,0.1813,0.1813,0.1813,0.1813,0.02,-0.02,0.00,26.712139,84.305089,0.56,2084,2084,2084,2084,2048,2048
46517,IDLE,0.00,-0.01,179.85,-0.04,-0.14,-0.08,0.1050,0.1050,0.1050,0.1050,0.02,-0.01,0.00,26.712139,84.305089,0.56,2069,2069,2069,2069,2048,2048
46542,IDLE,0.00,-0.01,179.85,-0.02,-0.13,-0.09,0.1186,0.1186,0.1186,0.1186,0.02,-0.01,0.00,26.712139,84.305089,0.56,2072,2072,2072,2072,2048,2048
46560,IDLE,0.01,-0.02,179.85,0.06,-0.07,-0.20,0.2401,0.2401,0.2401,0.2401,0.02,0.01,0.00,26.712139,84.305089,0.56,2096,2096,2096,2096,2048,2048
46587,IDLE,0.01,-0.02,179.84,0.10,-0.05,-0.26,0.3146,0.3146,0.3146,0.3146,0.03,0.02,0.00,26.712139,84.305089,0.56,2111,2111,2111,2111,2048,2048
46607,IDLE,0.01,-0.02,179.84,0.03,-0.01,-0.11,0.1291,0.1291,0.1291,0.1291,0.03,0.04,0.00,26.712139,84.305089,0.56,2074,2074,2074,2074,2048,2048
46632,IDLE,0.00,-0.02,179.84,-0.13,0.08,-0.01,0.0177,0.0177,0.0177,0.0177,0.03,0.04,0.00,26.712139,84.305089,0.56,2052,2052,2052,2052,2048,2048
46655,IDLE,0.00,-0.01,179.84,-0.04,0.09,-0.13,0.1599,0.1599,0.1599,0.1599,0.03,0.03,0.00,26.712139,84.305089,0.56,2080,2080,2080,2080,2048,2048
46681,IDLE,0.00,-0.01,179.84,-0.01,0.06,-0.06,0.0727,0.0727,0.0727,0.0727,0.03,0.03,0.00,26.712139,84.305089,0.56,2063,2063,2063,2063,2048,2048
46701,IDLE,0.00,-0.01,179.84,-0.07,0.10,-0.08,0.0961,0.0961,0.0961,0.0961,0.03,0.05,0.00,26.712139,84.305089,0.56,2067,2067,2067,2067,2048,2048
46725,IDLE,-0.00,-0.01,179.84,-0.11,0.04,-0.13,0.1581,0.1581,0.1581,0.1581,0.03,0.06,0.00,26.712139,84.305089,0.56,2080,2080,2080,2080,2048,2048
46748,IDLE,-0.01,-0.01,179.83,-0.18,-0.07,-0.15,0.1916,0.1916,0.1916,0.1916,0.04,0.07,0.00,26.712139,84.305089,0.56,2086,2086,2086,2086,2048,2048
46774,IDLE,-0.01,-0.01,179.83,0.03,-0.15,-0.19,0.2302,0.2302,0.2302,0.2302,0.04,0.07,0.00,26.712139,84.305089,0.56,2094,2094,2094,2094,2048,2048
46794,IDLE,-0.00,-0.02,179.83,0.16,-0.23,-0.22,0.2739,0.2739,0.2739,0.2739,0.04,0.06,0.00,26.712139,84.305089,0.56,2103,2103,2103,2103,2048,2048
46817,IDLE,0.00,-0.02,179.83,0.13,-0.09,-0.07,0.0821,0.0821,0.0821,0.0821,0.04,0.05,0.00,26.712139,84.305089,0.56,2064,2064,2064,2064,2048,2048
46839,IDLE,0.00,-0.02,179.83,0.14,-0.06,-0.03,0.0338,0.0338,0.0338,0.0338,0.04,0.04,0.00,26.712139,84.305089,0.56,2055,2055,2055,2055,2048,2048
46864,IDLE,0.01,-0.02,179.83,0.18,0.01,-0.06,0.0709,0.0709,0.0709,0.0709,0.04,0.03,0.00,26.712139,84.305089,0.56,2062,2062,2062,2062,2048,2048
46883,IDLE,0.01,-0.02,179.83,0.25,0.05,-0.05,0.0582,0.0582,0.0582,0.0582,0.04,0.03,0.00,26.712139,84.305089,0.56,2060,2060,2060,2060,2048,2048
46906,IDLE,0.02,-0.01,179.83,0.18,0.12,-0.04,0.0473,0.0473,0.0473,0.0473,0.04,0.02,0.00,26.712139,84.305089,0.56,2057,2057,2057,2057,2048,2048
46928,IDLE,0.02,-0.01,179.82,0.17,0.17,-0.11,0.1241,0.1241,0.1241,0.1241,0.04,0.02,0.00,26.712139,84.305089,0.56,2073,2073,2073,2073,2048,2048
46953,IDLE,0.02,-0.01,179.83,0.10,0.13,-0.02,0.0185,0.0185,0.0185,0.0185,0.04,0.01,0.00,26.712139,84.305089,0.56,2052,2052,2052,2052,2048,2048
46972,IDLE,0.03,-0.00,179.83,0.12,0.14,0.01,-0.0119,-0.0119,-0.0119,-0.0119,0.04,0.00,0.00,26.712139,84.305089,0.56,2046,2046,2046,2046,2048,2048
47001,IDLE,0.03,-0.00,179.82,0.03,0.13,-0.13,0.1600,0.1600,0.1600,0.1600,0.04,-0.01,0.00,26.712139,84.305089,0.56,2080,2080,2080,2080,2048,2048
47030,IDLE,0.02,-0.00,179.82,-0.02,0.03,-0.20,0.2482,0.2482,0.2482,0.2482,0.04,-0.02,0.00,26.712139,84.305089,0.56,2098,2098,2098,2098,2048,2048
47056,IDLE,0.02,-0.00,179.81,-0.07,0.01,-0.29,0.3505,0.3505,0.3505,0.3505,0.03,-0.02,0.00,26.712139,84.305089,0.56,2118,2118,2118,2118,2048,2048
47077,IDLE,0.02,-0.00,179.81,-0.02,0.01,-0.24,0.2960,0.2960,0.2960,0.2960,0.03,-0.02,0.00,26.712139,84.305089,0.56,2107,2107,2107,2107,2048,2048
47101,IDLE,0.02,-0.00,179.81,-0.07,-0.14,-0.12,0.1472,0.1472,0.1472,0.1472,0.03,-0.02,0.00,26.712139,84.305089,0.56,2077,2077,2077,2077,2048,2048
47123,IDLE,0.02,-0.01,179.81,0.03,-0.25,-0.15,0.1912,0.1912,0.1912,0.1912,0.03,-0.03,0.00,26.712139,84.305089,0.56,2086,2086,2086,2086,2048,2048
47150,IDLE,0.02,-0.01,179.80,0.10,-0.12,-0.11,0.1336,0.1336,0.1336,0.1336,0.03,-0.04,0.00,26.712139,84.305089,0.56,2075,2075,2075,2075,2048,2048
47169,IDLE,0.03,-0.02,179.80,0.11,-0.20,-0.03,0.0323,0.0323,0.0323,0.0323,0.03,-0.05,0.00,26.712139,84.305089,0.56,2054,2054,2054,2054,2048,2048
47192,IDLE,0.03,-0.02,179.81,0.12,-0.18,0.01,-0.0144,-0.0144,-0.0144,-0.0144,0.03,-0.05,0.00,26.712139,84.305089,0.56,2045,2045,2045,2045,2048,2048
47214,IDLE,0.03,-0.03,179.81,0.06,-0.21,-0.02,0.0217,0.0217,0.0217,0.0217,0.03,-0.05,0.00,26.712139,84.305089,0.56,2052,2052,2052,2052,2048,2048
47239,IDLE,0.03,-0.03,179.81,0.08,-0.21,0.10,-0.1147,-0.1147,-0.1147,-0.1147,0.03,-0.04,0.00,26.712139,84.305089,0.56,2025,2025,2025,2025,2048,2048
47258,IDLE,0.03,-0.03,179.82,0.11,-0.16,0.17,-0.2073,-0.2073,-0.2073,-0.2073,0.03,-0.05,0.00,26.712139,84.305089,0.56,2007,2007,2007,2007,2048,2048
47285,IDLE,0.03,-0.04,179.82,0.15,-0.19,-0.01,0.0081,0.0081,0.0081,0.0081,0.02,-0.05,0.00,26.712139,84.305089,0.56,2050,2050,2050,2050,2048,2048
47306,IDLE,0.03,-0.04,179.82,0.06,-0.07,-0.01,0.0109,0.0109,0.0109,0.0109,0.02,-0.05,0.00,26.712139,84.305089,0.56,2050,2050,2050,2050,2048,2048
47330,IDLE,0.04,-0.04,179.82,0.15,0.01,-0.07,0.0814,0.0814,0.0814,0.0814,0.02,-0.05,0.00,26.712139,84.305089,0.56,2064,2064,2064,2064,2048,2048
47353,IDLE,0.04,-0.03,179.82,0.19,0.06,-0.03,0.0285,0.0285,0.0285,0.0285,0.02,-0.03,0.00,26.712139,84.305089,0.56,2054,2054,2054,2054,2048,2048
47379,IDLE,0.05,-0.04,179.82,0.21,-0.13,-0.07,0.0889,0.0889,0.0889,0.0889,0.02,-0.02,0.00,26.712139,84.305089,0.56,2066,2066,2066,2066,2048,2048
47400,IDLE,0.05,-0.04,179.82,0.18,-0.13,-0.04,0.0492,0.0492,0.0492,0.0492,0.02,-0.02,0.00,26.712139,84.305089,0.56,2058,2058,2058,2058,2048,2048
47423,IDLE,0.05,-0.04,179.82,0.14,-0.09,-0.10,0.1153,0.1153,0.1153,0.1153,0.02,-0.02,0.00,26.712139,84.305089,0.56,2071,2071,2071,2071,2048,2048
47445,IDLE,0.05,-0.04,179.82,0.01,-0.15,-0.06,0.0738,0.0738,0.0738,0.0738,0.02,-0.02,0.00,26.712139,84.305089,0.56,2063,2063,2063,2063,2048,2048
47471,IDLE,0.05,-0.05,179.82,0.01,-0.20,-0.02,0.0321,0.0321,0.0321,0.0321,0.02,-0.02,0.00,26.712139,84.305089,0.56,2054,2054,2054,2054,2048,2048
47491,IDLE,0.05,-0.05,179.81,0.03,-0.24,-0.19,0.2395,0.2395,0.2395,0.2395,0.02,-0.03,0.00,26.712139,84.305089,0.56,2096,2096,2096,2096,2048,2048
47519,IDLE,0.05,-0.05,179.81,-0.04,-0.08,-0.17,0.2107,0.2107,0.2107,0.2107,0.02,-0.06,0.00,26.712139,84.305089,0.56,2090,2090,2090,2090,2048,2048
47546,IDLE,0.05,-0.05,179.81,-0.06,-0.21,-0.14,0.1763,0.1763,0.1763,0.1763,0.01,-0.07,0.00,26.712139,84.305089,0.56,2083,2083,2083,2083,2048,2048
47566,IDLE,0.05,-0.06,179.81,0.14,-0.25,-0.13,0.1608,0.1608,0.1608,0.1608,0.01,-0.07,0.00,26.712139,84.305089,0.56,2080,2080,2080,2080,2048,2048
47589,IDLE,0.05,-0.06,179.81,0.19,-0.12,-0.15,0.1866,0.1866,0.1866,0.1866,0.01,-0.07,0.00,26.712139,84.305089,0.56,2085,2085,2085,2085,2048,2048
47612,IDLE,0.05,-0.06,179.80,0.19,-0.06,-0.16,0.1908,0.1908,0.1908,0.1908,0.01,-0.06,0.00,26.712139,84.305089,0.56,2086,2086,2086,2086,2048,2048
47638,IDLE,0.05,-0.06,179.80,0.13,0.07,-0.06,0.0663,0.0663,0.0663,0.0663,0.01,-0.06,0.00,26.712139,84.305089,0.56,2061,2061,2061,2061,2048,2048
47657,IDLE,0.06,-0.06,179.81,0.17,-0.03,0.02,-0.0286,-0.0286,-0.0286,-0.0286,0.01,-0.06,0.00,26.712139,84.305089,0.56,2042,2042,2042,2042,2048,2048
47685,IDLE,0.06,-0.06,179.81,0.11,-0.09,-0.00,0.0042,0.0042,0.0042,0.0042,0.01,-0.05,0.00,26.712139,84.305089,0.56,2049,2049,2049,2049,2048,2048
47712,IDLE,0.06,-0.06,179.81,0.15,-0.15,0.06,-0.0785,-0.0785,-0.0785,-0.0785,0.01,-0.04,0.00,26.712139,84.305089,0.56,2032,2032,2032,2032,2048,2048
47732,IDLE,0.06,-0.06,179.82,0.31,-0.24,0.20,-0.2507,-0.2507,-0.2507,-0.2507,0.01,-0.05,0.00,26.712139,84.305089,0.56,1998,1998,1998,1998,2048,2048
47755,IDLE,0.07,-0.06,179.82,0.20,-0.13,0.32,-0.3924,-0.3924,-0.3924,-0.3924,0.01,-0.05,0.00,26.712139,84.305089,0.56,1970,1970,1970,1970,2048,2048
47777,IDLE,0.06,-0.06,179.83,-0.02,-0.00,0.12,-0.1402,-0.1402,-0.1402,-0.1402,0.01,-0.05,0.00,26.712139,84.305089,0.56,2020,2020,2020,2020,2048,2048
47802,IDLE,0.06,-0.06,179.83,0.01,-0.07,0.13,-0.1516,-0.1516,-0.1516,-0.1516,0.00,-0.05,0.00,26.712139,84.305089,0.56,2018,2018,2018,2018,2048,2048
47820,IDLE,0.06,-0.06,179.83,-0.02,-0.07,-0.07,0.0926,0.0926,0.0926,0.0926,0.00,-0.04,0.00,26.712139,84.305089,0.56,2067,2067,2067,2067,2048,2048
47847,IDLE,0.05,-0.06,179.83,-0.08,-0.06,-0.03,0.0416,0.0416,0.0416,0.0416,0.01,-0.03,0.00,26.712139,84.305089,0.56,2056,2056,2056,2056,2048,2048
47867,IDLE,0.05,-0.06,179.83,-0.08,-0.03,0.04,-0.0453,-0.0453,-0.0453,-0.0453,0.01,-0.02,0.00,26.712139,84.305089,0.56,2039,2039,2039,2039,2048,2048
47891,IDLE,0.05,-0.06,179.84,-0.04,-0.07,0.09,-0.1088,-0.1088,-0.1088,-0.1088,0.01,-0.02,0.00,26.712139,84.305089,0.56,2026,2026,2026,2026,2048,2048
47913,IDLE,0.05,-0.06,179.83,0.07,-0.04,-0.13,0.1620,0.1620,0.1620,0.1620,0.01,-0.02,0.00,26.712139,84.305089,0.56,2080,2080,2080,2080,2048,2048
47938,IDLE,0.05,-0.06,179.83,0.15,-0.06,-0.09,0.1028,0.1028,0.1028,0.1028,0.00,-0.02,0.00,26.712139,84.305089,0.56,2069,2069,2069,2069,2048,2048
47957,IDLE,0.05,-0.07,179.83,0.11,-0.06,-0.01,0.0098,0.0098,0.0098,0.0098,0.00,-0.02,0.00,26.712139,84.305089,0.56,2050,2050,2050,2050,2048,2048
47985,IDLE,0.05,-0.07,179.83,0.25,-0.20,-0.04,0.0473,0.0473,0.0473,0.0473,0.00,-0.02,0.00,26.712139,84.305089,0.56,2057,2057,2057,2057,2048,2048
48006,IDLE,0.06,-0.07,179.84,0.38,-0.12,0.08,-0.0993,-0.0993,-0.0993,-0.0993,0.00,-0.02,0.00,26.712139,84.305089,0.56,2028,2028,2028,2028,2048,2048
48031,IDLE,0.06,-0.08,179.84,0.26,-0.15,-0.04,0.0433,0.0433,0.0433,0.0433,0.00,-0.02,0.00,26.712139,84.305089,0.56,2057,2057,2057,2057,2048,2048
48049,IDLE,0.07,-0.08,179.84,0.31,-0.18,0.02,-0.0245,-0.0245,-0.0245,-0.0245,0.00,-0.02,0.00,26.712139,84.305089,0.56,2043,2043,2043,2043,2048,2048
48076,IDLE,0.07,-0.08,179.84,0.29,-0.13,-0.03,0.0373,0.0373,0.0373,0.0373,0.00,-0.02,0.00,26.712139,84.305089,0.56,2055,2055,2055,2055,2048,2048
48096,IDLE,0.08,-0.08,179.84,0.27,-0.29,-0.12,0.1441,0.1441,0.1441,0.1441,0.00,-0.02,0.00,26.712139,84.305089,0.56,2077,2077,2077,2077,2048,2048
48121,IDLE,0.08,-0.09,179.84,0.28,-0.23,-0.08,0.1005,0.1005,0.1005,0.1005,0.00,-0.01,0.00,26.712139,84.305089,0.56,2068,2068,2068,2068,2048,2048
48143,IDLE,0.09,-0.09,179.84,0.27,-0.12,-0.06,0.0678,0.0678,0.0678,0.0678,0.00,-0.02,0.00,26.712139,84.305089,0.56,2062,2062,2062,2062,2048,2048
48169,IDLE,0.09,-0.09,179.84,0.39,-0.10,0.01,-0.0195,-0.0195,-0.0195,-0.0195,-0.00,-0.03,0.00,26.712139,84.305089,0.56,2044,2044,2044,2044,2048,2048
48188,IDLE,0.10,-0.08,179.84,0.29,0.11,-0.01,-0.0020,-0.0020,-0.0020,-0.0020,-0.00,-0.02,0.00,26.712139,84.305089,0.56,2048,2048,2048,2048,2048,2048
48224,IDLE,0.10,-0.07,179.83,0.08,0.24,-0.15,0.1825,0.1825,0.1825,0.1825,0.00,0.00,0.00,26.712139,84.305089,0.56,2085,2085,2085,2085,2048,2048
48252,IDLE,0.10,-0.06,179.83,0.19,0.15,-0.06,0.0709,0.0709,0.0709,0.0709,0.00,0.01,0.00,26.712140,84.305089,0.56,2062,2062,2062,2062,2048,2048
48274,IDLE,0.11,-0.06,179.83,0.26,0.10,-0.14,0.1665,0.1665,0.1665,0.1665,0.00,0.03,0.00,26.712140,84.305089,02,2081,2081,2081,2081,2048,2048
48299,IDLE,0.11,-0.06,179.83,0.29,0.04,-0.07,0.0769,0.0769,0.0769,0.0769,0.01,0.03,0.00,26.712140,84.305089,02,2063,2063,2063,2063,2048,2048
48318,IDLE,0.11,-0.05,179.83,0.12,0.08,-0.10,0.1125,0.1125,0.1125,0.1125,0.01,0.04,0.00,26.712140,84.305089,02,2070,2070,2070,2070,2048,2048
48341,IDLE,0.11,-0.05,179.83,0.16,0.18,-0.19,0.2309,0.2309,0.2309,0.2309,0.01,0.04,0.00,26.712140,84.305089,02,2094,2094,2094,2094,2048,2048
48363,IDLE,0.11,-0.04,179.82,0.26,0.12,-0.33,0.3920,0.3920,0.3920,0.3920,0.01,0.03,0.00,26.712140,84.305089,02,2126,2126,2126,2126,2048,2048
48389,IDLE,0.11,-0.04,179.81,0.24,0.05,-0.37,0.4403,0.4403,0.4403,0.4403,0.01,0.02,0.00,26.712140,84.305089,02,2136,2136,2136,2136,2048,2048
48408,IDLE,0.12,-0.04,179.81,0.33,-0.01,-0.32,0.3872,0.3872,0.3872,0.3872,0.01,0.02,0.00,26.712140,84.305089,02,2125,2125,2125,2125,2048,2048
48432,IDLE,0.12,-0.04,179.80,0.45,-0.06,-0.29,0.3497,0.3497,0.3497,0.3497,0.01,0.02,0.00,26.712140,84.305089,02,2118,2118,2118,2118,2048,2048
48454,IDLE,0.13,-0.04,179.80,0.47,-0.00,-0.09,0.0932,0.0932,0.0932,0.0932,0.01,0.01,0.00,26.712140,84.305089,02,2067,2067,2067,2067,2048,2048
48481,IDLE,0.14,-0.04,179.80,0.39,-0.08,0.06,-0.0836,-0.0836,-0.0836,-0.0836,0.01,0.01,0.00,26.712140,84.305089,02,2031,2031,2031,2031,2048,2048
48501,IDLE,0.14,-0.03,179.81,0.26,0.05,-0.01,0.0082,0.0082,0.0082,0.0082,0.01,0.00,0.00,26.712140,84.305089,02,2050,2050,2050,2050,2048,2048
48524,IDLE,0.14,-0.03,179.81,0.40,-0.03,-0.10,0.1093,0.1093,0.1093,0.1093,0.01,-0.00,0.00,26.712140,84.305089,02,2070,2070,2070,2070,2048,2048
48547,IDLE,0.15,-0.04,179.80,0.41,-0.12,-0.22,0.2640,0.2640,0.2640,0.2640,0.00,-0.02,0.00,26.712140,84.305089,02,2101,2101,2101,2101,2048,2048
48573,IDLE,0.15,-0.04,179.80,0.38,-0.10,-0.31,0.3753,0.3753,0.3753,0.3753,0.00,-0.03,0.00,26.712140,84.305089,02,2123,2123,2123,2123,2048,2048
48593,IDLE,0.16,-0.04,179.79,0.29,-0.11,-0.37,0.4513,0.4513,0.4513,0.4513,0.00,-0.03,0.00,26.712140,84.305089,02,2138,2138,2138,2138,2048,2048
48617,IDLE,0.16,-0.04,179.78,0.21,-0.09,-0.27,0.3273,0.3273,0.3273,0.3273,0.00,-0.03,0.00,26.712140,84.305089,02,2113,2113,2113,2113,2048,2048
48640,IDLE,0.16,-0.04,179.78,0.19,-0.17,-0.34,0.4134,0.4134,0.4134,0.4134,0.00,-0.02,0.00,26.712140,84.305089,02,2131,2131,2131,2131,2048,2048
48666,IDLE,0.16,-0.04,179.77,0.25,-0.08,-0.19,0.2246,0.2246,0.2246,0.2246,0.00,-0.02,0.00,26.712140,84.305089,02,2093,2093,2093,2093,2048,2048
48686,IDLE,0.16,-0.04,179.77,0.08,-0.04,-0.13,0.1626,0.1626,0.1626,0.1626,0.00,-0.02,0.00,26.712140,84.305089,02,2081,2081,2081,2081,2048,2048
48710,IDLE,0.15,-0.04,179.77,-0.00,0.06,-0.05,0.0629,0.0629,0.0629,0.0629,0.00,-0.02,0.00,26.712140,84.305089,02,2061,2061,2061,2061,2048,2048
48733,IDLE,0.15,-0.04,179.77,0.06,0.01,-0.09,0.1076,0.1076,0.1076,0.1076,0.00,-0.02,0.00,26.712140,84.305089,02,2070,2070,2070,2070,2048,2048
48759,IDLE,0.15,-0.04,179.77,0.12,-0.14,-0.06,0.0735,0.0735,0.0735,0.0735,0.00,-0.01,0.00,26.712140,84.305089,02,2063,2063,2063,2063,2048,2048
48779,IDLE,0.14,-0.04,179.77,0.03,-0.08,-0.07,0.0879,0.0879,0.0879,0.0879,0.00,-0.00,0.00,26.712140,84.305089,02,2066,2066,2066,2066,2048,2048
48803,IDLE,0.14,-0.04,179.77,0.03,-0.09,0.02,-0.0231,-0.0231,-0.0231,-0.0231,0.00,0.00,0.00,26.712140,84.305089,02,2043,2043,2043,2043,2048,2048
48826,IDLE,0.14,-0.04,179.78,0.03,-0.03,0.06,-0.0746,-0.0746,-0.0746,-0.0746,0.01,0.03,0.00,26.712140,84.305089,02,2033,2033,2033,2033,2048,2048
48852,IDLE,0.13,-0.04,179.78,-0.12,-0.01,-0.03,0.0341,0.0341,0.0341,0.0341,0.01,0.05,0.00,26.712140,84.305089,02,2055,2055,2055,2055,2048,2048
48872,IDLE,0.13,-0.04,179.78,-0.13,-0.17,0.07,-0.0807,-0.0807,-0.0807,-0.0807,0.01,0.08,0.00,26.712140,84.305089,02,2032,2032,2032,2032,2048,2048
48895,IDLE,0.12,-0.04,179.78,-0.15,-0.16,-0.03,0.0425,0.0425,0.0425,0.0425,0.01,0.09,0.00,26.712140,84.305089,02,2056,2056,2056,2056,2048,2048
48917,IDLE,0.12,-0.05,179.78,-0.06,-0.21,-0.13,0.1636,0.1636,0.1636,0.1636,0.02,0.08,0.00,26.712140,84.305089,02,2081,2081,2081,2081,2048,2048
48943,IDLE,0.12,-0.05,179.78,0.20,-0.23,-0.29,0.3509,0.3509,0.3509,0.3509,0.02,0.07,0.00,26.712140,84.305089,02,2118,2118,2118,2118,2048,2048
48963,IDLE,0.12,-0.05,179.77,0.23,-0.11,-0.31,0.3773,0.3773,0.3773,0.3773,0.02,0.06,0.00,26.712140,84.305089,02,2123,2123,2123,2123,2048,2048
48986,IDLE,0.12,-0.05,179.77,0.24,-0.16,-0.33,0.3954,0.3954,0.3954,0.3954,0.02,0.05,0.00,26.712140,84.305089,02,2127,2127,2127,2127,2048,2048
49008,IDLE,0.12,-0.05,179.76,0.08,-0.08,-0.34,0.4146,0.4146,0.4146,0.4146,0.02,0.04,0.00,26.712140,84.305089,02,2131,2131,2131,2131,2048,2048
49045,IDLE,0.12,-0.06,179.74,0.09,-0.16,-0.54,0.6615,0.6615,0.6615,0.6615,0.02,0.03,0.00,26.712140,84.305089,02,2180,2180,2180,2180,2048,2048
49071,IDLE,0.12,-0.06,179.73,0.07,-0.09,-0.44,0.5386,0.5386,0.5386,0.5386,0.02,0.02,0.00,26.712140,84.305089,02,2156,2156,2156,2156,2048,2048
49092,IDLE,0.12,-0.06,179.73,0.12,-0.06,-0.33,0.3979,0.3979,0.3979,0.3979,0.02,0.02,0.00,26.712140,84.305089,02,2128,2128,2128,2128,2048,2048
49116,IDLE,0.12,-0.06,179.72,0.16,-0.04,-0.29,0.3476,0.3476,0.3476,0.3476,0.02,0.01,0.00,26.712140,84.305089,02,2118,2118,2118,2118,2048,2048
49134,IDLE,0.12,-0.06,179.72,0.10,-0.06,-0.15,0.1851,0.1851,0.1851,0.1851,0.02,0.01,0.00,26.712140,84.305089,02,2085,2085,2085,2085,2048,2048
49161,IDLE,0.12,-0.06,179.72,0.26,-0.08,-0.07,0.0864,0.0864,0.0864,0.0864,0.01,0.00,0.00,26.712140,84.305089,02,2065,2065,2065,2065,2048,2048
49181,IDLE,0.12,-0.06,179.72,0.32,-0.06,-0.27,0.3208,0.3208,0.3208,0.3208,0.01,0.00,0.00,26.712140,84.305089,02,2112,2112,2112,2112,2048,2048
49206,IDLE,0.12,-0.06,179.72,0.13,-0.12,-0.09,0.1102,0.1102,0.1102,0.1102,0.01,-0.00,0.00,26.712140,84.305089,02,2070,2070,2070,2070,2048,2048
49224,IDLE,0.12,-0.06,179.72,0.12,-0.07,-0.01,0.0140,0.0140,0.0140,0.0140,0.01,-0.00,0.00,26.712140,84.305089,02,2051,2051,2051,2051,2048,2048
49252,IDLE,0.13,-0.06,179.72,0.34,-0.12,0.06,-0.0812,-0.0812,-0.0812,-0.0812,0.01,-0.01,0.00,26.712140,84.305088,02,2032,2032,2032,2032,2048,2048
49273,IDLE,0.12,-0.06,179.73,0.08,-0.06,0.13,-0.1642,-0.1642,-0.1642,-0.1642,0.01,0.00,0.00,26.712140,84.305088,50.3,2015,2015,2015,2015,2048,2048
49297,IDLE,0.12,-0.06,179.73,0.12,-0.08,0.01,-0.0088,-0.0088,-0.0088,-0.0088,0.02,0.01,0.00,26.712140,84.305088,50.3,2046,2046,2046,2046,2048,2048
49320,IDLE,0.12,-0.06,179.73,0.15,-0.07,-0.03,0.0287,0.0287,0.0287,0.0287,0.02,0.01,0.00,26.712140,84.305088,50.3,2054,2054,2054,2054,2048,2048
49346,IDLE,0.12,-0.06,179.73,0.15,-0.16,-0.02,0.0285,0.0285,0.0285,0.0285,0.02,0.01,0.00,26.712140,84.305088,50.3,2054,2054,2054,2054,2048,2048
49366,IDLE,0.12,-0.06,179.73,0.05,-0.10,-0.15,0.1828,0.1828,0.1828,0.1828,0.02,0.00,0.00,26.712140,84.305088,50.3,2085,2085,2085,2085,2048,2048
49390,IDLE,0.12,-0.06,179.73,-0.05,-0.18,-0.17,0.2139,0.2139,0.2139,0.2139,0.02,0.00,0.00,26.712140,84.305088,50.3,2091,2091,2091,2091,2048,2048
49412,IDLE,0.11,-0.06,179.73,-0.04,-0.12,-0.09,0.1093,0.1093,0.1093,0.1093,0.01,-0.00,0.00,26.712140,84.305088,50.3,2070,2070,2070,2070,2048,2048
49438,IDLE,0.10,-0.06,179.73,-0.09,-0.08,0.01,-0.0053,-0.0053,-0.0053,-0.0053,0.01,-0.01,0.00,26.712140,84.305088,50.3,2047,2047,2047,2047,2048,2048
49457,IDLE,0.10,-0.06,179.73,-0.03,-0.11,0.06,-0.0657,-0.0657,-0.0657,-0.0657,0.01,-0.00,0.00,26.712140,84.305088,50.3,2035,2035,2035,2035,2048,2048
49485,IDLE,0.10,-0.06,179.73,-0.11,-0.11,-0.09,0.1146,0.1146,0.1146,0.1146,0.02,0.00,0.00,26.712140,84.305088,50.3,2071,2071,2071,2071,2048,2048
49506,IDLE,0.09,-0.06,179.73,0.02,-0.17,-0.02,0.0237,0.0237,0.0237,0.0237,0.02,0.00,0.00,26.712140,84.305088,50.3,2053,2053,2053,2053,2048,2048
49531,IDLE,0.09,-0.07,179.74,0.14,-0.24,0.08,-0.1000,-0.1000,-0.1000,-0.1000,0.02,0.00,0.00,26.712140,84.305088,50.3,2028,2028,2028,2028,2048,2048
49554,IDLE,0.10,-0.07,179.74,0.21,-0.07,0.02,-0.0325,-0.0325,-0.0325,-0.0325,0.01,-0.01,0.00,26.712140,84.305088,50.3,2041,2041,2041,2041,2048,2048
49581,IDLE,0.10,-0.06,179.74,0.18,0.01,-0.12,0.1375,0.1375,0.1375,0.1375,0.01,-0.02,0.00,26.712140,84.305088,50.3,2075,2075,2075,2075,2048,2048
49601,IDLE,0.10,-0.06,179.74,0.10,0.07,-0.08,0.0962,0.0962,0.0962,0.0962,0.01,-0.01,0.00,26.712140,84.305088,50.3,2067,2067,2067,2067,2048,2048
49624,IDLE,0.10,-0.06,179.74,0.15,0.17,-0.03,0.0268,0.0268,0.0268,0.0268,0.01,-0.01,0.00,26.712140,84.305088,50.3,2053,2053,2053,2053,2048,2048
49647,IDLE,0.11,-0.05,179.74,0.29,0.14,-0.04,0.0336,0.0336,0.0336,0.0336,0.01,0.00,0.00,26.712140,84.305088,50.3,2055,2055,2055,2055,2048,2048
49673,IDLE,0.11,-0.05,179.74,0.27,0.02,0.02,-0.0336,-0.0336,-0.0336,-0.0336,0.01,0.01,0.00,26.712140,84.305088,50.3,2041,2041,2041,2041,2048,2048
49692,IDLE,0.12,-0.05,179.75,0.38,-0.04,0.10,-0.1325,-0.1325,-0.1325,-0.1325,0.02,0.02,0.00,26.712140,84.305088,50.3,2022,2022,2022,2022,2048,2048
49715,IDLE,0.12,-0.05,179.75,0.48,-0.14,0.12,-0.1545,-0.1545,-0.1545,-0.1545,0.02,0.02,0.00,26.712140,84.305088,50.3,2017,2017,2017,2017,2048,2048
49737,IDLE,0.14,-0.05,179.75,0.68,-0.18,0.02,-0.0385,-0.0385,-0.0385,-0.0385,0.02,0.02,0.00,26.712140,84.305088,50.3,2040,2040,2040,2040,2048,2048
49762,IDLE,0.15,-0.05,179.75,0.72,-0.17,-0.11,0.1156,0.1156,0.1156,0.1156,0.02,0.02,0.00,26.712140,84.305088,50.3,2071,2071,2071,2071,2048,2048
49781,IDLE,0.16,-0.05,179.75,0.49,0.04,-0.06,0.0599,0.0599,0.0599,0.0599,0.02,0.02,0.00,26.712140,84.305088,50.3,2060,2060,2060,2060,2048,2048
49808,IDLE,0.17,-0.05,179.75,0.59,-0.04,-0.18,0.2096,0.2096,0.2096,0.2096,0.02,0.01,0.00,26.712140,84.305088,50.3,2090,2090,2090,2090,2048,2048
49829,IDLE,0.18,-0.05,179.75,0.54,-0.12,-0.27,0.3174,0.3174,0.3174,0.3174,0.02,0.01,0.00,26.712140,84.305088,50.3,2111,2111,2111,2111,2048,2048
49854,IDLE,0.18,-0.05,179.75,0.41,-0.15,-0.08,0.0930,0.0930,0.0930,0.0930,0.02,0.00,0.00,26.712140,84.305088,50.3,2067,2067,2067,2067,2048,2048
49872,IDLE,0.19,-0.05,179.75,0.53,-0.21,-0.08,0.0905,0.0905,0.0905,0.0905,0.02,0.00,0.00,26.712140,84.305088,50.3,2066,2066,2066,2066,2048,2048
49899,IDLE,0.19,-0.05,179.75,0.45,-0.08,-0.05,0.0566,0.0566,0.0566,0.0566,0.02,-0.00,0.00,26.712140,84.305088,50.3,2059,2059,2059,2059,2048,2048
49920,IDLE,0.19,-0.05,179.74,0.14,-0.17,-0.14,0.1724,0.1724,0.1724,0.1724,0.02,-0.01,0.00,26.712140,84.305088,50.3,2082,2082,2082,2082,2048,2048
49944,IDLE,0.19,-0.05,179.74,0.26,-0.08,-0.14,0.1645,0.1645,0.1645,0.1645,0.02,-0.01,0.00,26.712140,84.305088,50.3,2081,2081,2081,2081,2048,2048
49967,IDLE,0.19,-0.05,179.74,0.23,-0.07,-0.13,0.1560,0.1560,0.1560,0.1560,0.01,-0.02,0.00,26.712140,84.305088,50.3,2079,2079,2079,2079,2048,2048
49993,IDLE,0.19,-0.05,179.74,0.19,-0.04,-0.13,0.1584,0.1584,0.1584,0.1584,0.01,-0.03,0.00,26.712140,84.305088,50.3,2080,2080,2080,2080,2048,2048
50013,IDLE,0.19,-0.05,179.74,0.23,-0.02,-0.09,0.1022,0.1022,0.1022,0.1022,0.01,-0.04,0.00,26.712140,84.305088,50.3,2068,2068,2068,2068,2048,2048
50037,IDLE,0.19,-0.05,179.74,0.18,-0.10,-0.05,0.0575,0.0575,0.0575,0.0575,0.01,-0.05,0.00,26.712140,84.305088,50.3,2059,2059,2059,2059,2048,2048
50059,IDLE,0.19,-0.05,179.74,0.27,-0.01,-0.08,0.0907,0.0907,0.0907,0.0907,0.01,-0.06,0.00,26.712140,84.305088,50.3,2066,2066,2066,2066,2048,2048
50085,IDLE,0.19,-0.05,179.74,0.26,0.00,-0.14,0.1617,0.1617,0.1617,0.1617,0.01,-0.06,0.00,26.712140,84.305088,50.3,2080,2080,2080,2080,2048,2048
50105,IDLE,0.19,-0.04,179.74,-0.01,0.11,-0.13,0.1605,0.1605,0.1605,0.1605,0.01,-0.04,0.00,26.712140,84.305088,50.3,2080,2080,2080,2080,2048,2048
50128,IDLE,0.19,-0.04,179.73,0.16,0.16,-0.30,0.3596,0.3596,0.3596,0.3596,0.01,-0.03,0.00,26.712140,84.305088,50.3,2120,2120,2120,2120,2048,2048
50149,IDLE,0.19,-0.04,179.73,0.19,0.10,-0.17,0.2073,0.2073,0.2073,0.2073,0.01,-0.01,0.00,26.712140,84.305088,50.3,2089,2089,2089,2089,2048,2048
50175,IDLE,0.19,-0.03,179.73,0.29,0.09,-0.16,0.1904,0.1904,0.1904,0.1904,0.01,0.01,0.00,26.712140,84.305088,50.3,2086,2086,2086,2086,2048,2048
50194,IDLE,0.19,-0.03,179.73,0.15,0.11,-0.02,0.0177,0.0177,0.0177,0.0177,0.01,0.01,0.00,26.712140,84.305088,50.3,2052,2052,2052,2052,2048,2048
50230,IDLE,0.19,-0.02,179.73,0.17,0.05,-0.09,0.1041,0.1041,0.1041,0.1041,0.01,0.00,0.00,26.712140,84.305088,50.3,2069,2069,2069,2069,2048,2048
50253,IDLE,0.19,-0.02,179.73,0.36,0.07,-0.10,0.1114,0.1114,0.1114,0.1114,0.01,0.00,0.00,26.712140,84.305088,50.3,2070,2070,2070,2070,2048,2048
50275,IDLE,0.20,-0.02,179.73,0.32,0.04,-0.03,0.0273,0.0273,0.0273,0.0273,0.01,-0.00,0.00,26.712140,84.305088,50.3,2053,2053,2053,2053,2048,2048
50300,IDLE,0.20,-0.02,179.73,0.36,-0.07,-0.02,0.0164,0.0164,0.0164,0.0164,0.01,-0.01,0.00,26.712140,84.305088,02,2051,2051,2051,2051,2048,2048
50320,IDLE,0.21,-0.02,179.73,0.44,-0.06,-0.08,0.0883,0.0883,0.0883,0.0883,0.01,-0.01,0.00,26.712140,84.305088,02,2066,2066,2066,2066,2048,2048
50343,IDLE,0.21,-0.02,179.73,0.31,-0.09,-0.12,0.1419,0.1419,0.1419,0.1419,0.01,-0.01,0.00,26.712140,84.305088,02,2076,2076,2076,2076,2048,2048
50365,IDLE,0.21,-0.02,179.73,0.42,-0.09,-0.10,0.1109,0.1109,0.1109,0.1109,0.01,-0.01,0.00,26.712140,84.305088,02,2070,2070,2070,2070,2048,2048
50390,IDLE,0.22,-0.03,179.73,0.41,-0.27,-0.12,0.1363,0.1363,0.1363,0.1363,0.01,-0.02,0.00,26.712140,84.305088,02,2075,2075,2075,2075,2048,2048
50409,IDLE,0.21,-0.03,179.73,0.20,-0.27,-0.09,0.1111,0.1111,0.1111,0.1111,0.01,-0.03,0.00,26.712140,84.305088,02,2070,2070,2070,2070,2048,2048
50432,IDLE,0.21,-0.03,179.73,0.23,-0.25,-0.16,0.1901,0.1901,0.1901,0.1901,0.00,-0.04,0.00,26.712140,84.305088,02,2086,2086,2086,2086,2048,2048
50454,IDLE,0.21,-0.04,179.73,0.12,-0.26,-0.00,0.0038,0.0038,0.0038,0.0038,0.00,-0.07,0.00,26.712140,84.305088,02,2049,2049,2049,2049,2048,2048
50480,IDLE,0.21,-0.04,179.73,0.09,-0.19,-0.11,0.1409,0.1409,0.1409,0.1409,-0.00,-0.08,0.00,26.712140,84.305088,02,2076,2076,2076,2076,2048,2048
50499,IDLE,0.20,-0.04,179.73,0.04,-0.08,-0.05,0.0655,0.0655,0.0655,0.0655,-0.00,-0.09,0.00,26.712140,84.305088,02,2061,2061,2061,2061,2048,2048
50522,IDLE,0.20,-0.04,179.73,0.06,-0.06,-0.06,0.0766,0.0766,0.0766,0.0766,-0.01,-0.09,0.00,26.712140,84.305088,02,2063,2063,2063,2063,2048,2048
50544,IDLE,0.20,-0.04,179.73,0.18,-0.12,-0.14,0.1735,0.1735,0.1735,0.1735,-0.01,-0.08,0.00,26.712140,84.305088,02,2083,2083,2083,2083,2048,2048
50570,IDLE,0.19,-0.04,179.73,0.18,-0.05,-0.13,0.1563,0.1563,0.1563,0.1563,-0.01,-0.07,0.00,26.712140,84.305088,02,2079,2079,2079,2079,2048,2048
50588,IDLE,0.19,-0.04,179.73,0.25,0.01,-0.22,0.2655,0.2655,0.2655,0.2655,-0.01,-0.07,0.00,26.712140,84.305088,02,2101,2101,2101,2101,2048,2048
50616,IDLE,0.20,-0.04,179.72,0.35,-0.00,-0.23,0.2727,0.2727,0.2727,0.2727,-0.01,-0.07,0.00,26.712140,84.305088,02,2103,2103,2103,2103,2048,2048
50638,IDLE,0.20,-0.04,179.72,0.49,-0.05,-0.09,0.0962,0.0962,0.0962,0.0962,-0.01,-0.06,0.00,26.712140,84.305088,02,2067,2067,2067,2067,2048,2048
50663,IDLE,0.21,-0.04,179.72,0.46,-0.06,0.00,-0.0127,-0.0127,-0.0127,-0.0127,-0.01,-0.05,0.00,26.712140,84.305088,02,2045,2045,2045,2045,2048,2048
50682,IDLE,0.21,-0.04,179.72,0.39,-0.02,-0.04,0.0404,0.0404,0.0404,0.0404,-0.01,-0.05,0.00,26.712140,84.305088,02,2056,2056,2056,2056,2048,2048
50709,IDLE,0.22,-0.04,179.73,0.43,0.17,-0.02,0.0126,0.0126,0.0126,0.0126,-0.01,-0.05,0.00,26.712140,84.305088,02,2051,2051,2051,2051,2048,2048
50730,IDLE,0.23,-0.04,179.73,0.50,0.06,-0.03,0.0267,0.0267,0.0267,0.0267,-0.01,-0.05,0.00,26.712140,84.305088,02,2053,2053,2053,2053,2048,2048
50755,IDLE,0.23,-0.03,179.73,0.34,0.05,-0.17,0.2023,0.2023,0.2023,0.2023,-0.01,-0.04,0.00,26.712140,84.305088,02,2088,2088,2088,2088,2048,2048
50773,IDLE,0.22,-0.03,179.72,0.05,0.24,-0.20,0.2327,0.2327,0.2327,0.2327,-0.01,-0.03,0.00,26.712140,84.305088,02,2095,2095,2095,2095,2048,2048
50800,IDLE,0.22,-0.02,179.72,0.04,0.22,-0.42,0.5110,0.5110,0.5110,0.5110,-0.01,-0.02,0.00,26.712140,84.305088,02,2150,2150,2150,2150,2048,2048
50821,IDLE,0.22,-0.02,179.71,0.12,0.12,-0.29,0.3552,0.3552,0.3552,0.3552,-0.01,-0.01,0.00,26.712140,84.305088,02,2119,2119,2119,2119,2048,2048
50846,IDLE,0.21,-0.02,179.71,0.13,0.09,-0.22,0.2635,0.2635,0.2635,0.2635,-0.01,-0.01,0.00,26.712140,84.305088,02,2101,2101,2101,2101,2048,2048
50864,IDLE,0.21,-0.02,179.70,0.18,-0.04,-0.25,0.3074,0.3074,0.3074,0.3074,-0.01,0.00,0.00,26.712140,84.305088,02,2109,2109,2109,2109,2048,2048
50891,IDLE,0.21,-0.02,179.70,0.24,0.02,-0.21,0.2524,0.2524,0.2524,0.2524,-0.01,0.01,0.00,26.712140,84.305088,02,2098,2098,2098,2098,2048,2048
50912,IDLE,0.21,-0.01,179.70,0.18,0.15,-0.13,0.1502,0.1502,0.1502,0.1502,-0.01,-0.00,0.00,26.712140,84.305088,02,2078,2078,2078,2078,2048,2048
50937,IDLE,0.21,-0.01,179.70,0.13,0.07,-0.18,0.2146,0.2146,0.2146,0.2146,-0.01,-0.01,0.00,26.712140,84.305088,02,2091,2091,2091,2091,2048,2048
50955,IDLE,0.20,-0.01,179.70,0.08,0.00,-0.22,0.2662,0.2662,0.2662,0.2662,-0.01,-0.02,0.00,26.712140,84.305088,02,2101,2101,2101,2101,2048,2048
50983,IDLE,0.20,-0.01,179.69,0.03,0.06,-0.17,0.2047,0.2047,0.2047,0.2047,-0.01,-0.02,0.00,26.712140,84.305088,02,2089,2089,2089,2089,2048,2048
51004,IDLE,0.19,-0.00,179.69,-0.20,0.12,-0.08,0.0940,0.0940,0.0940,0.0940,-0.02,-0.03,0.00,26.712140,84.305088,02,2067,2067,2067,2067,2048,2048
51028,IDLE,0.18,-0.00,179.70,-0.26,0.18,-0.04,0.0470,0.0470,0.0470,0.0470,-0.02,-0.03,0.00,26.712140,84.305088,02,2057,2057,2057,2057,2048,2048
51054,IDLE,0.16,0.00,179.69,-0.32,0.22,-0.08,0.0962,0.0962,0.0962,0.0962,-0.02,-0.03,0.00,26.712140,84.305088,02,2067,2067,2067,2067,2048,2048
51078,IDLE,0.15,0.01,179.70,-0.34,0.21,-0.07,0.0939,0.0939,0.0939,0.0939,-0.02,-0.03,0.00,26.712140,84.305088,02,2067,2067,2067,2067,2048,2048
51101,IDLE,0.14,0.01,179.70,-0.36,0.15,-0.04,0.0517,0.0517,0.0517,0.0517,-0.02,-0.01,0.00,26.712140,84.305088,02,2058,2058,2058,2058,2048,2048
51127,IDLE,0.13,0.01,179.70,-0.29,0.16,-0.04,0.0565,0.0565,0.0565,0.0565,-0.02,-0.00,0.00,26.712140,84.305088,02,2059,2059,2059,2059,2048,2048
51147,IDLE,0.12,0.01,179.70,-0.18,-0.00,-0.11,0.1364,0.1364,0.1364,0.1364,-0.02,-0.00,0.00,26.712140,84.305088,02,2075,2075,2075,2075,2048,2048
51171,IDLE,0.12,0.01,179.70,-0.06,0.04,-0.05,0.0567,0.0567,0.0567,0.0567,-0.02,-0.01,0.00,26.712140,84.305088,02,2059,2059,2059,2059,2048,2048
51193,IDLE,0.11,0.01,179.70,-0.02,-0.00,-0.06,0.0759,0.0759,0.0759,0.0759,-0.02,0.00,0.00,26.712140,84.305088,02,2063,2063,2063,2063,2048,2048
51219,IDLE,0.11,0.01,179.70,0.19,-0.01,0.04,-0.0472,-0.0472,-0.0472,-0.0472,-0.01,0.01,0.00,26.712140,84.305088,02,2039,2039,2039,2039,2048,2048
51239,IDLE,0.11,0.01,179.70,0.11,0.00,-0.03,0.0384,0.0384,0.0384,0.0384,-0.02,0.00,0.00,26.712140,84.305088,02,2056,2056,2056,2056,2048,2048
51262,IDLE,0.11,0.01,179.70,0.23,0.04,-0.02,0.0186,0.0186,0.0186,0.0186,-0.02,0.00,0.00,26.712140,84.305088,02,2052,2052,2052,2052,2048,2048
51285,IDLE,0.11,0.01,179.71,0.09,0.10,0.06,-0.0725,-0.0725,-0.0725,-0.0725,-0.01,0.01,0.00,26.712140,84.305088,02,2034,2034,2034,2034,2048,2048
51312,IDLE,0.11,0.01,179.71,0.19,-0.00,0.02,-0.0315,-0.0315,-0.0315,-0.0315,-0.01,0.01,0.00,26.712140,84.305088,02,2042,2042,2042,2042,2048,2048
51331,IDLE,0.11,0.01,179.71,-0.10,0.08,-0.06,0.0691,0.0691,0.0691,0.0691,-0.01,0.01,0.00,26.712140,84.305088,02,2062,2062,2062,2062,2048,2048
51355,IDLE,0.10,0.01,179.71,-0.23,0.25,-0.00,0.0028,0.0028,0.0028,0.0028,-0.01,0.01,0.00,26.712140,84.305088,02,2049,2049,2049,2049,2048,2048
51378,IDLE,0.09,0.02,179.71,-0.16,0.18,-0.07,0.0861,0.0861,0.0861,0.0861,-0.01,0.01,0.00,26.712140,84.305088,02,2065,2065,2065,2065,2048,2048
51404,IDLE,0.09,0.02,179.71,-0.08,0.24,-0.07,0.0849,0.0849,0.0849,0.0849,-0.01,0.01,0.00,26.712140,84.305088,02,2065,2065,2065,2065,2048,2048
51424,IDLE,0.08,0.02,179.71,-0.17,0.14,-0.02,0.0213,0.0213,0.0213,0.0213,-0.01,0.02,0.00,26.712140,84.305088,02,2052,2052,2052,2052,2048,2048
51448,IDLE,0.07,0.03,179.72,-0.18,0.29,-0.05,0.0606,0.0606,0.0606,0.0606,-0.01,0.02,0.00,26.712140,84.305088,02,2060,2060,2060,2060,2048,2048
51471,IDLE,0.07,0.03,179.72,-0.22,0.21,-0.03,0.0424,0.0424,0.0424,0.0424,-0.01,0.03,0.00,26.712140,84.305088,02,2056,2056,2056,2056,2048,2048
51497,IDLE,0.06,0.04,179.72,-0.20,0.22,0.07,-0.0847,-0.0847,-0.0847,-0.0847,-0.01,0.03,0.00,26.712140,84.305088,02,2031,2031,2031,2031,2048,2048
51518,IDLE,0.05,0.04,179.72,-0.26,0.24,0.10,-0.1251,-0.1251,-0.1251,-0.1251,-0.01,0.01,0.00,26.712140,84.305088,02,2023,2023,2023,2023,2048,2048
51542,IDLE,0.05,0.05,179.73,-0.04,0.25,0.04,-0.0475,-0.0475,-0.0475,-0.0475,-0.01,0.01,0.00,26.712140,84.305088,02,2038,2038,2038,2038,2048,2048
51564,IDLE,0.05,0.05,179.73,-0.10,0.25,0.02,-0.0216,-0.0216,-0.0216,-0.0216,-0.01,-0.00,0.00,26.712140,84.305088,02,2044,2044,2044,2044,2048,2048
51591,IDLE,0.05,0.06,179.74,-0.01,0.19,0.18,-0.2203,-0.2203,-0.2203,-0.2203,-0.01,-0.01,0.00,26.712140,84.305088,02,2004,2004,2004,2004,2048,2048
51610,IDLE,0.04,0.06,179.74,-0.12,0.18,0.23,-0.2774,-0.2774,-0.2774,-0.2774,-0.01,0.00,0.00,26.712140,84.305088,02,1993,1993,1993,1993,2048,2048
51633,IDLE,0.04,0.06,179.75,-0.12,0.11,0.29,-0.3569,-0.3569,-0.3569,-0.3569,-0.01,0.01,0.00,26.712140,84.305088,02,1977,1977,1977,1977,2048,2048
51655,IDLE,0.04,0.06,179.76,0.03,0.19,0.40,-0.4947,-0.4947,-0.4947,-0.4947,-0.01,0.01,0.00,26.712140,84.305088,02,1949,1949,1949,1949,2048,2048
51681,IDLE,0.04,0.06,179.77,0.04,0.17,0.25,-0.3089,-0.3089,-0.3089,-0.3089,-0.01,0.02,0.00,26.712140,84.305088,02,1986,1986,1986,1986,2048,2048
51699,IDLE,0.04,0.07,179.78,-0.03,0.22,0.27,-0.3356,-0.3356,-0.3356,-0.3356,-0.01,0.03,0.00,26.712140,84.305088,02,1981,1981,1981,1981,2048,2048
51727,IDLE,0.03,0.07,179.78,-0.13,0.30,0.18,-0.2166,-0.2166,-0.2166,-0.2166,-0.01,0.03,0.00,26.712140,84.305088,02,2005,2005,2005,2005,2048,2048
51749,IDLE,0.03,0.08,179.79,-0.14,0.26,0.33,-0.4070,-0.4070,-0.4070,-0.4070,-0.01,0.03,0.00,26.712140,84.305088,02,1967,1967,1967,1967,2048,2048
51773,IDLE,0.03,0.08,179.80,-0.06,0.17,0.22,-0.2655,-0.2655,-0.2655,-0.2655,-0.01,0.03,0.00,26.712140,84.305088,02,1995,1995,1995,1995,2048,2048
51792,IDLE,0.02,0.08,179.80,-0.13,0.16,0.21,-0.2605,-0.2605,-0.2605,-0.2605,-0.01,0.01,0.00,26.712140,84.305088,02,1996,1996,1996,1996,2048,2048
51819,IDLE,0.02,0.08,179.81,0.00,0.06,0.15,-0.1848,-0.1848,-0.1848,-0.1848,-0.01,-0.01,0.00,26.712140,84.305088,02,2011,2011,2011,2011,2048,2048
51840,IDLE,0.02,0.07,179.81,-0.10,-0.04,0.12,-0.1459,-0.1459,-0.1459,-0.1459,-0.01,-0.02,0.00,26.712140,84.305088,02,2019,2019,2019,2019,2048,2048
51864,IDLE,0.01,0.07,179.82,-0.18,-0.14,0.13,-0.1562,-0.1562,-0.1562,-0.1562,-0.01,-0.02,0.00,26.712140,84.305088,02,2017,2017,2017,2017,2048,2048
51887,IDLE,0.00,0.07,179.82,-0.28,-0.01,0.18,-0.2119,-0.2119,-0.2119,-0.2119,-0.01,-0.04,0.00,26.712140,84.305088,02,2006,2006,2006,2006,2048,2048
51913,IDLE,-0.00,0.07,179.83,-0.21,0.16,0.21,-0.2493,-0.2493,-0.2493,-0.2493,-0.02,-0.05,0.00,26.712140,84.305088,02,1998,1998,1998,1998,2048,2048
51932,IDLE,-0.01,0.07,179.84,-0.21,0.28,0.24,-0.2893,-0.2893,-0.2893,-0.2893,-0.02,-0.04,0.00,26.712140,84.305088,02,1990,1990,1990,1990,2048,2048
51961,IDLE,-0.01,0.08,179.84,-0.12,0.26,0.27,-0.3303,-0.3303,-0.3303,-0.3303,-0.02,-0.04,0.00,26.712140,84.305088,02,1982,1982,1982,1982,2048,2048
51987,IDLE,-0.01,0.08,179.85,0.03,0.07,0.22,-0.2725,-0.2725,-0.2725,-0.2725,-0.02,-0.04,0.00,26.712140,84.305088,02,1993,1993,1993,1993,2048,2048
52007,IDLE,-0.02,0.08,179.86,-0.10,0.15,0.26,-0.3169,-0.3169,-0.3169,-0.3169,-0.02,-0.04,0.00,26.712140,84.305088,02,1985,1985,1985,1985,2048,2048
52030,IDLE,-0.02,0.08,179.86,-0.03,-0.06,0.10,-0.1254,-0.1254,-0.1254,-0.1254,-0.02,-0.04,0.00,26.712140,84.305088,02,2023,2023,2023,2023,2048,2048
52052,IDLE,-0.02,0.08,179.86,-0.21,0.06,0.12,-0.1474,-0.1474,-0.1474,-0.1474,-0.02,-0.03,0.00,26.712140,84.305088,02,2019,2019,2019,2019,2048,2048
52077,IDLE,-0.02,0.08,179.87,-0.10,0.10,0.13,-0.1611,-0.1611,-0.1611,-0.1611,-0.02,-0.02,0.00,26.712140,84.305088,02,2016,2016,2016,2016,2048,2048
52096,IDLE,-0.02,0.07,179.87,0.02,0.03,0.09,-0.1141,-0.1141,-0.1141,-0.1141,-0.02,-0.01,0.00,26.712140,84.305088,02,2025,2025,2025,2025,2048,2048
52123,IDLE,-0.02,0.07,179.88,-0.01,0.02,0.15,-0.1790,-0.1790,-0.1790,-0.1790,-0.02,-0.01,0.00,26.712140,84.305088,02,2012,2012,2012,2012,2048,2048
52144,IDLE,-0.02,0.07,179.88,0.00,0.01,0.16,-0.2016,-0.2016,-0.2016,-0.2016,-0.02,0.01,0.00,26.712140,84.305088,02,2008,2008,2008,2008,2048,2048
52168,IDLE,-0.02,0.07,179.88,-0.05,0.17,0.19,-0.2362,-0.2362,-0.2362,-0.2362,-0.01,0.02,0.00,26.712140,84.305088,02,2001,2001,2001,2001,2048,2048
52190,IDLE,-0.02,0.07,179.89,-0.22,0.12,0.04,-0.0496,-0.0496,-0.0496,-0.0496,-0.01,0.03,0.00,26.712140,84.305088,02,2038,2038,2038,2038,2048,2048
52217,IDLE,-0.03,0.07,179.89,-0.17,0.21,-0.04,0.0545,0.0545,0.0545,0.0545,-0.01,0.03,0.00,26.712140,84.305088,02,2059,2059,2059,2059,2048,2048
52245,IDLE,-0.03,0.08,179.89,-0.25,0.33,-0.01,0.0177,0.0177,0.0177,0.0177,-0.01,0.02,0.00,26.712140,84.305088,02,2052,2052,2052,2052,2048,2048
52270,IDLE,-0.04,0.08,179.89,-0.28,0.20,0.00,0.0002,0.0002,0.0002,0.0002,-0.01,0.02,0.00,26.712140,84.305088,02,2048,2048,2048,2048,2048,2048
52289,IDLE,-0.04,0.09,179.89,-0.11,0.19,-0.08,0.1025,0.1025,0.1025,0.1025,-0.01,0.01,0.00,26.712141,84.305088,02,2069,2069,2069,2069,2048,2048
52317,IDLE,-0.05,0.09,179.88,-0.23,0.31,-0.23,0.2770,0.2770,0.2770,0.2770,-0.01,0.01,0.00,26.712141,84.305088,02,2103,2103,2103,2103,2048,2048
52338,IDLE,-0.05,0.09,179.88,-0.43,0.24,-0.11,0.1360,0.1360,0.1360,0.1360,-0.01,0.02,0.00,26.712141,84.305088,02,2075,2075,2075,2075,2048,2048
52363,IDLE,-0.06,0.10,179.88,-0.25,0.16,-0.02,0.0280,0.0280,0.0280,0.0280,-0.01,0.02,0.00,26.712141,84.305088,02,2054,2054,2054,2054,2048,2048
52382,IDLE,-0.06,0.10,179.88,-0.15,0.13,-0.08,0.0967,0.0967,0.0967,0.0967,-0.01,0.01,0.00,26.712141,84.305088,02,2067,2067,2067,2067,2048,2048
52410,IDLE,-0.06,0.09,179.88,-0.04,0.00,-0.01,0.0161,0.0161,0.0161,0.0161,-0.01,-0.01,0.00,26.712141,84.305088,02,2051,2051,2051,2051,2048,2048
52431,IDLE,-0.06,0.09,179.88,-0.15,0.10,0.01,-0.0150,-0.0150,-0.0150,-0.0150,-0.01,-0.01,0.00,26.712141,84.305088,02,2045,2045,2045,2045,2048,2048
52456,IDLE,-0.06,0.09,179.89,-0.08,0.04,0.18,-0.2165,-0.2165,-0.2165,-0.2165,-0.01,-0.01,0.00,26.712141,84.305088,02,2005,2005,2005,2005,2048,2048
52475,IDLE,-0.06,0.09,179.89,-0.15,0.09,0.19,-0.2304,-0.2304,-0.2304,-0.2304,-0.01,-0.01,0.00,26.712141,84.305088,02,2002,2002,2002,2002,2048,2048
52502,IDLE,-0.07,0.09,179.90,-0.22,0.13,0.22,-0.2713,-0.2713,-0.2713,-0.2713,-0.01,-0.01,0.00,26.712141,84.305088,02,1994,1994,1994,1994,2048,2048
52522,IDLE,-0.07,0.10,179.90,-0.28,0.16,0.13,-0.1610,-0.1610,-0.1610,-0.1610,-0.02,-0.02,0.00,26.712141,84.305088,02,2016,2016,2016,2016,2048,2048
52546,IDLE,-0.08,0.10,179.90,-0.32,0.29,0.08,-0.0896,-0.0896,-0.0896,-0.0896,-0.02,-0.03,0.00,26.712141,84.305088,02,2030,2030,2030,2030,2048,2048
52568,IDLE,-0.08,0.10,179.91,-0.18,0.15,0.25,-0.3090,-0.3090,-0.3090,-0.3090,-0.02,-0.03,0.00,26.712141,84.305088,02,1986,1986,1986,1986,2048,2048
52594,IDLE,-0.08,0.10,179.91,-0.16,0.18,0.12,-0.1455,-0.1455,-0.1455,-0.1455,-0.02,-0.03,0.00,26.712141,84.305088,02,2019,2019,2019,2019,2048,2048
52613,IDLE,-0.08,0.11,179.92,-0.17,0.19,0.12,-0.1478,-0.1478,-0.1478,-0.1478,-0.02,-0.02,0.00,26.712141,84.305088,02,2018,2018,2018,2018,2048,2048
52641,IDLE,-0.09,0.11,179.92,-0.38,0.24,0.17,-0.2024,-0.2024,-0.2024,-0.2024,-0.02,-0.01,0.00,26.712141,84.305088,02,2008,2008,2008,2008,2048,2048
52662,IDLE,-0.09,0.11,179.93,-0.25,0.29,0.16,-0.1964,-0.1964,-0.1964,-0.1964,-0.02,-0.01,0.00,26.712141,84.305088,02,2009,2009,2009,2009,2048,2048
52686,IDLE,-0.09,0.11,179.93,-0.22,0.22,0.18,-0.2147,-0.2147,-0.2147,-0.2147,-0.02,-0.01,0.00,26.712141,84.305088,02,2005,2005,2005,2005,2048,2048
52709,IDLE,-0.09,0.12,179.93,0.03,0.20,0.15,-0.1907,-0.1907,-0.1907,-0.1907,-0.02,0.01,0.00,26.712141,84.305088,02,2010,2010,2010,2010,2048,2048
52735,IDLE,-0.09,0.12,179.94,-0.08,0.11,0.05,-0.0585,-0.0585,-0.0585,-0.0585,-0.01,0.03,0.00,26.712141,84.305088,02,2036,2036,2036,2036,2048,2048
52755,IDLE,-0.09,0.12,179.94,-0.17,0.25,0.03,-0.0403,-0.0403,-0.0403,-0.0403,-0.01,0.04,0.00,26.712141,84.305088,02,2040,2040,2040,2040,2048,2048
52779,IDLE,-0.09,0.12,179.94,-0.27,0.32,0.08,-0.0985,-0.0985,-0.0985,-0.0985,-0.01,0.04,0.00,26.712141,84.305088,02,2028,2028,2028,2028,2048,2048
52801,IDLE,-0.10,0.13,179.94,-0.44,0.31,-0.11,0.1349,0.1349,0.1349,0.1349,-0.01,0.04,0.00,26.712141,84.305088,02,2075,2075,2075,2075,2048,2048
52826,IDLE,-0.10,0.13,179.93,-0.38,0.29,-0.27,0.3321,0.3321,0.3321,0.3321,-0.01,0.04,0.00,26.712141,84.305088,02,2114,2114,2114,2114,2048,2048
52845,IDLE,-0.11,0.13,179.93,-0.24,0.20,-0.22,0.2659,0.2659,0.2659,0.2659,-0.01,0.04,0.00,26.712141,84.305088,02,2101,2101,2101,2101,2048,2048
52868,IDLE,-0.11,0.13,179.92,-0.43,0.18,-0.21,0.2637,0.2637,0.2637,0.2637,-0.01,0.05,0.00,26.712141,84.305088,02,2101,2101,2101,2101,2048,2048
52890,IDLE,-0.12,0.14,179.92,-0.60,0.39,-0.31,0.3831,0.3831,0.3831,0.3831,-0.01,0.05,0.00,26.712141,84.305088,02,2125,2125,2125,2125,2048,2048
52915,IDLE,-0.13,0.14,179.91,-0.49,0.28,-0.27,0.3412,0.3412,0.3412,0.3412,-0.00,0.06,0.00,26.712141,84.305088,02,2116,2116,2116,2116,2048,2048
52934,IDLE,-0.14,0.14,179.91,-0.46,0.21,-0.24,0.3056,0.3056,0.3056,0.3056,-0.00,0.05,0.00,26.712141,84.305088,02,2109,2109,2109,2109,2048,2048
52957,IDLE,-0.14,0.14,179.90,-0.40,0.16,-0.15,0.1900,0.1900,0.1900,0.1900,-0.00,0.05,0.00,26.712141,84.305088,02,2086,2086,2086,2086,2048,2048
52979,IDLE,-0.15,0.14,179.90,-0.47,0.19,0.00,0.0064,0.0064,0.0064,0.0064,-0.00,0.04,0.00,26.712141,84.305088,02,2049,2049,2049,2049,2048,2048
53004,IDLE,-0.15,0.14,179.91,-0.52,0.18,0.11,-0.1249,-0.1249,-0.1249,-0.1249,-0.00,0.04,0.00,26.712141,84.305088,02,2023,2023,2023,2023,2048,2048
53023,IDLE,-0.16,0.14,179.91,-0.50,0.19,0.13,-0.1452,-0.1452,-0.1452,-0.1452,-0.00,0.02,0.00,26.712141,84.305088,02,2019,2019,2019,2019,2048,2048
53059,IDLE,-0.18,0.15,179.92,-0.62,0.25,0.24,-0.2845,-0.2845,-0.2845,-0.2845,-0.00,0.00,0.00,26.712141,84.305088,02,1991,1991,1991,1991,2048,2048
53087,IDLE,-0.18,0.14,179.92,-0.46,0.05,0.16,-0.1799,-0.1799,-0.1799,-0.1799,-0.01,-0.01,0.00,26.712141,84.305088,02,2012,2012,2012,2012,2048,2048
53113,IDLE,-0.19,0.14,179.92,-0.31,-0.03,-0.02,0.0357,0.0357,0.0357,0.0357,-0.01,-0.01,0.00,26.712141,84.305088,02,2055,2055,2055,2055,2048,2048
53133,IDLE,-0.19,0.13,179.93,-0.29,-0.03,0.21,-0.2459,-0.2459,-0.2459,-0.2459,-0.01,-0.02,0.00,26.712141,84.305088,02,1999,1999,1999,1999,2048,2048
53156,IDLE,-0.19,0.13,179.93,-0.17,-0.01,0.12,-0.1377,-0.1377,-0.1377,-0.1377,-0.01,-0.02,0.00,26.712141,84.305088,02,2020,2020,2020,2020,2048,2048
53178,IDLE,-0.19,0.13,179.93,-0.26,-0.06,0.08,-0.0963,-0.0963,-0.0963,-0.0963,-0.01,-0.04,0.00,26.712141,84.305088,02,2029,2029,2029,2029,2048,2048
53204,IDLE,-0.19,0.13,179.94,-0.28,0.12,0.08,-0.0980,-0.0980,-0.0980,-0.0980,-0.01,-0.06,0.00,26.712141,84.305088,02,2028,2028,2028,2028,2048,2048
53222,IDLE,-0.19,0.13,179.94,-0.43,0.22,0.11,-0.1342,-0.1342,-0.1342,-0.1342,-0.01,-0.06,0.00,26.712141,84.305088,02,2021,2021,2021,2021,2048,2048
53249,IDLE,-0.19,0.13,179.94,-0.30,0.04,0.17,-0.1972,-0.1972,-0.1972,-0.1972,-0.01,-0.06,0.00,26.712141,84.305088,02,2009,2009,2009,2009,2048,2048
53269,IDLE,-0.19,0.12,179.95,-0.35,0.03,0.15,-0.1807,-0.1807,-0.1807,-0.1807,-0.02,-0.06,0.00,26.712141,84.305088,02,2012,2012,2012,2012,2048,2048
53293,IDLE,-0.19,0.12,179.95,-0.28,0.01,0.10,-0.1134,-0.1134,-0.1134,-0.1134,-0.02,-0.06,0.00,26.712142,84.305087,02,2025,2025,2025,2025,2048,2048
53316,IDLE,-0.19,0.12,179.95,-0.18,0.05,0.02,-0.0168,-0.0168,-0.0168,-0.0168,-0.02,-0.06,0.00,26.712142,84.305087,02,2045,2045,2045,2045,2048,2048
53342,IDLE,-0.19,0.12,179.95,-0.26,0.13,-0.02,0.0276,0.0276,0.0276,0.0276,-0.02,-0.05,0.00,26.712142,84.305087,50.4,2054,2054,2054,2054,2048,2048
53361,IDLE,-0.18,0.12,179.95,-0.17,0.09,0.01,-0.0131,-0.0131,-0.0131,-0.0131,-0.02,-0.04,0.00,26.712142,84.305087,50.4,2045,2045,2045,2045,2048,2048
53389,IDLE,-0.18,0.11,179.95,-0.07,-0.05,-0.20,0.2444,0.2444,0.2444,0.2444,-0.02,-0.03,0.00,26.712142,84.305087,50.4,2097,2097,2097,2097,2048,2048
53410,IDLE,-0.18,0.10,179.94,-0.04,-0.23,-0.17,0.2176,0.2176,0.2176,0.2176,-0.02,-0.03,0.00,26.712142,84.305087,50.4,2092,2092,2092,2092,2048,2048
53434,IDLE,-0.17,0.10,179.94,-0.05,0.02,-0.21,0.2613,0.2613,0.2613,0.2613,-0.02,-0.02,0.00,26.712142,84.305087,50.4,2100,2100,2100,2100,2048,2048
53457,IDLE,-0.16,0.09,179.93,0.07,-0.09,-0.25,0.3018,0.3018,0.3018,0.3018,-0.02,-0.03,0.00,26.712142,84.305087,50.4,2108,2108,2108,2108,2048,2048
53484,IDLE,-0.16,0.09,179.93,0.17,-0.18,-0.18,0.2210,0.2210,0.2210,0.2210,-0.02,-0.03,0.00,26.712142,84.305087,50.4,2092,2092,2092,2092,2048,2048
53504,IDLE,-0.15,0.08,179.93,0.12,-0.15,-0.06,0.0712,0.0712,0.0712,0.0712,-0.02,-0.02,0.00,26.712142,84.305087,50.4,2062,2062,2062,2062,2048,2048
53527,IDLE,-0.14,0.07,179.93,0.10,-0.22,-0.02,0.0240,0.0240,0.0240,0.0240,-0.02,-0.02,0.00,26.712142,84.305087,50.4,2053,2053,2053,2053,2048,2048
53549,IDLE,-0.14,0.06,179.93,-0.04,-0.22,-0.14,0.1817,0.1817,0.1817,0.1817,-0.02,0.00,0.00,26.712142,84.305087,50.4,2084,2084,2084,2084,2048,2048
53575,IDLE,-0.13,0.06,179.92,0.13,-0.18,-0.13,0.1546,0.1546,0.1546,0.1546,-0.02,0.02,0.00,26.712142,84.305087,50.4,2079,2079,2079,2079,2048,2048
53593,IDLE,-0.13,0.05,179.92,0.00,-0.15,-0.01,0.0201,0.0201,0.0201,0.0201,-0.02,0.04,0.00,26.712142,84.305087,50.4,2052,2052,2052,2052,2048,2048
53621,IDLE,-0.13,0.05,179.92,-0.01,0.01,-0.07,0.0896,0.0896,0.0896,0.0896,-0.01,0.05,0.00,26.712142,84.305087,50.4,2066,2066,2066,2066,2048,2048
53642,IDLE,-0.12,0.05,179.92,0.01,-0.08,-0.00,0.0026,0.0026,0.0026,0.0026,-0.01,0.06,0.00,26.712142,84.305087,50.4,2049,2049,2049,2049,2048,2048
53667,IDLE,-0.12,0.04,179.92,0.09,-0.09,-0.15,0.1802,0.1802,0.1802,0.1802,-0.01,0.06,0.00,26.712142,84.305087,50.4,2084,2084,2084,2084,2048,2048
53685,IDLE,-0.11,0.04,179.92,0.09,-0.01,-0.14,0.1707,0.1707,0.1707,0.1707,-0.01,0.06,0.00,26.712142,84.305087,50.4,2082,2082,2082,2082,2048,2048
53712,IDLE,-0.11,0.04,179.91,0.11,0.03,-0.20,0.2402,0.2402,0.2402,0.2402,-0.01,0.06,0.00,26.712142,84.305087,50.4,2096,2096,2096,2096,2048,2048
53733,IDLE,-0.10,0.04,179.91,-0.01,0.07,-0.10,0.1201,0.1201,0.1201,0.1201,-0.01,0.05,0.00,26.712142,84.305087,50.4,2072,2072,2072,2072,2048,2048
53757,IDLE,-0.10,0.04,179.91,-0.07,0.09,-0.16,0.1962,0.1962,0.1962,0.1962,-0.01,0.04,0.00,26.712142,84.305087,50.4,2087,2087,2087,2087,2048,2048
53780,IDLE,-0.10,0.04,179.91,-0.05,0.12,-0.05,0.0619,0.0619,0.0619,0.0619,-0.01,0.03,0.00,26.712142,84.305087,50.4,2060,2060,2060,2060,2048,2048
53806,IDLE,-0.10,0.05,179.91,-0.20,0.17,-0.06,0.0738,0.0738,0.0738,0.0738,-0.01,0.02,0.00,26.712142,84.305087,50.4,2063,2063,2063,2063,2048,2048
53826,IDLE,-0.11,0.05,179.91,-0.20,0.06,0.07,-0.0776,-0.0776,-0.0776,-0.0776,-0.01,0.01,0.00,26.712142,84.305087,50.4,2032,2032,2032,2032,2048,2048
53850,IDLE,-0.10,0.05,179.91,0.02,0.06,0.03,-0.0357,-0.0357,-0.0357,-0.0357,-0.01,0.00,0.00,26.712142,84.305087,50.4,2041,2041,2041,2041,2048,2048
53872,IDLE,-0.10,0.05,179.91,-0.12,0.21,-0.06,0.0771,0.0771,0.0771,0.0771,-0.01,-0.01,0.00,26.712142,84.305087,50.4,2063,2063,2063,2063,2048,2048
53897,IDLE,-0.10,0.06,179.91,-0.16,0.27,-0.03,0.0416,0.0416,0.0416,0.0416,-0.01,-0.01,0.00,26.712142,84.305087,50.4,2056,2056,2056,2056,2048,2048
53916,IDLE,-0.10,0.06,179.91,-0.00,0.20,-0.00,-0.0010,-0.0010,-0.0010,-0.0010,-0.01,-0.01,0.00,26.712142,84.305087,50.4,2048,2048,2048,2048,2048,2048
53943,IDLE,-0.10,0.06,179.91,-0.02,0.17,0.02,-0.0292,-0.0292,-0.0292,-0.0292,-0.01,-0.00,0.00,26.712142,84.305087,50.4,2042,2042,2042,2042,2048,2048
53964,IDLE,-0.09,0.06,179.91,0.12,0.19,0.05,-0.0679,-0.0679,-0.0679,-0.0679,-0.01,0.01,0.00,26.712142,84.305087,50.4,2034,2034,2034,2034,2048,2048
53988,IDLE,-0.09,0.06,179.92,-0.03,0.07,0.19,-0.2364,-0.2364,-0.2364,-0.2364,-0.01,0.01,0.00,26.712142,84.305087,50.4,2001,2001,2001,2001,2048,2048
54010,IDLE,-0.08,0.06,179.92,0.06,0.08,0.15,-0.1845,-0.1845,-0.1845,-0.1845,-0.01,0.01,0.00,26.712142,84.305087,50.4,2011,2011,2011,2011,2048,2048
54036,IDLE,-0.08,0.06,179.93,-0.12,0.05,0.09,-0.1127,-0.1127,-0.1127,-0.1127,-0.01,0.01,0.00,26.712142,84.305087,50.4,2025,2025,2025,2025,2048,2048
54055,IDLE,-0.09,0.06,179.93,-0.23,-0.07,0.10,-0.1167,-0.1167,-0.1167,-0.1167,-0.01,0.00,0.00,26.712142,84.305087,50.4,2025,2025,2025,2025,2048,2048
54082,IDLE,-0.09,0.06,179.93,-0.12,-0.22,-0.03,0.0493,0.0493,0.0493,0.0493,-0.01,-0.00,0.00,26.712142,84.305087,50.4,2058,2058,2058,2058,2048,2048
54103,IDLE,-0.09,0.05,179.93,-0.29,-0.18,0.02,-0.0117,-0.0117,-0.0117,-0.0117,-0.01,-0.01,0.00,26.712142,84.305087,50.4,2046,2046,2046,2046,2048,2048
54127,IDLE,-0.10,0.05,179.93,-0.30,-0.16,0.09,-0.0957,-0.0957,-0.0957,-0.0957,-0.01,-0.01,0.00,26.712142,84.305087,50.4,2029,2029,2029,2029,2048,2048
54150,IDLE,-0.10,0.04,179.93,-0.31,-0.16,0.02,-0.0136,-0.0136,-0.0136,-0.0136,-0.01,-0.00,0.00,26.712142,84.305087,50.4,2045,2045,2045,2045,2048,2048
54175,IDLE,-0.10,0.04,179.93,-0.25,-0.15,0.04,-0.0452,-0.0452,-0.0452,-0.0452,-0.01,-0.00,0.00,26.712142,84.305087,50.4,2039,2039,2039,2039,2048,2048
54194,IDLE,-0.11,0.03,179.94,-0.27,-0.13,0.19,-0.2207,-0.2207,-0.2207,-0.2207,-0.01,-0.01,0.00,26.712142,84.305087,50.4,2004,2004,2004,2004,2048,2048
54221,IDLE,-0.11,0.03,179.94,-0.30,0.04,0.21,-0.2444,-0.2444,-0.2444,-0.2444,-0.01,-0.02,0.00,26.712142,84.305087,50.4,1999,1999,1999,1999,2048,2048
54254,IDLE,-0.12,0.04,179.95,-0.43,0.09,0.21,-0.2506,-0.2506,-0.2506,-0.2506,-0.01,-0.03,0.00,26.712142,84.305087,50.4,1998,1998,1998,1998,2048,2048
54279,IDLE,-0.13,0.04,179.95,-0.41,0.25,0.16,-0.1862,-0.1862,-0.1862,-0.1862,-0.01,-0.03,0.00,26.712142,84.305087,50.4,2011,2011,2011,2011,2048,2048
54297,IDLE,-0.13,0.04,179.96,-0.37,0.22,0.17,-0.2037,-0.2037,-0.2037,-0.2037,-0.02,-0.04,0.00,26.712142,84.305087,50.4,2007,2007,2007,2007,2048,2048
54324,IDLE,-0.14,0.05,179.96,-0.24,0.22,0.12,-0.1489,-0.1489,-0.1489,-0.1489,-0.02,-0.04,0.00,26.712142,84.305087,50.4,2018,2018,2018,2018,2048,2048
54344,IDLE,-0.14,0.05,179.97,-0.18,0.15,0.19,-0.2307,-0.2307,-0.2307,-0.2307,-0.02,-0.05,0.00,26.712142,84.305087,50.4,2002,2002,2002,2002,2048,2048
54373,IDLE,-0.14,0.05,179.97,-0.20,0.08,0.05,-0.0566,-0.0566,-0.0566,-0.0566,-0.02,-0.07,0.00,26.712142,84.305087,50.4,2037,2037,2037,2037,2048,2048
54399,IDLE,-0.13,0.05,179.97,0.02,0.07,0.01,-0.0125,-0.0125,-0.0125,-0.0125,-0.02,-0.09,0.00,26.712142,84.305087,50.4,2045,2045,2045,2045,2048,2048
54419,IDLE,-0.12,0.05,179.97,0.12,0.01,0.05,-0.0611,-0.0611,-0.0611,-0.0611,-0.03,-0.09,0.00,26.712142,84.305087,50.4,2036,2036,2036,2036,2048,2048
54447,IDLE,-0.12,0.05,179.97,0.05,-0.06,-0.02,0.0261,0.0261,0.0261,0.0261,-0.03,-0.09,0.00,26.712142,84.305087,50.4,2053,2053,2053,2053,2048,2048
54474,IDLE,-0.11,0.05,179.97,0.23,0.00,-0.02,0.0228,0.0228,0.0228,0.0228,-0.03,-0.09,0.00,26.712142,84.305087,50.4,2053,2053,2053,2053,2048,2048
54494,IDLE,-0.11,0.05,179.97,0.01,0.03,-0.05,0.0556,0.0556,0.0556,0.0556,-0.03,-0.09,0.00,26.712142,84.305087,50.4,2059,2059,2059,2059,2048,2048
54518,IDLE,-0.10,0.05,179.97,-0.08,0.14,-0.17,0.2064,0.2064,0.2064,0.2064,-0.03,-0.08,0.00,26.712142,84.305087,50.4,2089,2089,2089,2089,2048,2048
54540,IDLE,-0.11,0.05,179.96,-0.20,0.12,-0.15,0.1870,0.1870,0.1870,0.1870,-0.03,-0.09,0.00,26.712142,84.305087,50.4,2085,2085,2085,2085,2048,2048
54566,IDLE,-0.11,0.05,179.96,-0.39,0.15,-0.18,0.2294,0.2294,0.2294,0.2294,-0.04,-0.09,0.00,26.712142,84.305087,50.4,2094,2094,2094,2094,2048,2048
54585,IDLE,-0.11,0.05,179.96,-0.31,0.04,-0.11,0.1413,0.1413,0.1413,0.1413,-0.04,-0.08,0.00,26.712142,84.305087,50.4,2076,2076,2076,2076,2048,2048
54613,IDLE,-0.12,0.05,179.95,-0.44,0.09,-0.14,0.1771,0.1771,0.1771,0.1771,-0.04,-0.07,0.00,26.712142,84.305087,50.4,2083,2083,2083,2083,2048,2048
54635,IDLE,-0.13,0.05,179.95,-0.46,0.08,-0.10,0.1332,0.1332,0.1332,0.1332,-0.04,-0.04,0.00,26.712142,84.305087,50.4,2075,2075,2075,2075,2048,2048
54659,IDLE,-0.13,0.06,179.95,-0.18,0.13,-0.19,0.2361,0.2361,0.2361,0.2361,-0.04,-0.02,0.00,26.712142,84.305087,50.4,2095,2095,2095,2095,2048,2048
54677,IDLE,-0.13,0.06,179.94,-0.23,0.12,-0.18,0.2184,0.2184,0.2184,0.2184,-0.04,-0.01,0.00,26.712142,84.305087,50.4,2092,2092,2092,2092,2048,2048
54704,IDLE,-0.13,0.06,179.94,-0.16,0.14,-0.09,0.1150,0.1150,0.1150,0.1150,-0.03,-0.01,0.00,26.712142,84.305087,50.4,2071,2071,2071,2071,2048,2048
54725,IDLE,-0.13,0.06,179.94,-0.18,0.20,-0.05,0.0631,0.0631,0.0631,0.0631,-0.03,0.00,0.00,26.712142,84.305087,50.4,2061,2061,2061,2061,2048,2048
54749,IDLE,-0.13,0.07,179.94,-0.34,0.19,-0.10,0.1238,0.1238,0.1238,0.1238,-0.03,0.01,0.00,26.712142,84.305087,50.4,2073,2073,2073,2073,2048,2048
54771,IDLE,-0.14,0.07,179.94,-0.43,0.26,-0.10,0.1316,0.1316,0.1316,0.1316,-0.03,0.01,0.00,26.712142,84.305087,50.4,2074,2074,2074,2074,2048,2048
54797,IDLE,-0.14,0.08,179.94,-0.33,0.24,-0.10,0.1204,0.1204,0.1204,0.1204,-0.03,0.02,0.00,26.712142,84.305087,50.4,2072,2072,2072,2072,2048,2048
54817,IDLE,-0.14,0.08,179.93,-0.30,0.25,-0.07,0.0822,0.0822,0.0822,0.0822,-0.03,0.02,0.00,26.712142,84.305087,50.4,2064,2064,2064,2064,2048,2048
54840,IDLE,-0.14,0.08,179.93,-0.11,0.08,-0.07,0.0810,0.0810,0.0810,0.0810,-0.03,0.02,0.00,26.712142,84.305087,50.4,2064,2064,2064,2064,2048,2048
54862,IDLE,-0.15,0.08,179.94,-0.30,0.12,0.07,-0.0850,-0.0850,-0.0850,-0.0850,-0.03,0.01,0.00,26.712142,84.305087,50.4,2031,2031,2031,2031,2048,2048
54887,IDLE,-0.15,0.08,179.93,-0.34,0.21,-0.08,0.1060,0.1060,0.1060,0.1060,-0.03,0.00,0.00,26.712142,84.305087,50.4,2069,2069,2069,2069,2048,2048
54906,IDLE,-0.15,0.08,179.93,-0.16,0.05,-0.04,0.0557,0.0557,0.0557,0.0557,-0.03,-0.02,0.00,26.712142,84.305087,50.4,2059,2059,2059,2059,2048,2048
54933,IDLE,-0.15,0.08,179.93,-0.08,0.14,-0.13,0.1530,0.1530,0.1530,0.1530,-0.04,-0.04,0.00,26.712142,84.305087,50.4,2079,2079,2079,2079,2048,2048
54954,IDLE,-0.15,0.08,179.93,-0.32,0.23,-0.12,0.1479,0.1479,0.1479,0.1479,-0.04,-0.04,0.00,26.712142,84.305087,50.4,2078,2078,2078,2078,2048,2048
54979,IDLE,-0.15,0.08,179.93,-0.25,0.07,-0.08,0.1034,0.1034,0.1034,0.1034,-0.04,-0.04,0.00,26.712142,84.305087,50.4,2069,2069,2069,2069,2048,2048
55002,IDLE,-0.16,0.08,179.92,-0.32,0.07,-0.15,0.1904,0.1904,0.1904,0.1904,-0.04,-0.04,0.00,26.712142,84.305087,50.4,2086,2086,2086,2086,2048,2048
55029,IDLE,-0.15,0.08,179.92,-0.15,0.01,-0.04,0.0535,0.0535,0.0535,0.0535,-0.04,-0.04,0.00,26.712142,84.305087,50.4,2059,2059,2059,2059,2048,2048
55057,IDLE,-0.16,0.08,179.92,-0.48,-0.01,-0.01,0.0257,0.0257,0.0257,0.0257,-0.04,-0.04,0.00,26.712142,84.305087,50.4,2053,2053,2053,2053,2048,2048
55082,IDLE,-0.17,0.08,179.93,-0.46,0.16,0.02,-0.0154,-0.0154,-0.0154,-0.0154,-0.04,-0.03,0.00,26.712142,84.305087,50.4,2045,2045,2045,2045,2048,2048
55100,IDLE,-0.17,0.08,179.93,-0.47,0.16,0.02,-0.0124,-0.0124,-0.0124,-0.0124,-0.04,-0.02,0.00,26.712142,84.305087,50.4,2046,2046,2046,2046,2048,2048
55127,IDLE,-0.17,0.08,179.93,-0.31,0.15,-0.00,0.0099,0.0099,0.0099,0.0099,-0.04,-0.02,0.00,26.712142,84.305087,50.4,2050,2050,2050,2050,2048,2048
55147,IDLE,-0.18,0.08,179.93,-0.45,0.13,0.04,-0.0430,-0.0430,-0.0430,-0.0430,-0.04,-0.01,0.00,26.712142,84.305087,50.4,2039,2039,2039,2039,2048,2048
55171,IDLE,-0.19,0.08,179.93,-0.59,0.19,0.02,-0.0147,-0.0147,-0.0147,-0.0147,-0.04,-0.00,0.00,26.712142,84.305087,50.4,2045,2045,2045,2045,2048,2048
55193,IDLE,-0.19,0.09,179.93,-0.44,0.31,0.04,-0.0410,-0.0410,-0.0410,-0.0410,-0.04,0.01,0.00,26.712142,84.305087,50.4,2040,2040,2040,2040,2048,2048
55218,IDLE,-0.19,0.09,179.93,-0.24,0.21,0.05,-0.0604,-0.0604,-0.0604,-0.0604,-0.04,0.01,0.00,26.712142,84.305087,50.4,2036,2036,2036,2036,2048,2048
55236,IDLE,-0.19,0.09,179.94,-0.05,0.27,0.23,-0.2874,-0.2874,-0.2874,-0.2874,-0.04,0.02,0.00,26.712142,84.305087,50.4,1991,1991,1991,1991,2048,2048
55263,IDLE,-0.18,0.09,179.94,0.14,0.12,0.14,-0.1716,-0.1716,-0.1716,-0.1716,-0.04,0.02,0.00,26.712142,84.305087,50.4,2014,2014,2014,2014,2048,2048
55283,IDLE,-0.17,0.09,179.94,0.05,0.12,-0.01,0.0048,0.0048,0.0048,0.0048,-0.03,0.03,0.00,26.712142,84.305087,50.4,2049,2049,2049,2049,2048,2048
55307,IDLE,-0.17,0.09,179.94,0.13,-0.03,0.06,-0.0724,-0.0724,-0.0724,-0.0724,-0.03,0.04,0.00,26.712142,84.305087,50.4,2034,2034,2034,2034,2048,2048
55330,IDLE,-0.16,0.09,179.94,0.02,0.07,0.01,-0.0090,-0.0090,-0.0090,-0.0090,-0.03,0.05,0.00,26.712142,84.305087,50.4,2046,2046,2046,2046,2048,2048
55355,IDLE,-0.16,0.09,179.95,-0.23,0.07,0.08,-0.0959,-0.0959,-0.0959,-0.0959,-0.03,0.06,0.00,26.712142,84.305087,50.4,2029,2029,2029,2029,2048,2048
55375,IDLE,-0.17,0.09,179.95,-0.24,0.10,0.10,-0.1167,-0.1167,-0.1167,-0.1167,-0.03,0.07,0.00,26.712142,84.305087,50.4,2025,2025,2025,2025,2048,2048
55402,IDLE,-0.17,0.09,179.95,-0.24,0.05,0.14,-0.1652,-0.1652,-0.1652,-0.1652,-0.03,0.07,0.00,26.712142,84.305087,50.4,2015,2015,2015,2015,2048,2048
55423,IDLE,-0.17,0.09,179.95,-0.20,0.15,-0.01,0.0191,0.0191,0.0191,0.0191,-0.03,0.05,0.00,26.712142,84.305087,50.4,2052,2052,2052,2052,2048,2048
55448,IDLE,-0.16,0.09,179.95,-0.11,0.01,-0.04,0.0469,0.0469,0.0469,0.0469,-0.03,0.03,0.00,26.712142,84.305087,50.4,2057,2057,2057,2057,2048,2048
55471,IDLE,-0.16,0.09,179.95,-0.22,0.20,-0.09,0.1127,0.1127,0.1127,0.1127,-0.03,0.02,0.00,26.712142,84.305087,50.4,2071,2071,2071,2071,2048,2048
55497,IDLE,-0.16,0.09,179.95,-0.14,0.15,0.03,-0.0374,-0.0374,-0.0374,-0.0374,-0.03,0.01,0.00,26.712142,84.305087,50.4,2041,2041,2041,2041,2048,2048
55517,IDLE,-0.16,0.09,179.95,-0.28,0.11,0.00,0.0021,0.0021,0.0021,0.0021,-0.03,0.00,0.00,26.712142,84.305087,50.4,2048,2048,2048,2048,2048,2048
55541,IDLE,-0.16,0.09,179.95,-0.22,0.02,-0.16,0.1943,0.1943,0.1943,0.1943,-0.03,-0.00,0.00,26.712142,84.305087,50.4,2087,2087,2087,2087,2048,2048
55563,IDLE,-0.16,0.09,179.95,-0.25,0.05,-0.03,0.0474,0.0474,0.0474,0.0474,-0.03,0.01,0.00,26.712142,84.305087,50.4,2057,2057,2057,2057,2048,2048
55589,IDLE,-0.16,0.09,179.95,-0.18,0.12,-0.13,0.1564,0.1564,0.1564,0.1564,-0.03,0.01,0.00,26.712142,84.305087,50.4,2079,2079,2079,2079,2048,2048
55608,IDLE,-0.16,0.09,179.95,0.00,0.11,0.00,-0.0026,-0.0026,-0.0026,-0.0026,-0.03,0.01,0.00,26.712142,84.305087,50.4,2047,2047,2047,2047,2048,2048
55636,IDLE,-0.15,0.09,179.94,0.02,0.18,-0.18,0.2204,0.2204,0.2204,0.2204,-0.03,0.01,0.00,26.712142,84.305087,50.4,2092,2092,2092,2092,2048,2048
55657,IDLE,-0.15,0.09,179.94,0.02,0.32,-0.09,0.1026,0.1026,0.1026,0.1026,-0.03,-0.00,0.00,26.712142,84.305087,50.4,2069,2069,2069,2069,2048,2048
55682,IDLE,-0.15,0.10,179.94,-0.16,0.32,-0.07,0.0860,0.0860,0.0860,0.0860,-0.03,-0.01,0.00,26.712142,84.305087,50.4,2065,2065,2065,2065,2048,2048
55700,IDLE,-0.14,0.10,179.94,-0.15,0.29,-0.03,0.0399,0.0399,0.0399,0.0399,-0.03,-0.01,0.00,26.712142,84.305087,50.4,2056,2056,2056,2056,2048,2048
55727,IDLE,-0.15,0.11,179.94,-0.39,0.33,-0.10,0.1297,0.1297,0.1297,0.1297,-0.03,-0.02,0.00,26.712142,84.305087,50.4,2074,2074,2074,2074,2048,2048
55748,IDLE,-0.16,0.11,179.94,-0.51,0.32,0.02,-0.0136,-0.0136,-0.0136,-0.0136,-0.03,-0.01,0.00,26.712142,84.305087,50.4,2045,2045,2045,2045,2048,2048
55772,IDLE,-0.16,0.11,179.94,-0.54,0.35,-0.08,0.0986,0.0986,0.0986,0.0986,-0.03,-0.00,0.00,26.712142,84.305087,50.4,2068,2068,2068,2068,2048,2048
55794,IDLE,-0.17,0.12,179.94,-0.27,0.23,0.03,-0.0359,-0.0359,-0.0359,-0.0359,-0.03,0.01,0.00,26.712142,84.305087,50.4,2041,2041,2041,2041,2048,2048
55820,IDLE,-0.17,0.12,179.94,-0.25,0.30,0.15,-0.1867,-0.1867,-0.1867,-0.1867,-0.03,0.02,0.00,26.712142,84.305087,50.4,2011,2011,2011,2011,2048,2048
55839,IDLE,-0.17,0.12,179.94,-0.41,0.33,0.02,-0.0171,-0.0171,-0.0171,-0.0171,-0.03,0.01,0.00,26.712142,84.305087,50.4,2045,2045,2045,2045,2048,2048
55867,IDLE,-0.18,0.13,179.94,-0.37,0.35,-0.06,0.0762,0.0762,0.0762,0.0762,-0.03,0.00,0.00,26.712142,84.305087,50.4,2063,2063,2063,2063,2048,2048
55888,IDLE,-0.18,0.13,179.94,-0.32,0.32,-0.03,0.0408,0.0408,0.0408,0.0408,-0.03,-0.01,0.00,26.712142,84.305087,50.4,2056,2056,2056,2056,2048,2048
55912,IDLE,-0.18,0.13,179.94,-0.42,0.26,0.03,-0.0369,-0.0369,-0.0369,-0.0369,-0.03,-0.02,0.00,26.712142,84.305087,50.4,2041,2041,2041,2041,2048,2048
55936,IDLE,-0.19,0.14,179.94,-0.39,0.22,-0.03,0.0439,0.0439,0.0439,0.0439,-0.03,-0.02,0.00,26.712142,84.305087,50.4,2057,2057,2057,2057,2048,2048
55962,IDLE,-0.19,0.13,179.94,-0.38,0.13,0.00,0.0060,0.0060,0.0060,0.0060,-0.03,-0.02,0.00,26.712142,84.305087,50.4,2049,2049,2049,2049,2048,2048
55982,IDLE,-0.19,0.13,179.94,-0.31,0.11,-0.13,0.1694,0.1694,0.1694,0.1694,-0.03,-0.03,0.00,26.712142,84.305087,50.4,2082,2082,2082,2082,2048,2048
56005,IDLE,-0.19,0.13,179.94,-0.09,0.07,-0.15,0.1809,0.1809,0.1809,0.1809,-0.03,-0.03,0.00,26.712142,84.305087,50.4,2084,2084,2084,2084,2048,2048
56027,IDLE,-0.19,0.13,179.93,-0.16,0.16,-0.17,0.2085,0.2085,0.2085,0.2085,-0.04,-0.04,0.00,26.712142,84.305087,50.4,2090,2090,2090,2090,2048,2048
56053,IDLE,-0.19,0.13,179.93,-0.19,0.17,-0.11,0.1416,0.1416,0.1416,0.1416,-0.04,-0.04,0.00,26.712142,84.305087,50.4,2076,2076,2076,2076,2048,2048
56071,IDLE,-0.19,0.13,179.93,-0.17,0.23,-0.08,0.0951,0.0951,0.0951,0.0951,-0.04,-0.04,0.00,26.712142,84.305087,50.4,2067,2067,2067,2067,2048,2048
56099,IDLE,-0.19,0.13,179.93,-0.19,0.08,-0.02,0.0237,0.0237,0.0237,0.0237,-0.04,-0.03,0.00,26.712142,84.305087,50.4,2053,2053,2053,2053,2048,2048
56120,IDLE,-0.18,0.12,179.93,-0.01,-0.06,-0.06,0.0785,0.0785,0.0785,0.0785,-0.04,-0.03,0.00,26.712142,84.305087,50.4,2064,2064,2064,2064,2048,2048
56145,IDLE,-0.18,0.12,179.93,-0.03,-0.10,-0.08,0.1010,0.1010,0.1010,0.1010,-0.04,-0.03,0.00,26.712142,84.305087,50.4,2068,2068,2068,2068,2048,2048
56168,IDLE,-0.18,0.12,179.92,-0.21,0.05,-0.18,0.2238,0.2238,0.2238,0.2238,-0.04,-0.03,0.00,26.712142,84.305087,50.4,2093,2093,2093,2093,2048,2048
56194,IDLE,-0.18,0.12,179.92,-0.24,0.21,-0.25,0.3064,0.3064,0.3064,0.3064,-0.04,-0.02,0.00,26.712142,84.305087,50.4,2109,2109,2109,2109,2048,2048
56214,IDLE,-0.18,0.12,179.91,-0.32,0.30,-0.22,0.2704,0.2704,0.2704,0.2704,-0.04,-0.02,0.00,26.712142,84.305087,50.4,2102,2102,2102,2102,2048,2048
56247,IDLE,-0.18,0.13,179.91,-0.20,0.34,-0.10,0.1250,0.1250,0.1250,0.1250,-0.04,-0.02,0.00,26.712142,84.305087,50.4,2073,2073,2073,2073,2048,2048
56270,IDLE,-0.18,0.13,179.91,-0.24,0.32,0.00,-0.0023,-0.0023,-0.0023,-0.0023,-0.04,-0.03,0.00,26.712142,84.305087,50.4,2048,2048,2048,2048,2048,2048
56292,IDLE,-0.19,0.13,179.91,-0.43,0.22,0.00,0.0053,0.0053,0.0053,0.0053,-0.04,-0.03,0.00,26.712142,84.305087,50.4,2049,2049,2049,2049,2048,2048
56317,IDLE,-0.19,0.13,179.92,-0.24,0.24,0.17,-0.2066,-0.2066,-0.2066,-0.2066,-0.04,-0.03,0.00,26.712142,84.305087,50.4,2007,2007,2007,2007,2048,2048
56336,IDLE,-0.19,0.13,179.92,-0.28,0.18,0.19,-0.2305,-0.2305,-0.2305,-0.2305,-0.04,-0.02,0.00,26.712143,84.305087,50.4,2002,2002,2002,2002,2048,2048
56364,IDLE,-0.19,0.13,179.92,-0.14,0.01,0.12,-0.1412,-0.1412,-0.1412,-0.1412,-0.04,-0.02,0.00,26.712143,84.305087,M,2020,2020,2020,2020,2048,2048
56384,IDLE,-0.18,0.12,179.93,-0.08,-0.04,0.05,-0.0641,-0.0641,-0.0641,-0.0641,-0.04,-0.02,0.00,26.712143,84.305087,M,2035,2035,2035,2035,2048,2048
56408,IDLE,-0.18,0.12,179.93,0.04,0.00,-0.03,0.0360,0.0360,0.0360,0.0360,-0.04,-0.01,0.00,26.712143,84.305087,M,2055,2055,2055,2055,2048,2048
56431,IDLE,-0.17,0.12,179.92,0.01,0.05,-0.10,0.1247,0.1247,0.1247,0.1247,-0.04,0.00,0.00,26.712143,84.305087,M,2073,2073,2073,2073,2048,2048
56457,IDLE,-0.17,0.12,179.92,-0.06,0.08,-0.14,0.1761,0.1761,0.1761,0.1761,-0.04,0.01,0.00,26.712143,84.305087,M,2083,2083,2083,2083,2048,2048
56478,IDLE,-0.17,0.12,179.92,-0.13,0.09,-0.10,0.1283,0.1283,0.1283,0.1283,-0.04,0.03,0.00,26.712143,84.305087,M,2074,2074,2074,2074,2048,2048
56502,IDLE,-0.16,0.12,179.92,-0.07,0.19,-0.07,0.0798,0.0798,0.0798,0.0798,-0.04,0.04,0.00,26.712143,84.305087,M,2064,2064,2064,2064,2048,2048
56520,IDLE,-0.16,0.12,179.92,-0.29,0.23,-0.11,0.1374,0.1374,0.1374,0.1374,-0.04,0.04,0.00,26.712143,84.305087,M,2075,2075,2075,2075,2048,2048
56546,IDLE,-0.16,0.12,179.91,-0.27,0.07,-0.12,0.1495,0.1495,0.1495,0.1495,-0.03,0.04,0.00,26.712143,84.305087,M,2078,2078,2078,2078,2048,2048
56567,IDLE,-0.17,0.12,179.91,-0.39,0.19,-0.18,0.2292,0.2292,0.2292,0.2292,-0.03,0.05,0.00,26.712143,84.305087,M,2094,2094,2094,2094,2048,2048
56591,IDLE,-0.17,0.12,179.91,-0.38,0.19,0.01,-0.0082,-0.0082,-0.0082,-0.0082,-0.03,0.05,0.00,26.712143,84.305087,M,2046,2046,2046,2046,2048,2048
56609,IDLE,-0.17,0.12,179.91,-0.38,0.30,0.04,-0.0511,-0.0511,-0.0511,-0.0511,-0.03,0.05,0.00,26.712143,84.305087,M,2038,2038,2038,2038,2048,2048
56636,IDLE,-0.18,0.12,179.91,-0.34,0.15,-0.10,0.1261,0.1261,0.1261,0.1261,-0.03,0.06,0.00,26.712143,84.305087,M,2073,2073,2073,2073,2048,2048
56657,IDLE,-0.18,0.12,179.91,-0.27,0.12,-0.14,0.1761,0.1761,0.1761,0.1761,-0.03,0.06,0.00,26.712143,84.305087,M,2083,2083,2083,2083,2048,2048
56681,IDLE,-0.18,0.13,179.91,-0.30,0.24,-0.10,0.1203,0.1203,0.1203,0.1203,-0.03,0.07,0.00,26.712143,84.305087,M,2072,2072,2072,2072,2048,2048
56699,IDLE,-0.18,0.13,179.90,-0.36,0.16,-0.13,0.1691,0.1691,0.1691,0.1691,-0.02,0.06,0.00,26.712143,84.305087,M,2082,2082,2082,2082,2048,2048
56726,IDLE,-0.18,0.12,179.90,-0.32,0.08,-0.15,0.1854,0.1854,0.1854,0.1854,-0.02,0.06,0.00,26.712143,84.305087,M,2085,2085,2085,2085,2048,2048
56746,IDLE,-0.19,0.12,179.90,-0.38,-0.01,-0.08,0.1057,0.1057,0.1057,0.1057,-0.03,0.03,0.00,26.712143,84.305087,M,2069,2069,2069,2069,2048,2048
56771,IDLE,-0.19,0.12,179.90,-0.47,0.04,-0.25,0.3146,0.3146,0.3146,0.3146,-0.03,0.02,0.00,26.712143,84.305087,M,2111,2111,2111,2111,2048,2048
56789,IDLE,-0.20,0.12,179.89,-0.46,0.14,-0.32,0.3955,0.3955,0.3955,0.3955,-0.03,0.01,0.00,26.712143,84.305087,M,2127,2127,2127,2127,2048,2048
56816,IDLE,-0.20,0.12,179.88,-0.31,0.15,-0.31,0.3836,0.3836,0.3836,0.3836,-0.03,0.00,0.00,26.712143,84.305087,M,2125,2125,2125,2125,2048,2048
56837,IDLE,-0.20,0.12,179.88,-0.30,0.10,-0.17,0.2170,0.2170,0.2170,0.2170,-0.03,0.01,0.00,26.712143,84.305087,M,2091,2091,2091,2091,2048,2048
56862,IDLE,-0.19,0.12,179.88,-0.04,0.19,-0.19,0.2245,0.2245,0.2245,0.2245,-0.03,0.01,0.00,26.712143,84.305087,M,2093,2093,2093,2093,2048,2048
56880,IDLE,-0.19,0.12,179.88,0.06,0.02,-0.04,0.0497,0.0497,0.0497,0.0497,-0.03,0.00,0.00,26.712143,84.305087,M,2058,2058,2058,2058,2048,2048
56908,IDLE,-0.18,0.11,179.88,0.12,-0.01,0.02,-0.0289,-0.0289,-0.0289,-0.0289,-0.03,0.00,0.00,26.712143,84.305087,M,2042,2042,2042,2042,2048,2048
56929,IDLE,-0.18,0.11,179.88,0.00,0.01,0.01,-0.0086,-0.0086,-0.0086,-0.0086,-0.03,-0.00,0.00,26.712143,84.305087,M,2046,2046,2046,2046,2048,2048
56954,IDLE,-0.18,0.11,179.88,-0.34,0.09,0.03,-0.0354,-0.0354,-0.0354,-0.0354,-0.03,-0.00,0.00,26.712143,84.305087,M,2041,2041,2041,2041,2048,2048
56972,IDLE,-0.18,0.11,179.88,-0.23,0.15,-0.02,0.0328,0.0328,0.0328,0.0328,-0.03,-0.01,0.00,26.712143,84.305087,M,2055,2055,2055,2055,2048,2048
56999,IDLE,-0.18,0.11,179.88,-0.21,0.01,0.04,-0.0388,-0.0388,-0.0388,-0.0388,-0.03,-0.01,0.00,26.712143,84.305087,M,2040,2040,2040,2040,2048,2048
57020,IDLE,-0.18,0.10,179.89,-0.17,-0.17,0.17,-0.2055,-0.2055,-0.2055,-0.2055,-0.03,-0.00,0.00,26.712143,84.305087,M,2007,2007,2007,2007,2048,2048
57057,IDLE,-0.17,0.09,179.89,-0.03,-0.16,-0.06,0.0739,0.0739,0.0739,0.0739,-0.03,0.01,0.00,26.712143,84.305087,M,2063,2063,2063,2063,2048,2048
57081,IDLE,-0.17,0.09,179.89,-0.02,-0.04,0.00,-0.0011,-0.0011,-0.0011,-0.0011,-0.03,0.01,0.00,26.712143,84.305087,M,2048,2048,2048,2048,2048,2048
57105,IDLE,-0.16,0.09,179.89,0.03,-0.13,-0.02,0.0276,0.0276,0.0276,0.0276,-0.02,0.03,0.00,26.712143,84.305087,M,2054,2054,2054,2054,2048,2048
57131,IDLE,-0.16,0.08,179.89,0.10,-0.15,-0.02,0.0279,0.0279,0.0279,0.0279,-0.02,0.03,0.00,26.712143,84.305087,M,2054,2054,2054,2054,2048,2048
57152,IDLE,-0.15,0.08,179.89,0.01,-0.06,0.05,-0.0595,-0.0595,-0.0595,-0.0595,-0.02,0.01,0.00,26.712143,84.305087,M,2036,2036,2036,2036,2048,2048
57176,IDLE,-0.15,0.08,179.89,-0.17,-0.08,-0.05,0.0709,0.0709,0.0709,0.0709,-0.03,0.00,0.00,26.712143,84.305087,M,2062,2062,2062,2062,2048,2048
57199,IDLE,-0.15,0.07,179.89,-0.29,-0.04,-0.13,0.1619,0.1619,0.1619,0.1619,-0.03,-0.00,0.00,26.712143,84.305087,M,2080,2080,2080,2080,2048,2048
57226,IDLE,-0.16,0.07,179.89,-0.26,-0.04,-0.06,0.0745,0.0745,0.0745,0.0745,-0.03,-0.01,0.00,26.712143,84.305087,M,2063,2063,2063,2063,2048,2048
57246,IDLE,-0.16,0.07,179.89,-0.28,0.04,-0.06,0.0849,0.0849,0.0849,0.0849,-0.03,-0.02,0.00,26.712143,84.305087,M,2065,2065,2065,2065,2048,2048
57270,IDLE,-0.16,0.07,179.89,-0.43,0.06,-0.11,0.1413,0.1413,0.1413,0.1413,-0.03,-0.03,0.00,26.712143,84.305087,M,2076,2076,2076,2076,2048,2048
57293,IDLE,-0.17,0.07,179.88,-0.36,0.06,-0.18,0.2272,0.2272,0.2272,0.2272,-0.03,-0.03,0.00,26.712143,84.305087,M,2093,2093,2093,2093,2048,2048
57319,IDLE,-0.17,0.07,179.88,-0.24,-0.02,-0.24,0.3017,0.3017,0.3017,0.3017,-0.03,-0.03,0.00,26.712143,84.305087,M,2108,2108,2108,2108,2048,2048
57339,IDLE,-0.17,0.07,179.88,-0.22,-0.05,-0.12,0.1543,0.1543,0.1543,0.1543,-0.03,-0.02,0.00,26.712143,84.305087,M,2079,2079,2079,2079,2048,2048
57363,IDLE,-0.17,0.07,179.87,-0.38,0.05,-0.22,0.2760,0.2760,0.2760,0.2760,-0.03,-0.02,0.00,26.712143,84.305087,M,2103,2103,2103,2103,2048,2048
57386,IDLE,-0.18,0.07,179.87,-0.40,-0.00,-0.25,0.3109,0.3109,0.3109,0.3109,-0.03,-0.01,0.00,26.712143,84.305087,M,2110,2110,2110,2110,2048,2048
57412,IDLE,-0.18,0.07,179.87,-0.40,0.08,-0.19,0.2348,0.2348,0.2348,0.2348,-0.03,0.00,0.00,26.712143,84.305087,M,2095,2095,2095,2095,2048,2048
57432,IDLE,-0.18,0.07,179.86,-0.17,0.08,-0.20,0.2507,0.2507,0.2507,0.2507,-0.03,0.02,0.00,26.712143,84.305087,M,2098,2098,2098,2098,2048,2048
57456,IDLE,-0.18,0.07,179.86,-0.18,0.04,-0.20,0.2474,0.2474,0.2474,0.2474,-0.03,0.03,0.00,26.712143,84.305087,M,2097,2097,2097,2097,2048,2048
57479,IDLE,-0.18,0.06,179.86,-0.02,-0.12,-0.08,0.1004,0.1004,0.1004,0.1004,-0.02,0.04,0.00,26.712143,84.305087,M,2068,2068,2068,2068,2048,2048
57506,IDLE,-0.17,0.06,179.86,-0.05,-0.08,-0.07,0.0874,0.0874,0.0874,0.0874,-0.02,0.04,0.00,26.712143,84.305087,M,2065,2065,2065,2065,2048,2048
57526,IDLE,-0.17,0.06,179.86,0.03,0.00,-0.03,0.0322,0.0322,0.0322,0.0322,-0.02,0.03,0.00,26.712143,84.305087,M,2054,2054,2054,2054,2048,2048
57550,IDLE,-0.16,0.06,179.86,0.06,0.06,-0.00,-0.0020,-0.0020,-0.0020,-0.0020,-0.02,0.01,0.00,26.712143,84.305087,M,2048,2048,2048,2048,2048,2048
57573,IDLE,-0.15,0.06,179.86,0.20,-0.13,0.11,-0.1380,-0.1380,-0.1380,-0.1380,-0.02,0.01,0.00,26.712143,84.305087,M,2020,2020,2020,2020,2048,2048
57599,IDLE,-0.15,0.05,179.87,-0.00,-0.09,0.18,-0.2134,-0.2134,-0.2134,-0.2134,-0.02,0.01,0.00,26.712143,84.305087,M,2005,2005,2005,2005,2048,2048
57620,IDLE,-0.15,0.05,179.87,-0.10,0.01,0.16,-0.1899,-0.1899,-0.1899,-0.1899,-0.02,0.01,0.00,26.712143,84.305087,M,2010,2010,2010,2010,2048,2048
57643,IDLE,-0.14,0.05,179.88,-0.16,0.14,0.28,-0.3451,-0.3451,-0.3451,-0.3451,-0.02,0.01,0.00,26.712143,84.305087,M,1979,1979,1979,1979,2048,2048
57665,IDLE,-0.14,0.05,179.89,-0.14,0.06,0.26,-0.3186,-0.3186,-0.3186,-0.3186,-0.02,0.00,0.00,26.712143,84.305087,M,1984,1984,1984,1984,2048,2048
57691,IDLE,-0.14,0.06,179.89,-0.12,0.23,0.14,-0.1766,-0.1766,-0.1766,-0.1766,-0.02,0.00,0.00,26.712143,84.305087,M,2013,2013,2013,2013,2048,2048
57710,IDLE,-0.14,0.06,179.89,-0.03,0.12,0.18,-0.2271,-0.2271,-0.2271,-0.2271,-0.03,-0.01,0.00,26.712143,84.305087,M,2003,2003,2003,2003,2048,2048
57738,IDLE,-0.14,0.06,179.90,-0.00,0.08,0.26,-0.3209,-0.3209,-0.3209,-0.3209,-0.03,-0.02,0.00,26.712143,84.305087,M,1984,1984,1984,1984,2048,2048
57765,IDLE,-0.14,0.06,179.91,-0.11,0.12,0.37,-0.4536,-0.4536,-0.4536,-0.4536,-0.03,-0.02,0.00,26.712143,84.305087,M,1957,1957,1957,1957,2048,2048
57785,IDLE,-0.13,0.06,179.92,0.05,-0.08,0.52,-0.6300,-0.6300,-0.6300,-0.6300,-0.03,-0.05,0.00,26.712143,84.305087,M,1922,1922,1922,1922,2048,2048
57808,IDLE,-0.13,0.06,179.94,0.01,-0.15,0.53,-0.6406,-0.6406,-0.6406,-0.6406,-0.03,-0.06,0.00,26.712143,84.305087,M,1920,1920,1920,1920,2048,2048
57830,IDLE,-0.13,0.05,179.95,0.02,-0.09,0.46,-0.5569,-0.5569,-0.5569,-0.5569,-0.03,-0.07,0.00,26.712143,84.305087,M,1937,1937,1937,1937,2048,2048
57856,IDLE,-0.13,0.05,179.95,0.13,-0.08,0.26,-0.3160,-0.3160,-0.3160,-0.3160,-0.04,-0.07,0.00,26.712143,84.305087,M,1985,1985,1985,1985,2048,2048
57875,IDLE,-0.12,0.05,179.95,0.06,0.12,0.02,-0.0248,-0.0248,-0.0248,-0.0248,-0.04,-0.08,0.00,26.712143,84.305087,M,2043,2043,2043,2043,2048,2048
57902,IDLE,-0.12,0.05,179.96,0.03,-0.09,0.03,-0.0329,-0.0329,-0.0329,-0.0329,-0.04,-0.08,0.00,26.712143,84.305087,M,2041,2041,2041,2041,2048,2048
57924,IDLE,-0.13,0.05,179.96,-0.19,0.03,0.02,-0.0225,-0.0225,-0.0225,-0.0225,-0.04,-0.09,0.00,26.712143,84.305087,M,2044,2044,2044,2044,2048,2048
57948,IDLE,-0.12,0.05,179.96,-0.04,-0.04,0.02,-0.0214,-0.0214,-0.0214,-0.0214,-0.04,-0.09,0.00,26.712143,84.305087,M,2044,2044,2044,2044,2048,2048
57972,IDLE,-0.12,0.04,179.96,0.01,-0.00,0.16,-0.1961,-0.1961,-0.1961,-0.1961,-0.05,-0.09,0.00,26.712143,84.305087,M,2009,2009,2009,2009,2048,2048
57998,IDLE,-0.12,0.05,179.97,-0.10,0.09,0.17,-0.2058,-0.2058,-0.2058,-0.2058,-0.05,-0.08,0.00,26.712143,84.305087,M,2007,2007,2007,2007,2048,2048
58018,IDLE,-0.12,0.05,179.97,-0.09,-0.02,0.22,-0.2660,-0.2660,-0.2660,-0.2660,-0.05,-0.08,0.00,26.712143,84.305087,M,1995,1995,1995,1995,2048,2048
58042,IDLE,-0.12,0.04,179.97,-0.06,-0.18,0.02,-0.0186,-0.0186,-0.0186,-0.0186,-0.05,-0.07,0.00,26.712143,84.305087,M,2044,2044,2044,2044,2048,2048
58064,IDLE,-0.12,0.03,179.97,0.06,-0.22,0.03,-0.0358,-0.0358,-0.0358,-0.0358,-0.05,-0.06,0.00,26.712143,84.305087,M,2041,2041,2041,2041,2048,2048
58090,IDLE,-0.11,0.03,179.98,0.05,-0.15,0.11,-0.1293,-0.1293,-0.1293,-0.1293,-0.05,-0.06,0.00,26.712143,84.305087,M,2022,2022,2022,2022,2048,2048
58108,IDLE,-0.11,0.03,179.97,-0.06,-0.01,-0.05,0.0617,0.0617,0.0617,0.0617,-0.05,-0.05,0.00,26.712143,84.305087,M,2060,2060,2060,2060,2048,2048
58136,IDLE,-0.11,0.03,179.97,-0.08,0.03,0.02,-0.0211,-0.0211,-0.0211,-0.0211,-0.05,-0.04,0.00,26.712143,84.305087,M,2044,2044,2044,2044,2048,2048
58157,IDLE,-0.11,0.03,179.97,-0.10,-0.04,0.00,-0.0020,-0.0020,-0.0020,-0.0020,-0.05,-0.03,0.00,26.712143,84.305087,M,2048,2048,2048,2048,2048,2048
58182,IDLE,-0.12,0.03,179.98,-0.31,0.01,0.04,-0.0436,-0.0436,-0.0436,-0.0436,-0.05,-0.02,0.00,26.712143,84.305087,M,2039,2039,2039,2039,2048,2048
58200,IDLE,-0.11,0.03,179.98,0.08,-0.06,0.11,-0.1354,-0.1354,-0.1354,-0.1354,-0.05,-0.01,0.00,26.712143,84.305087,M,2021,2021,2021,2021,2048,2048
58227,IDLE,-0.11,0.03,179.98,-0.03,0.04,0.05,-0.0592,-0.0592,-0.0592,-0.0592,-0.05,0.00,0.00,26.712143,84.305087,M,2036,2036,2036,2036,2048,2048
58256,IDLE,-0.11,0.03,179.98,-0.03,0.15,-0.02,0.0202,0.0202,0.0202,0.0202,-0.05,0.00,0.00,26.712143,84.305087,M,2052,2052,2052,2052,2048,2048
58282,IDLE,-0.11,0.04,179.98,-0.08,0.27,-0.04,0.0456,0.0456,0.0456,0.0456,-0.05,-0.00,0.00,26.712143,84.305087,M,2057,2057,2057,2057,2048,2048
58301,IDLE,-0.10,0.04,179.98,-0.00,0.15,-0.06,0.0670,0.0670,0.0670,0.0670,-0.05,-0.00,0.00,26.712143,84.305087,M,2061,2061,2061,2061,2048,2048
58324,IDLE,-0.10,0.04,179.98,0.05,0.17,0.08,-0.0963,-0.0963,-0.0963,-0.0963,-0.05,-0.00,0.00,26.712143,84.305087,M,2029,2029,2029,2029,2048,2048
58346,IDLE,-0.10,0.04,179.98,0.03,0.16,0.04,-0.0465,-0.0465,-0.0465,-0.0465,-0.05,-0.00,0.00,26.712143,84.305087,M,2039,2039,2039,2039,2048,2048
58371,IDLE,-0.09,0.05,179.98,0.04,0.18,0.00,-0.0077,-0.0077,-0.0077,-0.0077,-0.05,-0.00,0.00,26.712143,84.305087,M,2046,2046,2046,2046,2048,2048
58390,IDLE,-0.09,0.05,179.98,0.01,0.11,-0.02,0.0167,0.0167,0.0167,0.0167,-0.05,0.00,0.00,26.712143,84.305087,M,2051,2051,2051,2051,2048,2048
58418,IDLE,-0.09,0.05,179.98,-0.18,0.11,-0.02,0.0242,0.0242,0.0242,0.0242,-0.05,0.00,0.00,26.712143,84.305087,M,2053,2053,2053,2053,2048,2048
58439,IDLE,-0.09,0.05,179.98,-0.16,0.08,-0.07,0.0924,0.0924,0.0924,0.0924,-0.05,-0.00,0.00,26.712143,84.305087,M,2066,2066,2066,2066,2048,2048
58465,IDLE,-0.09,0.05,179.98,-0.08,0.16,0.05,-0.0678,-0.0678,-0.0678,-0.0678,-0.05,-0.01,0.00,26.712143,84.305087,M,2034,2034,2034,2034,2048,2048
58484,IDLE,-0.09,0.06,179.98,0.04,0.20,0.16,-0.1969,-0.1969,-0.1969,-0.1969,-0.05,-0.02,0.00,26.712143,84.305087,M,2009,2009,2009,2009,2048,2048
58511,IDLE,-0.08,0.06,179.98,0.09,0.22,0.04,-0.0577,-0.0577,-0.0577,-0.0577,-0.05,-0.02,0.00,26.712143,84.305087,M,2036,2036,2036,2036,2048,2048
58533,IDLE,-0.08,0.07,179.98,0.10,0.26,0.01,-0.0234,-0.0234,-0.0234,-0.0234,-0.05,-0.03,0.00,26.712143,84.305087,M,2043,2043,2043,2043,2048,2048
58557,IDLE,-0.07,0.07,179.99,0.06,0.31,0.11,-0.1470,-0.1470,-0.1470,-0.1470,-0.05,-0.04,0.00,26.712143,84.305087,M,2019,2019,2019,2019,2048,2048
58575,IDLE,-0.07,0.07,179.99,0.17,0.17,0.07,-0.0970,-0.0970,-0.0970,-0.0970,-0.06,-0.05,0.00,26.712143,84.305087,M,2029,2029,2029,2029,2048,2048
58602,IDLE,-0.06,0.07,179.99,0.33,0.07,0.10,-0.1334,-0.1334,-0.1334,-0.1334,-0.06,-0.05,0.00,26.712143,84.305087,M,2021,2021,2021,2021,2048,2048
58623,IDLE,-0.05,0.07,179.99,0.26,0.05,0.09,-0.1115,-0.1115,-0.1115,-0.1115,-0.06,-0.06,0.00,26.712143,84.305087,M,2026,2026,2026,2026,2048,2048
58647,IDLE,-0.04,0.07,180.00,0.49,-0.05,0.09,-0.1258,-0.1258,-0.1258,-0.1258,-0.06,-0.07,0.00,26.712143,84.305087,M,2023,2023,2023,2023,2048,2048
58670,IDLE,-0.03,0.07,180.00,0.34,-0.00,0.04,-0.0543,-0.0543,-0.0543,-0.0543,-0.06,-0.07,0.00,26.712143,84.305087,M,2037,2037,2037,2037,2048,2048
58696,IDLE,-0.02,0.07,179.99,0.30,0.06,-0.06,0.0690,0.0690,0.0690,0.0690,-0.06,-0.07,0.00,26.712143,84.305087,M,2062,2062,2062,2062,2048,2048
58716,IDLE,-0.02,0.07,179.99,0.27,0.08,-0.09,0.1027,0.1027,0.1027,0.1027,-0.07,-0.06,0.00,26.712143,84.305087,M,2069,2069,2069,2069,2048,2048
58739,IDLE,-0.01,0.07,179.99,0.32,0.06,-0.09,0.0955,0.0955,0.0955,0.0955,-0.07,-0.06,0.00,26.712143,84.305087,M,2067,2067,2067,2067,2048,2048
58762,IDLE,0.00,0.06,179.99,0.51,-0.07,-0.06,0.0678,0.0678,0.0678,0.0678,-0.07,-0.06,0.00,26.712143,84.305087,M,2062,2062,2062,2062,2048,2048
58788,IDLE,0.00,0.06,179.99,0.01,0.11,-0.09,0.1089,0.1089,0.1089,0.1089,-0.07,-0.06,0.00,26.712143,84.305087,M,2070,2070,2070,2070,2048,2048
58808,IDLE,0.00,0.07,179.98,-0.02,0.21,-0.16,0.1940,0.1940,0.1940,0.1940,-0.07,-0.04,0.00,26.712143,84.305087,M,2087,2087,2087,2087,2048,2048
58832,IDLE,0.00,0.07,179.98,0.06,0.11,-0.08,0.0959,0.0959,0.0959,0.0959,-0.07,-0.02,0.00,26.712143,84.305087,M,2067,2067,2067,2067,2048,2048
58850,IDLE,0.01,0.07,179.98,0.10,0.22,-0.03,0.0354,0.0354,0.0354,0.0354,-0.07,-0.03,0.00,26.712143,84.305087,M,2055,2055,2055,2055,2048,2048
58877,IDLE,0.01,0.07,179.98,0.19,0.18,-0.02,0.0119,0.0119,0.0119,0.0119,-0.07,-0.03,0.00,26.712143,84.305087,M,2050,2050,2050,2050,2048,2048
58897,IDLE,0.01,0.08,179.98,-0.05,0.20,-0.05,0.0589,0.0589,0.0589,0.0589,-0.07,-0.04,0.00,26.712143,84.305087,M,2060,2060,2060,2060,2048,2048
58922,IDLE,0.01,0.08,179.98,-0.06,0.22,-0.05,0.0533,0.0533,0.0533,0.0533,-0.07,-0.04,0.00,26.712143,84.305087,M,2059,2059,2059,2059,2048,2048
58940,IDLE,0.00,0.08,179.98,-0.21,0.17,0.05,-0.0536,-0.0536,-0.0536,-0.0536,-0.07,-0.05,0.00,26.712143,84.305087,M,2037,2037,2037,2037,2048,2048
58967,IDLE,0.00,0.08,179.98,-0.10,0.18,0.06,-0.0799,-0.0799,-0.0799,-0.0799,-0.07,-0.05,0.00,26.712143,84.305087,M,2032,2032,2032,2032,2048,2048
58988,IDLE,-0.00,0.09,179.99,-0.08,0.13,0.18,-0.2144,-0.2144,-0.2144,-0.2144,-0.08,-0.05,0.00,26.712143,84.305087,M,2005,2005,2005,2005,2048,2048
59012,IDLE,-0.00,0.08,179.99,0.01,-0.01,0.12,-0.1525,-0.1525,-0.1525,-0.1525,-0.08,-0.05,0.00,26.712143,84.305087,M,2018,2018,2018,2018,2048,2048
59036,IDLE,0.00,0.08,179.99,0.12,-0.07,0.03,-0.0359,-0.0359,-0.0359,-0.0359,-0.08,-0.06,0.00,26.712143,84.305087,M,2041,2041,2041,2041,2048,2048
59062,IDLE,0.00,0.08,180.00,0.06,-0.01,0.22,-0.2748,-0.2748,-0.2748,-0.2748,-0.08,-0.06,0.00,26.712143,84.305087,M,1993,1993,1993,1993,2048,2048
59090,IDLE,0.00,0.08,180.00,-0.08,0.16,0.17,-0.2040,-0.2040,-0.2040,-0.2040,-0.08,-0.04,0.00,26.712143,84.305087,M,2007,2007,2007,2007,2048,2048
59115,IDLE,0.00,0.08,180.00,0.00,0.04,0.16,-0.1918,-0.1918,-0.1918,-0.1918,-0.08,-0.03,0.00,26.712143,84.305087,M,2010,2010,2010,2010,2048,2048
59134,IDLE,-0.00,0.08,180.01,-0.21,0.04,0.15,-0.1834,-0.1834,-0.1834,-0.1834,-0.08,-0.04,0.00,26.712143,84.305087,M,2011,2011,2011,2011,2048,2048
59161,IDLE,-0.00,0.08,180.01,-0.18,0.04,0.15,-0.1781,-0.1781,-0.1781,-0.1781,-0.08,-0.04,0.00,26.712143,84.305087,M,2012,2012,2012,2012,2048,2048
59182,IDLE,-0.01,0.08,180.01,-0.24,0.06,0.02,-0.0177,-0.0177,-0.0177,-0.0177,-0.08,-0.05,0.00,26.712143,84.305087,M,2044,2044,2044,2044,2048,2048
59207,IDLE,-0.01,0.08,180.01,-0.05,0.01,0.10,-0.1259,-0.1259,-0.1259,-0.1259,-0.08,-0.05,0.00,26.712143,84.305087,M,2023,2023,2023,2023,2048,2048
59230,IDLE,-0.01,0.08,180.01,-0.12,-0.03,0.05,-0.0524,-0.0524,-0.0524,-0.0524,-0.08,-0.06,0.00,26.712143,84.305087,M,2038,2038,2038,2038,2048,2048
59257,IDLE,-0.01,0.08,180.02,-0.03,0.14,0.16,-0.1941,-0.1941,-0.1941,-0.1941,-0.09,-0.06,0.00,26.712143,84.305087,M,2009,2009,2009,2009,2048,2048
59277,IDLE,-0.02,0.08,180.02,-0.14,0.09,0.17,-0.2107,-0.2107,-0.2107,-0.2107,-0.09,-0.07,0.00,26.712143,84.305087,M,2006,2006,2006,2006,2048,2048
59300,IDLE,-0.02,0.08,180.02,-0.07,0.08,0.13,-0.1595,-0.1595,-0.1595,-0.1595,-0.09,-0.08,0.00,26.712143,84.305087,M,2016,2016,2016,2016,2048,2048
59322,IDLE,-0.02,0.08,180.03,0.02,0.10,0.20,-0.2449,-0.2449,-0.2449,-0.2449,-0.09,-0.07,0.00,26.712143,84.305087,M,1999,1999,1999,1999,2048,2048
59348,IDLE,-0.02,0.08,180.03,0.04,0.07,0.06,-0.0762,-0.0762,-0.0762,-0.0762,-0.09,-0.06,0.00,26.712143,84.305087,M,2033,2033,2033,2033,2048,2048
59367,IDLE,-0.02,0.08,180.03,-0.03,0.10,-0.01,0.0092,0.0092,0.0092,0.0092,-0.09,-0.05,0.00,26.712144,84.305088,M,2050,2050,2050,2050,2048,2048
59395,IDLE,-0.02,0.08,180.03,0.03,-0.01,-0.01,0.0089,0.0089,0.0089,0.0089,-0.09,-0.04,0.00,26.712144,84.305088,M,2050,2050,2050,2050,2048,2048
59416,IDLE,-0.02,0.07,180.03,-0.27,-0.09,-0.04,0.0552,0.0552,0.0552,0.0552,-0.09,-0.04,0.00,26.712144,84.305088,M,2059,2059,2059,2059,2048,2048
59441,IDLE,-0.03,0.07,180.03,-0.22,-0.06,-0.02,0.0332,0.0332,0.0332,0.0332,-0.09,-0.03,0.00,26.712144,84.305088,M,2055,2055,2055,2055,2048,2048
59460,IDLE,-0.03,0.07,180.03,-0.23,0.04,0.05,-0.0589,-0.0589,-0.0589,-0.0589,-0.09,-0.03,0.00,26.712144,84.305088,M,2036,2036,2036,2036,2048,2048
59488,IDLE,-0.03,0.07,180.03,-0.14,-0.04,0.06,-0.0637,-0.0637,-0.0637,-0.0637,-0.09,-0.03,0.00,26.712144,84.305088,M,2035,2035,2035,2035,2048,2048
59509,IDLE,-0.04,0.07,180.03,-0.08,0.05,0.07,-0.0878,-0.0878,-0.0878,-0.0878,-0.10,-0.04,0.00,26.712144,84.305088,M,2030,2030,2030,2030,2048,2048
59534,IDLE,-0.04,0.06,180.03,-0.11,-0.06,0.04,-0.0452,-0.0452,-0.0452,-0.0452,-0.10,-0.05,0.00,26.712144,84.305088,M,2039,2039,2039,2039,2048,2048
59557,IDLE,-0.04,0.06,180.03,-0.22,0.02,-0.03,0.0441,0.0441,0.0441,0.0441,-0.10,-0.05,0.00,26.712144,84.305088,M,2057,2057,2057,2057,2048,2048
59584,IDLE,-0.05,0.06,180.03,-0.18,-0.13,-0.04,0.0568,0.0568,0.0568,0.0568,-0.10,-0.04,0.00,26.712144,84.305088,M,2059,2059,2059,2059,2048,2048
59604,IDLE,-0.05,0.06,180.03,-0.18,-0.01,0.05,-0.0582,-0.0582,-0.0582,-0.0582,-0.10,-0.03,0.00,26.712144,84.305088,M,2036,2036,2036,2036,2048,2048
59628,IDLE,-0.05,0.06,180.03,-0.35,0.11,0.18,-0.2097,-0.2097,-0.2097,-0.2097,-0.10,-0.03,0.00,26.712144,84.305088,M,2006,2006,2006,2006,2048,2048
59650,IDLE,-0.07,0.06,180.04,-0.45,0.09,0.28,-0.3384,-0.3384,-0.3384,-0.3384,-0.10,-0.01,0.00,26.712144,84.305088,M,1980,1980,1980,1980,2048,2048
59676,IDLE,-0.07,0.06,180.05,-0.47,-0.02,0.36,-0.4290,-0.4290,-0.4290,-0.4290,-0.10,0.00,0.00,26.712144,84.305088,M,1962,1962,1962,1962,2048,2048
59695,IDLE,-0.08,0.06,180.06,-0.39,0.00,0.36,-0.4342,-0.4342,-0.4342,-0.4342,-0.10,-0.02,0.00,26.712144,84.305088,M,1961,1961,1961,1961,2048,2048
59723,IDLE,-0.09,0.05,180.06,-0.35,-0.01,0.31,-0.3749,-0.3749,-0.3749,-0.3749,-0.10,-0.03,0.00,26.712144,84.305088,M,1973,1973,1973,1973,2048,2048
59745,IDLE,-0.09,0.05,180.07,-0.26,0.01,0.23,-0.2727,-0.2727,-0.2727,-0.2727,-0.10,-0.04,0.00,26.712144,84.305088,M,1993,1993,1993,1993,2048,2048
59769,IDLE,-0.09,0.05,180.07,-0.07,-0.00,0.18,-0.2138,-0.2138,-0.2138,-0.2138,-0.10,-0.04,0.00,26.712144,84.305088,M,2005,2005,2005,2005,2048,2048
59788,IDLE,-0.09,0.04,180.08,0.03,-0.22,0.28,-0.3375,-0.3375,-0.3375,-0.3375,-0.10,-0.04,0.00,26.712144,84.305088,M,1980,1980,1980,1980,2048,2048
59814,IDLE,-0.08,0.04,180.08,0.10,-0.18,0.26,-0.3151,-0.3151,-0.3151,-0.3151,-0.10,-0.04,0.00,26.712144,84.305088,M,1985,1985,1985,1985,2048,2048
59835,IDLE,-0.08,0.04,180.09,0.08,-0.05,0.16,-0.1988,-0.1988,-0.1988,-0.1988,-0.10,-0.03,0.00,26.712144,84.305088,M,2008,2008,2008,2008,2048,2048
59858,IDLE,-0.07,0.04,180.09,0.15,0.06,0.14,-0.1764,-0.1764,-0.1764,-0.1764,-0.10,-0.03,0.00,26.712144,84.305088,M,2013,2013,2013,2013,2048,2048
59881,IDLE,-0.06,0.03,180.09,0.17,-0.03,0.16,-0.1991,-0.1991,-0.1991,-0.1991,-0.10,-0.02,0.00,26.712144,84.305088,M,2008,2008,2008,2008,2048,2048
59907,IDLE,-0.06,0.03,180.09,-0.02,0.03,0.05,-0.0602,-0.0602,-0.0602,-0.0602,-0.10,-0.01,0.00,26.712144,84.305088,M,2036,2036,2036,2036,2048,2048
59926,IDLE,-0.06,0.03,180.09,0.03,-0.04,-0.06,0.0752,0.0752,0.0752,0.0752,-0.10,-0.02,0.00,26.712144,84.305088,M,2063,2063,2063,2063,2048,2048
59949,IDLE,-0.06,0.03,180.09,-0.02,-0.13,-0.14,0.1712,0.1712,0.1712,0.1712,-0.10,-0.02,0.00,26.712144,84.305088,M,2082,2082,2082,2082,2048,2048
59971,IDLE,-0.06,0.02,180.08,-0.07,-0.17,-0.15,0.1854,0.1854,0.1854,0.1854,-0.10,-0.00,0.00,26.712144,84.305088,M,2085,2085,2085,2085,2048,2048
59996,IDLE,-0.06,0.02,180.08,-0.08,0.01,0.10,-0.1204,-0.1204,-0.1204,-0.1204,-0.10,0.00,0.00,26.712144,84.305088,M,2024,2024,2024,2024,2048,2048
60015,IDLE,-0.06,0.03,180.09,0.03,0.07,0.12,-0.1519,-0.1519,-0.1519,-0.1519,-0.10,0.02,0.00,26.712144,84.305088,M,2018,2018,2018,2018,2048,2048
60043,IDLE,-0.06,0.03,180.09,-0.17,0.13,0.02,-0.0248,-0.0248,-0.0248,-0.0248,-0.10,0.03,0.00,26.712144,84.305088,M,2043,2043,2043,2043,2048,2048
60064,IDLE,-0.06,0.03,180.09,-0.23,0.12,-0.03,0.0337,0.0337,0.0337,0.0337,-0.10,0.04,0.00,26.712144,84.305088,M,2055,2055,2055,2055,2048,2048
60089,IDLE,-0.07,0.04,180.08,-0.25,0.11,-0.02,0.0295,0.0295,0.0295,0.0295,-0.10,0.05,0.00,26.712144,84.305088,M,2054,2054,2054,2054,2048,2048
60107,IDLE,-0.07,0.04,180.08,-0.21,0.09,0.04,-0.0494,-0.0494,-0.0494,-0.0494,-0.09,0.06,0.00,26.712144,84.305088,M,2038,2038,2038,2038,2048,2048
60135,IDLE,-0.07,0.03,180.08,-0.15,-0.11,0.02,-0.0206,-0.0206,-0.0206,-0.0206,-0.09,0.06,0.00,26.712144,84.305088,M,2044,2044,2044,2044,2048,2048
60156,IDLE,-0.08,0.03,180.09,-0.29,-0.09,0.12,-0.1423,-0.1423,-0.1423,-0.1423,-0.09,0.05,0.00,26.712144,84.305088,M,2020,2020,2020,2020,2048,2048
60181,IDLE,-0.08,0.03,180.09,-0.34,-0.05,0.24,-0.2888,-0.2888,-0.2888,-0.2888,-0.09,0.05,0.00,26.712144,84.305088,M,1990,1990,1990,1990,2048,2048
60199,IDLE,-0.08,0.03,180.10,-0.17,-0.13,0.32,-0.3824,-0.3824,-0.3824,-0.3824,-0.09,0.05,0.00,26.712144,84.305088,M,1972,1972,1972,1972,2048,2048
60226,IDLE,-0.09,0.03,180.10,-0.25,-0.05,0.10,-0.1153,-0.1153,-0.1153,-0.1153,-0.09,0.05,0.00,26.712144,84.305088,M,2025,2025,2025,2025,2048,2048
60246,IDLE,-0.09,0.03,180.10,-0.18,0.02,0.00,-0.0003,-0.0003,-0.0003,-0.0003,-0.09,0.04,0.00,26.712144,84.305088,M,2048,2048,2048,2048,2048,2048
60281,IDLE,-0.10,0.03,180.10,-0.62,0.19,-0.08,0.1069,0.1069,0.1069,0.1069,-0.09,0.04,0.00,26.712144,84.305088,M,2069,2069,2069,2069,2048,2048
60305,IDLE,-0.12,0.04,180.10,-0.69,0.36,0.00,0.0045,0.0045,0.0045,0.0045,-0.09,0.04,0.00,26.712144,84.305088,M,2049,2049,2049,2049,2048,2048
60322,IDLE,-0.13,0.05,180.09,-0.65,0.40,-0.21,0.2669,0.2669,0.2669,0.2669,-0.09,0.04,0.00,26.712144,84.305088,M,2101,2101,2101,2101,2048,2048
60349,IDLE,-0.13,0.05,180.09,-0.39,0.31,-0.11,0.1435,0.1435,0.1435,0.1435,-0.09,0.03,0.00,26.712144,84.305088,M,2077,2077,2077,2077,2048,2048
60370,IDLE,-0.14,0.06,180.09,-0.39,0.16,-0.01,0.0153,0.0153,0.0153,0.0153,-0.09,0.04,0.00,26.712144,84.305088,M,2051,2051,2051,2051,2048,2048
60394,IDLE,-0.14,0.06,180.08,-0.19,0.13,-0.07,0.0880,0.0880,0.0880,0.0880,-0.09,0.04,0.00,26.712144,84.305088,M,2066,2066,2066,2066,2048,2048
60412,IDLE,-0.14,0.06,180.08,-0.13,0.12,-0.03,0.0351,0.0351,0.0351,0.0351,-0.08,0.05,0.00,26.712144,84.305088,-44.4,2055,2055,2055,2055,2048,2048
60439,IDLE,-0.14,0.06,180.08,-0.27,0.14,-0.12,0.1485,0.1485,0.1485,0.1485,-0.08,0.05,0.00,26.712144,84.305088,-44.4,2078,2078,2078,2078,2048,2048
60460,IDLE,-0.14,0.06,180.08,-0.24,0.10,0.09,-0.1052,-0.1052,-0.1052,-0.1052,-0.08,0.05,0.00,26.712144,84.305088,-44.4,2027,2027,2027,2027,2048,2048
60484,IDLE,-0.14,0.06,180.08,-0.05,0.10,0.15,-0.1848,-0.1848,-0.1848,-0.1848,-0.08,0.05,0.00,26.712144,84.305088,-44.4,2011,2011,2011,2011,2048,2048
60506,IDLE,-0.13,0.06,180.08,0.11,0.06,0.02,-0.0246,-0.0246,-0.0246,-0.0246,-0.08,0.05,0.00,26.712144,84.305088,-44.4,2043,2043,2043,2043,2048,2048
60532,IDLE,-0.13,0.07,180.08,-0.12,0.06,0.07,-0.0884,-0.0884,-0.0884,-0.0884,-0.08,0.05,0.00,26.712144,84.305088,-44.4,2030,2030,2030,2030,2048,2048
60551,IDLE,-0.14,0.07,180.09,-0.25,0.04,0.15,-0.1817,-0.1817,-0.1817,-0.1817,-0.08,0.05,0.00,26.712144,84.305088,-44.4,2012,2012,2012,2012,2048,2048
60578,IDLE,-0.14,0.07,180.09,-0.26,0.00,0.17,-0.2076,-0.2076,-0.2076,-0.2076,-0.08,0.05,0.00,26.712144,84.305088,-44.4,2006,2006,2006,2006,2048,2048
60599,IDLE,-0.14,0.07,180.09,-0.25,0.03,0.13,-0.1524,-0.1524,-0.1524,-0.1524,-0.08,0.05,0.00,26.712144,84.305088,-44.4,2018,2018,2018,2018,2048,2048
60622,IDLE,-0.14,0.06,180.10,-0.14,-0.04,0.13,-0.1537,-0.1537,-0.1537,-0.1537,-0.07,0.04,0.00,26.712144,84.305088,-44.4,2017,2017,2017,2017,2048,2048
60645,IDLE,-0.14,0.06,180.09,-0.24,-0.04,-0.01,0.0186,0.0186,0.0186,0.0186,-0.07,0.04,0.00,26.712144,84.305088,-44.4,2052,2052,2052,2052,2048,2048
60670,IDLE,-0.15,0.06,180.09,-0.22,0.03,-0.06,0.0781,0.0781,0.0781,0.0781,-0.07,0.04,0.00,26.712144,84.305088,-44.4,2064,2064,2064,2064,2048,2048
60689,IDLE,-0.15,0.06,180.09,-0.22,-0.01,-0.18,0.2291,0.2291,0.2291,0.2291,-0.07,0.03,0.00,26.712144,84.305088,-44.4,2094,2094,2094,2094,2048,2048
60716,IDLE,-0.15,0.06,180.08,-0.31,-0.02,-0.11,0.1372,0.1372,0.1372,0.1372,-0.07,0.02,0.00,26.712144,84.305088,-44.4,2075,2075,2075,2075,2048,2048
60737,IDLE,-0.15,0.06,180.08,-0.44,0.09,0.01,-0.0056,-0.0056,-0.0056,-0.0056,-0.07,0.01,0.00,26.712144,84.305088,-44.4,2047,2047,2047,2047,2048,2048
60761,IDLE,-0.16,0.07,180.09,-0.32,0.23,0.11,-0.1258,-0.1258,-0.1258,-0.1258,-0.08,0.00,0.00,26.712144,84.305088,-44.4,2023,2023,2023,2023,2048,2048
60783,IDLE,-0.16,0.07,180.09,-0.23,0.19,0.02,-0.0167,-0.0167,-0.0167,-0.0167,-0.07,0.01,0.00,26.712144,84.305088,-44.4,2045,2045,2045,2045,2048,2048
60809,IDLE,-0.16,0.07,180.09,-0.27,0.18,0.18,-0.2159,-0.2159,-0.2159,-0.2159,-0.07,0.01,0.00,26.712144,84.305088,-44.4,2005,2005,2005,2005,2048,2048
60828,IDLE,-0.16,0.07,180.09,-0.39,-0.03,0.08,-0.0929,-0.0929,-0.0929,-0.0929,-0.07,0.03,0.00,26.712144,84.305088,-44.4,2029,2029,2029,2029,2048,2048
60855,IDLE,-0.16,0.07,180.09,-0.33,-0.03,0.19,-0.2242,-0.2242,-0.2242,-0.2242,-0.07,0.04,0.00,26.712144,84.305088,-44.4,2003,2003,2003,2003,2048,2048
60875,IDLE,-0.17,0.07,180.10,-0.53,0.21,0.26,-0.3130,-0.3130,-0.3130,-0.3130,-0.07,0.04,0.00,26.712144,84.305088,-44.4,1985,1985,1985,1985,2048,2048
60899,IDLE,-0.17,0.07,180.11,-0.34,0.25,0.38,-0.4548,-0.4548,-0.4548,-0.4548,-0.07,0.03,0.00,26.712144,84.305088,-44.4,1957,1957,1957,1957,2048,2048
60921,IDLE,-0.17,0.08,180.11,-0.28,0.19,0.12,-0.1389,-0.1389,-0.1389,-0.1389,-0.07,0.03,0.00,26.712144,84.305088,-44.4,2020,2020,2020,2020,2048,2048
60946,IDLE,-0.18,0.08,180.11,-0.47,0.23,0.03,-0.0309,-0.0309,-0.0309,-0.0309,-0.07,0.02,0.00,26.712144,84.305088,-44.4,2042,2042,2042,2042,2048,2048
60964,IDLE,-0.18,0.08,180.11,-0.35,0.18,-0.01,0.0206,0.0206,0.0206,0.0206,-0.07,0.02,0.00,26.712144,84.305088,-44.4,2052,2052,2052,2052,2048,2048
60991,IDLE,-0.18,0.08,180.10,-0.40,0.19,-0.16,0.1954,0.1954,0.1954,0.1954,-0.07,0.02,0.00,26.712144,84.305088,-44.4,2087,2087,2087,2087,2048,2048
61012,IDLE,-0.18,0.09,180.10,-0.25,0.19,-0.10,0.1287,0.1287,0.1287,0.1287,-0.07,-0.00,0.00,26.712144,84.305088,-44.4,2074,2074,2074,2074,2048,2048
61035,IDLE,-0.18,0.09,180.10,-0.30,0.11,-0.16,0.2055,0.2055,0.2055,0.2055,-0.07,-0.02,0.00,26.712144,84.305088,-44.4,2089,2089,2089,2089,2048,2048
61058,IDLE,-0.19,0.08,180.09,-0.38,0.01,-0.08,0.1018,0.1018,0.1018,0.1018,-0.07,-0.02,0.00,26.712144,84.305088,-44.4,2068,2068,2068,2068,2048,2048
61091,IDLE,-0.20,0.08,180.09,-0.42,-0.08,-0.02,0.0304,0.0304,0.0304,0.0304,-0.07,-0.01,0.00,26.712144,84.305088,-44.4,2054,2054,2054,2054,2048,2048
61117,IDLE,-0.20,0.08,180.09,-0.48,0.03,0.03,-0.0321,-0.0321,-0.0321,-0.0321,-0.07,0.00,0.00,26.712144,84.305088,-44.4,2042,2042,2042,2042,2048,2048
61136,IDLE,-0.21,0.08,180.09,-0.32,0.10,0.01,-0.0063,-0.0063,-0.0063,-0.0063,-0.07,-0.00,0.00,26.712144,84.305088,-44.4,2047,2047,2047,2047,2048,2048
61163,IDLE,-0.21,0.08,180.09,-0.36,0.09,0.02,-0.0226,-0.0226,-0.0226,-0.0226,-0.07,-0.01,0.00,26.712144,84.305088,-44.4,2043,2043,2043,2043,2048,2048
61184,IDLE,-0.21,0.08,180.10,-0.44,0.20,0.13,-0.1583,-0.1583,-0.1583,-0.1583,-0.07,0.01,0.00,26.712144,84.305088,-44.4,2016,2016,2016,2016,2048,2048
61208,IDLE,-0.21,0.08,180.10,-0.25,0.26,0.09,-0.1086,-0.1086,-0.1086,-0.1086,-0.07,0.02,0.00,26.712144,84.305088,-44.4,2026,2026,2026,2026,2048,2048
61230,IDLE,-0.21,0.09,180.10,-0.24,0.20,0.12,-0.1439,-0.1439,-0.1439,-0.1439,-0.07,0.05,0.00,26.712144,84.305088,-44.4,2019,2019,2019,2019,2048,2048
61255,IDLE,-0.21,0.08,180.10,-0.09,0.11,0.02,-0.0259,-0.0259,-0.0259,-0.0259,-0.06,0.07,0.00,26.712144,84.305088,-44.4,2043,2043,2043,2043,2048,2048
61274,IDLE,-0.21,0.08,180.10,-0.20,0.04,0.06,-0.0691,-0.0691,-0.0691,-0.0691,-0.06,0.09,0.00,26.712144,84.305088,-44.4,2034,2034,2034,2034,2048,2048
61301,IDLE,-0.21,0.08,180.10,-0.06,-0.01,0.21,-0.2579,-0.2579,-0.2579,-0.2579,-0.06,0.10,0.00,26.712144,84.305088,-44.4,1996,1996,1996,1996,2048,2048
61321,IDLE,-0.20,0.08,180.11,-0.06,-0.07,0.18,-0.2154,-0.2154,-0.2154,-0.2154,-0.05,0.11,0.00,26.712144,84.305088,-44.4,2005,2005,2005,2005,2048,2048
61349,IDLE,-0.20,0.07,180.11,-0.05,-0.17,0.08,-0.0886,-0.0886,-0.0886,-0.0886,-0.05,0.10,0.00,26.712144,84.305088,-44.4,2030,2030,2030,2030,2048,2048
61376,IDLE,-0.18,0.07,180.11,0.24,-0.17,-0.06,0.0678,0.0678,0.0678,0.0678,-0.05,0.09,0.00,26.712144,84.305088,-44.4,2062,2062,2062,2062,2048,2048
61396,IDLE,-0.17,0.06,180.11,0.24,-0.12,0.03,-0.0442,-0.0442,-0.0442,-0.0442,-0.05,0.11,0.00,26.712144,84.305088,-44.4,2039,2039,2039,2039,2048,2048
61425,IDLE,-0.17,0.06,180.10,-0.10,-0.04,-0.02,0.0285,0.0285,0.0285,0.0285,-0.05,0.12,0.00,26.712144,84.305088,-44.4,2054,2054,2054,2054,2048,2048
61451,IDLE,-0.17,0.06,180.11,-0.16,0.07,0.22,-0.2617,-0.2617,-0.2617,-0.2617,-0.04,0.12,0.00,26.712144,84.305088,50.5,1996,1996,1996,1996,2048,2048
61471,IDLE,-0.18,0.06,180.11,-0.38,0.03,0.07,-0.0796,-0.0796,-0.0796,-0.0796,-0.04,0.12,0.00,26.712144,84.305088,50.5,2032,2032,2032,2032,2048,2048
61495,IDLE,-0.18,0.06,180.11,-0.08,-0.03,-0.02,0.0229,0.0229,0.0229,0.0229,-0.04,0.11,0.00,26.712144,84.305088,50.5,2053,2053,2053,2053,2048,2048
61517,IDLE,-0.17,0.06,180.11,-0.07,-0.06,-0.01,0.0175,0.0175,0.0175,0.0175,-0.04,0.11,0.00,26.712144,84.305088,50.5,2052,2052,2052,2052,2048,2048
61542,IDLE,-0.17,0.05,180.11,-0.17,-0.00,-0.04,0.0559,0.0559,0.0559,0.0559,-0.04,0.10,0.00,26.712144,84.305088,50.5,2059,2059,2059,2059,2048,2048
61560,IDLE,-0.17,0.05,180.11,-0.12,0.04,-0.01,0.0092,0.0092,0.0092,0.0092,-0.03,0.09,0.00,26.712144,84.305088,50.5,2050,2050,2050,2050,2048,2048
61588,IDLE,-0.17,0.05,180.10,-0.27,0.05,-0.16,0.1969,0.1969,0.1969,0.1969,-0.03,0.08,0.00,26.712144,84.305088,50.5,2087,2087,2087,2087,2048,2048
61609,IDLE,-0.18,0.05,180.10,-0.25,0.16,-0.08,0.1042,0.1042,0.1042,0.1042,-0.03,0.07,0.00,26.712144,84.305088,50.5,2069,2069,2069,2069,2048,2048
61634,IDLE,-0.18,0.06,180.10,-0.20,0.20,-0.13,0.1607,0.1607,0.1607,0.1607,-0.03,0.06,0.00,26.712144,84.305088,50.5,2080,2080,2080,2080,2048,2048
61652,IDLE,-0.18,0.06,180.09,-0.33,0.26,-0.04,0.0574,0.0574,0.0574,0.0574,-0.03,0.08,0.00,26.712144,84.305088,50.5,2059,2059,2059,2059,2048,2048
61679,IDLE,-0.18,0.07,180.09,-0.27,0.35,-0.16,0.1909,0.1909,0.1909,0.1909,-0.03,0.08,0.00,26.712144,84.305088,50.5,2086,2086,2086,2086,2048,2048
61699,IDLE,-0.18,0.07,180.09,-0.36,0.22,-0.16,0.1970,0.1970,0.1970,0.1970,-0.03,0.08,0.00,26.712144,84.305088,50.5,2087,2087,2087,2087,2048,2048
61723,IDLE,-0.18,0.07,180.08,-0.24,0.15,-0.21,0.2625,0.2625,0.2625,0.2625,-0.03,0.07,0.00,26.712144,84.305088,50.5,2101,2101,2101,2101,2048,2048
61745,IDLE,-0.18,0.08,180.08,-0.12,0.35,-0.14,0.1669,0.1669,0.1669,0.1669,-0.02,0.07,0.00,26.712144,84.305088,50.5,2081,2081,2081,2081,2048,2048
61771,IDLE,-0.17,0.08,180.07,-0.10,0.37,-0.25,0.2972,0.2972,0.2972,0.2972,-0.02,0.07,0.00,26.712144,84.305088,50.5,2107,2107,2107,2107,2048,2048
61791,IDLE,-0.17,0.09,180.07,-0.20,0.35,-0.14,0.1691,0.1691,0.1691,0.1691,-0.02,0.06,0.00,26.712144,84.305088,50.5,2082,2082,2082,2082,2048,2048
61814,IDLE,-0.17,0.09,180.07,-0.12,0.11,0.04,-0.0458,-0.0458,-0.0458,-0.0458,-0.02,0.05,0.00,26.712144,84.305088,50.5,2039,2039,2039,2039,2048,2048
61836,IDLE,-0.17,0.09,180.07,-0.07,0.06,-0.00,0.0064,0.0064,0.0064,0.0064,-0.02,0.03,0.00,26.712144,84.305088,50.5,2049,2049,2049,2049,2048,2048
61861,IDLE,-0.17,0.09,180.07,-0.26,0.26,0.13,-0.1594,-0.1594,-0.1594,-0.1594,-0.02,0.02,0.00,26.712144,84.305088,50.5,2016,2016,2016,2016,2048,2048
61880,IDLE,-0.17,0.09,180.07,-0.20,0.12,0.19,-0.2318,-0.2318,-0.2318,-0.2318,-0.03,0.00,0.00,26.712144,84.305088,50.5,2002,2002,2002,2002,2048,2048
61907,IDLE,-0.17,0.10,180.08,-0.20,0.33,0.21,-0.2618,-0.2618,-0.2618,-0.2618,-0.03,-0.01,0.00,26.712144,84.305088,50.5,1996,1996,1996,1996,2048,2048
61928,IDLE,-0.17,0.10,180.08,-0.21,0.26,0.19,-0.2307,-0.2307,-0.2307,-0.2307,-0.03,-0.02,0.00,26.712144,84.305088,50.5,2002,2002,2002,2002,2048,2048
61951,IDLE,-0.17,0.10,180.08,-0.15,0.24,0.20,-0.2405,-0.2405,-0.2405,-0.2405,-0.03,-0.03,0.00,26.712144,84.305088,50.5,2000,2000,2000,2000,2048,2048
61974,IDLE,-0.16,0.11,180.09,-0.06,0.19,0.30,-0.3711,-0.3711,-0.3711,-0.3711,-0.03,-0.03,0.00,26.712144,84.305088,50.5,1974,1974,1974,1974,2048,2048
61999,IDLE,-0.16,0.11,180.09,-0.22,0.24,0.09,-0.1143,-0.1143,-0.1143,-0.1143,-0.03,-0.03,0.00,26.712144,84.305088,50.5,2025,2025,2025,2025,2048,2048
62017,IDLE,-0.17,0.11,180.10,-0.28,0.27,0.19,-0.2321,-0.2321,-0.2321,-0.2321,-0.03,-0.03,0.00,26.712144,84.305088,50.5,2002,2002,2002,2002,2048,2048
62044,IDLE,-0.17,0.12,180.10,-0.41,0.30,-0.03,0.0418,0.0418,0.0418,0.0418,-0.03,-0.03,0.00,26.712144,84.305088,50.5,2056,2056,2056,2056,2048,2048
62064,IDLE,-0.17,0.12,180.09,-0.03,0.11,-0.16,0.1941,0.1941,0.1941,0.1941,-0.03,-0.02,0.00,26.712144,84.305088,50.5,2087,2087,2087,2087,2048,2048
62088,IDLE,-0.16,0.12,180.09,-0.06,0.10,-0.05,0.0560,0.0560,0.0560,0.0560,-0.03,-0.01,0.00,26.712144,84.305088,50.5,2059,2059,2059,2059,2048,2048
62110,IDLE,-0.16,0.12,180.09,-0.19,0.13,0.07,-0.0854,-0.0854,-0.0854,-0.0854,-0.03,0.01,0.00,26.712144,84.305088,50.5,2031,2031,2031,2031,2048,2048
62136,IDLE,-0.16,0.12,180.09,0.05,0.13,0.04,-0.0511,-0.0511,-0.0511,-0.0511,-0.03,0.03,0.00,26.712144,84.305088,50.5,2038,2038,2038,2038,2048,2048
62155,IDLE,-0.16,0.12,180.09,-0.04,0.29,0.02,-0.0262,-0.0262,-0.0262,-0.0262,-0.03,0.03,0.00,26.712144,84.305088,50.5,2043,2043,2043,2043,2048,2048
62183,IDLE,-0.15,0.12,180.09,0.05,0.15,-0.10,0.1231,0.1231,0.1231,0.1231,-0.03,0.03,0.00,26.712144,84.305088,50.5,2073,2073,2073,2073,2048,2048
62204,IDLE,-0.14,0.12,180.09,0.08,0.15,-0.06,0.0655,0.0655,0.0655,0.0655,-0.02,0.03,0.00,26.712144,84.305088,50.5,2061,2061,2061,2061,2048,2048
62228,IDLE,-0.14,0.12,180.09,0.14,0.06,0.05,-0.0630,-0.0630,-0.0630,-0.0630,-0.02,0.03,0.00,26.712144,84.305088,50.5,2035,2035,2035,2035,2048,2048
62247,IDLE,-0.13,0.12,180.09,0.20,0.11,0.21,-0.2574,-0.2574,-0.2574,-0.2574,-0.02,0.02,0.00,26.712144,84.305088,50.5,1997,1997,1997,1997,2048,2048
62282,IDLE,-0.12,0.12,180.09,0.09,0.19,0.08,-0.1007,-0.1007,-0.1007,-0.1007,-0.02,0.02,0.00,26.712144,84.305088,50.5,2028,2028,2028,2028,2048,2048
62309,IDLE,-0.12,0.13,180.09,-0.05,0.18,0.02,-0.0263,-0.0263,-0.0263,-0.0263,-0.02,0.02,0.00,26.712144,84.305088,50.5,2043,2043,2043,2043,2048,2048
62329,IDLE,-0.12,0.13,180.09,-0.06,0.25,-0.11,0.1368,0.1368,0.1368,0.1368,-0.03,-0.01,0.00,26.712144,84.305088,50.5,2075,2075,2075,2075,2048,2048
62353,IDLE,-0.11,0.13,180.09,0.18,0.18,-0.13,0.1507,0.1507,0.1507,0.1507,-0.03,-0.02,0.00,26.712144,84.305088,50.5,2078,2078,2078,2078,2048,2048
62375,IDLE,-0.11,0.13,180.08,0.14,0.10,-0.15,0.1792,0.1792,0.1792,0.1792,-0.03,-0.04,0.00,26.712144,84.305088,50.5,2084,2084,2084,2084,2048,2048
62401,IDLE,-0.10,0.13,180.08,0.11,0.05,-0.06,0.0649,0.0649,0.0649,0.0649,-0.03,-0.04,0.00,26.712144,84.305088,50.5,2061,2061,2061,2061,2048,2048
62420,IDLE,-0.10,0.13,180.08,-0.02,0.08,-0.10,0.1235,0.1235,0.1235,0.1235,-0.03,-0.05,0.00,26.712144,84.305088,50.5,2073,2073,2073,2073,2048,2048
62448,IDLE,-0.10,0.12,180.08,-0.07,0.05,-0.00,0.0063,0.0063,0.0063,0.0063,-0.03,-0.05,0.00,26.712144,84.305088,50.5,2049,2049,2049,2049,2048,2048
62475,IDLE,-0.10,0.13,180.08,-0.23,0.26,-0.00,0.0066,0.0066,0.0066,0.0066,-0.04,-0.06,0.00,26.712144,84.305088,50.5,2049,2049,2049,2049,2048,2048
62494,IDLE,-0.11,0.14,180.07,-0.33,0.38,-0.13,0.1557,0.1557,0.1557,0.1557,-0.04,-0.07,0.00,26.712144,84.305088,50.5,2079,2079,2079,2079,2048,2048
62518,IDLE,-0.11,0.14,180.07,-0.24,0.35,-0.14,0.1723,0.1723,0.1723,0.1723,-0.04,-0.08,0.00,26.712144,84.305088,50.5,2082,2082,2082,2082,2048,2048
62540,IDLE,-0.12,0.15,180.06,-0.53,0.40,-0.11,0.1418,0.1418,0.1418,0.1418,-0.04,-0.08,0.00,26.712144,84.305088,50.5,2076,2076,2076,2076,2048,2048
62565,IDLE,-0.13,0.15,180.06,-0.41,0.34,-0.04,0.0545,0.0545,0.0545,0.0545,-0.04,-0.07,0.00,26.712144,84.305088,50.5,2059,2059,2059,2059,2048,2048
62584,IDLE,-0.13,0.15,180.07,-0.07,0.18,0.11,-0.1351,-0.1351,-0.1351,-0.1351,-0.04,-0.06,0.00,26.712144,84.305088,50.5,2021,2021,2021,2021,2048,2048
62612,IDLE,-0.12,0.15,180.07,0.11,0.18,0.17,-0.2152,-0.2152,-0.2152,-0.2152,-0.04,-0.05,0.00,26.712144,84.305088,50.5,2005,2005,2005,2005,2048,2048
62633,IDLE,-0.11,0.15,180.07,0.17,0.16,0.15,-0.1877,-0.1877,-0.1877,-0.1877,-0.05,-0.06,0.00,26.712144,84.305088,50.5,2010,2010,2010,2010,2048,2048
62657,IDLE,-0.11,0.15,180.07,0.05,0.21,0.15,-0.1931,-0.1931,-0.1931,-0.1931,-0.05,-0.07,0.00,26.712144,84.305088,50.5,2009,2009,2009,2009,2048,2048
62679,IDLE,-0.11,0.15,180.08,0.09,0.04,0.12,-0.1548,-0.1548,-0.1548,-0.1548,-0.05,-0.07,0.00,26.712144,84.305088,50.5,2017,2017,2017,2017,2048,2048
62705,IDLE,-0.11,0.15,180.08,-0.05,0.16,0.08,-0.0982,-0.0982,-0.0982,-0.0982,-0.05,-0.06,0.00,26.712144,84.305088,50.5,2028,2028,2028,2028,2048,2048
62724,IDLE,-0.10,0.15,180.08,-0.04,0.21,0.05,-0.0696,-0.0696,-0.0696,-0.0696,-0.05,-0.06,0.00,26.712144,84.305088,50.5,2034,2034,2034,2034,2048,2048
62752,IDLE,-0.10,0.15,180.08,0.08,0.18,0.02,-0.0303,-0.0303,-0.0303,-0.0303,-0.05,-0.06,0.00,26.712144,84.305088,50.5,2042,2042,2042,2042,2048,2048
62773,IDLE,-0.10,0.15,180.07,-0.13,0.23,-0.18,0.2180,0.2180,0.2180,0.2180,-0.05,-0.06,0.00,26.712144,84.305088,50.5,2092,2092,2092,2092,2048,2048
62797,IDLE,-0.10,0.15,180.07,-0.14,0.13,-0.04,0.0527,0.0527,0.0527,0.0527,-0.05,-0.05,0.00,26.712144,84.305088,50.5,2059,2059,2059,2059,2048,2048
62820,IDLE,-0.11,0.15,180.07,-0.40,0.13,-0.02,0.0347,0.0347,0.0347,0.0347,-0.05,-0.04,0.00,26.712144,84.305088,50.5,2055,2055,2055,2055,2048,2048
62846,IDLE,-0.11,0.15,180.07,-0.10,0.05,-0.10,0.1204,0.1204,0.1204,0.1204,-0.05,-0.02,0.00,26.712144,84.305088,50.5,2072,2072,2072,2072,2048,2048
62865,IDLE,-0.10,0.14,180.06,0.02,0.07,-0.23,0.2735,0.2735,0.2735,0.2735,-0.05,-0.01,0.00,26.712144,84.305088,50.5,2103,2103,2103,2103,2048,2048
62888,IDLE,-0.10,0.14,180.06,-0.02,0.16,-0.10,0.1149,0.1149,0.1149,0.1149,-0.05,0.00,0.00,26.712144,84.305088,50.5,2071,2071,2071,2071,2048,2048
62910,IDLE,-0.11,0.14,180.06,-0.37,0.06,-0.00,0.0132,0.0132,0.0132,0.0132,-0.05,0.00,0.00,26.712144,84.305088,50.5,2051,2051,2051,2051,2048,2048
62936,IDLE,-0.11,0.14,180.06,-0.19,0.03,0.02,-0.0199,-0.0199,-0.0199,-0.0199,-0.05,0.00,0.00,26.712144,84.305088,50.5,2044,2044,2044,2044,2048,2048
62954,IDLE,-0.12,0.14,180.06,-0.50,0.00,0.15,-0.1669,-0.1669,-0.1669,-0.1669,-0.05,0.01,0.00,26.712144,84.305088,50.5,2015,2015,2015,2015,2048,2048
62982,IDLE,-0.12,0.14,180.08,-0.42,0.09,0.57,-0.6928,-0.6928,-0.6928,-0.6928,-0.05,0.01,0.00,26.712144,84.305088,50.5,1909,1909,1909,1909,2048,2048
63003,IDLE,-0.13,0.14,180.09,-0.74,0.06,0.54,-0.6417,-0.6417,-0.6417,-0.6417,-0.05,-0.00,0.00,26.712144,84.305088,50.5,1920,1920,1920,1920,2048,2048
63027,IDLE,-0.14,0.14,180.10,-0.30,0.22,0.43,-0.5214,-0.5214,-0.5214,-0.5214,-0.05,-0.01,0.00,26.712144,84.305088,50.5,1944,1944,1944,1944,2048,2048
63049,IDLE,-0.14,0.14,180.11,-0.40,0.09,0.37,-0.4433,-0.4433,-0.4433,-0.4433,-0.05,-0.02,0.00,26.712144,84.305088,50.5,1959,1959,1959,1959,2048,2048
63075,IDLE,-0.15,0.14,180.11,-0.33,0.11,0.25,-0.3029,-0.3029,-0.3029,-0.3029,-0.05,-0.02,0.00,26.712144,84.305088,50.5,1987,1987,1987,1987,2048,2048
63103,IDLE,-0.15,0.14,180.13,-0.21,0.15,0.51,-0.6240,-0.6240,-0.6240,-0.6240,-0.05,-0.02,0.00,26.712144,84.305088,50.5,1923,1923,1923,1923,2048,2048
63127,IDLE,-0.15,0.14,180.13,-0.24,-0.02,0.27,-0.3179,-0.3179,-0.3179,-0.3179,-0.05,-0.02,0.00,26.712144,84.305088,50.5,1984,1984,1984,1984,2048,2048
63149,IDLE,-0.15,0.14,180.14,-0.30,0.18,0.26,-0.3165,-0.3165,-0.3165,-0.3165,-0.05,-0.03,0.00,26.712144,84.305088,50.5,1985,1985,1985,1985,2048,2048
63174,IDLE,-0.16,0.14,180.14,-0.48,0.20,0.07,-0.0744,-0.0744,-0.0744,-0.0744,-0.05,-0.03,0.00,26.712144,84.305088,50.5,2033,2033,2033,2033,2048,2048
63193,IDLE,-0.16,0.15,180.14,-0.30,0.26,0.20,-0.2372,-0.2372,-0.2372,-0.2372,-0.06,-0.04,0.00,26.712144,84.305088,50.5,2001,2001,2001,2001,2048,2048
63219,IDLE,-0.17,0.15,180.14,-0.60,0.18,0.17,-0.1945,-0.1945,-0.1945,-0.1945,-0.06,-0.04,0.00,26.712144,84.305088,50.5,2009,2009,2009,2009,2048,2048
63240,IDLE,-0.17,0.15,180.14,-0.49,0.12,0.02,-0.0164,-0.0164,-0.0164,-0.0164,-0.06,-0.05,0.00,26.712144,84.305088,50.5,2045,2045,2045,2045,2048,2048
63263,IDLE,-0.18,0.14,180.14,-0.41,0.05,-0.03,0.0462,0.0462,0.0462,0.0462,-0.06,-0.06,0.00,26.712144,84.305088,50.5,2057,2057,2057,2057,2048,2048
63285,IDLE,-0.19,0.14,180.14,-0.53,0.09,0.11,-0.1215,-0.1215,-0.1215,-0.1215,-0.06,-0.06,0.00,26.712144,84.305088,50.5,2024,2024,2024,2024,2048,2048
63310,IDLE,-0.19,0.14,180.14,-0.50,0.11,-0.01,0.0246,0.0246,0.0246,0.0246,-0.06,-0.05,0.00,26.712144,84.305088,50.5,2053,2053,2053,2053,2048,2048
63328,IDLE,-0.19,0.14,180.14,-0.49,0.15,-0.03,0.0430,0.0430,0.0430,0.0430,-0.06,-0.05,0.00,26.712144,84.305088,50.5,2057,2057,2057,2057,2048,2048
63355,IDLE,-0.19,0.14,180.14,-0.22,0.20,0.01,-0.0140,-0.0140,-0.0140,-0.0140,-0.06,-0.04,0.00,26.712144,84.305088,50.5,2045,2045,2045,2045,2048,2048
63376,IDLE,-0.20,0.14,180.14,-0.33,0.17,-0.08,0.0978,0.0978,0.0978,0.0978,-0.06,-0.04,0.00,26.712144,84.305088,50.5,2068,2068,2068,2068,2048,2048
63399,IDLE,-0.19,0.14,180.14,-0.17,0.08,0.00,-0.0018,-0.0018,-0.0018,-0.0018,-0.06,-0.04,0.00,26.712144,84.305088,50.5,2048,2048,2048,2048,2048,2048
63422,IDLE,-0.20,0.14,180.14,-0.31,0.04,-0.02,0.0254,0.0254,0.0254,0.0254,-0.07,-0.05,0.00,26.712144,84.305088,50.5,2053,2053,2053,2053,2048,2048
63448,IDLE,-0.20,0.14,180.13,-0.29,0.20,-0.01,0.0169,0.0169,0.0169,0.0169,-0.07,-0.05,0.00,26.712144,84.305088,50.5,2051,2051,2051,2051,2048,2048
63467,IDLE,-0.20,0.14,180.13,-0.41,0.33,-0.06,0.0756,0.0756,0.0756,0.0756,-0.07,-0.06,0.00,26.712144,84.305088,50.5,2063,2063,2063,2063,2048,2048
63494,IDLE,-0.20,0.15,180.13,-0.34,0.39,-0.08,0.0957,0.0957,0.0957,0.0957,-0.07,-0.06,0.00,26.712144,84.305088,50.5,2067,2067,2067,2067,2048,2048
63516,IDLE,-0.20,0.15,180.13,-0.07,0.20,0.03,-0.0434,-0.0434,-0.0434,-0.0434,-0.07,-0.07,0.00,26.712144,84.305088,50.5,2039,2039,2039,2039,2048,2048
63540,IDLE,-0.20,0.15,180.13,-0.17,0.23,0.01,-0.0141,-0.0141,-0.0141,-0.0141,-0.07,-0.06,0.00,26.712144,84.305088,50.5,2045,2045,2045,2045,2048,2048
63564,IDLE,-0.20,0.15,180.13,-0.31,0.19,0.06,-0.0653,-0.0653,-0.0653,-0.0653,-0.07,-0.06,0.00,26.712144,84.305088,50.5,2035,2035,2035,2035,2048,2048
63590,IDLE,-0.20,0.15,180.13,-0.32,0.17,0.01,-0.0138,-0.0138,-0.0138,-0.0138,-0.08,-0.06,0.00,26.712144,84.305088,50.5,2045,2045,2045,2045,2048,2048
63609,IDLE,-0.20,0.15,180.13,-0.33,0.15,-0.06,0.0784,0.0784,0.0784,0.0784,-0.08,-0.05,0.00,26.712144,84.305088,50.5,2064,2064,2064,2064,2048,2048
63637,IDLE,-0.20,0.15,180.12,-0.37,0.22,-0.05,0.0621,0.0621,0.0621,0.0621,-0.08,-0.04,0.00,26.712144,84.305088,50.5,2060,2060,2060,2060,2048,2048
63659,IDLE,-0.20,0.15,180.12,-0.15,0.15,-0.04,0.0482,0.0482,0.0482,0.0482,-0.08,-0.04,0.00,26.712144,84.305088,50.5,2058,2058,2058,2058,2048,2048
63684,IDLE,-0.20,0.15,180.12,-0.28,0.06,0.08,-0.0890,-0.0890,-0.0890,-0.0890,-0.08,-0.04,0.00,26.712144,84.305088,50.5,2030,2030,2030,2030,2048,2048
63707,IDLE,-0.20,0.14,180.12,-0.23,-0.10,0.06,-0.0670,-0.0670,-0.0670,-0.0670,-0.08,-0.04,0.00,26.712144,84.305088,50.5,2035,2035,2035,2035,2048,2048
63734,IDLE,-0.20,0.13,180.12,-0.07,-0.29,0.04,-0.0448,-0.0448,-0.0448,-0.0448,-0.08,-0.05,0.00,26.712144,84.305088,50.5,2039,2039,2039,2039,2048,2048
63754,IDLE,-0.20,0.12,180.12,-0.18,-0.17,-0.11,0.1428,0.1428,0.1428,0.1428,-0.08,-0.05,0.00,26.712144,84.305088,50.5,2077,2077,2077,2077,2048,2048
63782,IDLE,-0.20,0.11,180.12,-0.13,-0.20,-0.08,0.0988,0.0988,0.0988,0.0988,-0.08,-0.05,0.00,26.712144,84.305088,50.5,2068,2068,2068,2068,2048,2048
63808,IDLE,-0.19,0.10,180.12,-0.08,-0.20,0.05,-0.0531,-0.0531,-0.0531,-0.0531,-0.08,-0.05,0.00,26.712144,84.305088,50.5,2037,2037,2037,2037,2048,2048
63828,IDLE,-0.19,0.09,180.12,-0.16,-0.23,-0.02,0.0279,0.0279,0.0279,0.0279,-0.08,-0.04,0.00,26.712144,84.305088,50.5,2054,2054,2054,2054,2048,2048
63857,IDLE,-0.19,0.09,180.12,-0.30,-0.16,0.07,-0.0767,-0.0767,-0.0767,-0.0767,-0.08,-0.03,0.00,26.712144,84.305088,50.5,2033,2033,2033,2033,2048,2048
63883,IDLE,-0.20,0.09,180.12,-0.41,-0.01,0.06,-0.0610,-0.0610,-0.0610,-0.0610,-0.08,-0.02,0.00,26.712144,84.305088,50.5,2036,2036,2036,2036,2048,2048
63903,IDLE,-0.21,0.09,180.12,-0.54,0.09,0.05,-0.0441,-0.0441,-0.0441,-0.0441,-0.08,-0.02,0.00,26.712144,84.305088,50.5,2039,2039,2039,2039,2048,2048
63931,IDLE,-0.21,0.08,180.12,-0.37,0.05,0.00,0.0069,0.0069,0.0069,0.0069,-0.08,-0.01,0.00,26.712144,84.305088,50.5,2049,2049,2049,2049,2048,2048
63957,IDLE,-0.21,0.09,180.12,-0.18,0.09,0.06,-0.0709,-0.0709,-0.0709,-0.0709,-0.08,-0.01,0.00,26.712144,84.305088,50.5,2034,2034,2034,2034,2048,2048
63977,IDLE,-0.21,0.09,180.12,-0.34,0.09,-0.02,0.0323,0.0323,0.0323,0.0323,-0.08,0.00,0.00,26.712144,84.305088,50.5,2054,2054,2054,2054,2048,2048
64000,IDLE,-0.21,0.09,180.12,-0.42,0.13,-0.08,0.1102,0.1102,0.1102,0.1102,-0.08,0.01,0.00,26.712144,84.305088,50.5,2070,2070,2070,2070,2048,2048
64022,IDLE,-0.22,0.09,180.11,-0.54,0.19,-0.14,0.1759,0.1759,0.1759,0.1759,-0.08,0.02,0.00,26.712144,84.305088,50.5,2083,2083,2083,2083,2048,2048
64047,IDLE,-0.22,0.09,180.11,-0.44,0.25,-0.17,0.2152,0.2152,0.2152,0.2152,-0.08,0.02,0.00,26.712144,84.305088,50.5,2091,2091,2091,2091,2048,2048
64066,IDLE,-0.23,0.09,180.10,-0.38,0.09,-0.22,0.2803,0.2803,0.2803,0.2803,-0.08,0.01,0.00,26.712144,84.305088,50.5,2104,2104,2104,2104,2048,2048
64093,IDLE,-0.23,0.09,180.10,-0.32,0.04,-0.23,0.2835,0.2835,0.2835,0.2835,-0.08,0.00,0.00,26.712144,84.305088,50.5,2105,2105,2105,2105,2048,2048
64115,IDLE,-0.24,0.09,180.09,-0.47,0.14,-0.11,0.1419,0.1419,0.1419,0.1419,-0.08,-0.01,0.00,26.712144,84.305088,50.5,2076,2076,2076,2076,2048,2048
64139,IDLE,-0.24,0.09,180.09,-0.29,-0.06,0.06,-0.0626,-0.0626,-0.0626,-0.0626,-0.08,-0.01,0.00,26.712144,84.305088,50.5,2035,2035,2035,2035,2048,2048
64163,IDLE,-0.23,0.09,180.09,-0.14,-0.03,0.06,-0.0688,-0.0688,-0.0688,-0.0688,-0.08,0.00,0.00,26.712144,84.305088,50.5,2034,2034,2034,2034,2048,2048
64189,IDLE,-0.23,0.08,180.09,-0.14,-0.25,0.00,0.0048,0.0048,0.0048,0.0048,-0.08,0.01,0.00,26.712144,84.305088,50.5,2049,2049,2049,2049,2048,2048
64209,IDLE,-0.23,0.07,180.09,-0.21,-0.18,0.01,-0.0077,-0.0077,-0.0077,-0.0077,-0.08,0.01,0.00,26.712144,84.305088,50.5,2046,2046,2046,2046,2048,2048
64237,IDLE,-0.23,0.07,180.09,-0.24,-0.11,0.14,-0.1583,-0.1583,-0.1583,-0.1583,-0.08,0.01,0.00,26.712144,84.305088,50.5,2016,2016,2016,2016,2048,2048
64264,IDLE,-0.23,0.06,180.10,-0.30,-0.12,0.11,-0.1252,-0.1252,-0.1252,-0.1252,-0.08,0.01,0.00,26.712144,84.305088,50.5,2023,2023,2023,2023,2048,2048
64283,IDLE,-0.23,0.06,180.10,-0.38,-0.10,0.07,-0.0774,-0.0774,-0.0774,-0.0774,-0.08,0.01,0.00,26.712144,84.305088,50.5,2033,2033,2033,2033,2048,2048
64321,IDLE,-0.24,0.06,180.10,-0.35,0.05,0.09,-0.1005,-0.1005,-0.1005,-0.1005,-0.08,0.03,0.00,26.712144,84.305088,50.5,2028,2028,2028,2028,2048,2048
64349,IDLE,-0.24,0.06,180.10,-0.42,0.16,0.06,-0.0628,-0.0628,-0.0628,-0.0628,-0.08,0.02,0.00,26.712144,84.305088,50.5,2035,2035,2035,2035,2048,2048
64375,IDLE,-0.25,0.07,180.10,-0.56,0.20,0.03,-0.0301,-0.0301,-0.0301,-0.0301,-0.08,0.02,0.00,26.712144,84.305088,50.5,2042,2042,2042,2042,2048,2048
64395,IDLE,-0.25,0.07,180.10,-0.41,0.15,0.03,-0.0262,-0.0262,-0.0262,-0.0262,-0.08,0.02,0.00,26.712144,84.305088,50.5,2043,2043,2043,2043,2048,2048
64423,IDLE,-0.25,0.07,180.10,-0.15,0.02,-0.08,0.0974,0.0974,0.0974,0.0974,-0.07,0.04,0.00,26.712144,84.305088,50.5,2067,2067,2067,2067,2048,2048
64450,IDLE,-0.25,0.07,180.10,-0.19,0.08,-0.11,0.1336,0.1336,0.1336,0.1336,-0.07,0.04,0.00,26.712144,84.305088,50.5,2075,2075,2075,2075,2048,2048
64470,IDLE,-0.25,0.07,180.09,-0.21,0.07,-0.06,0.0826,0.0826,0.0826,0.0826,-0.07,0.04,0.00,26.712144,84.305088,50.5,2065,2065,2065,2065,2048,2048
64494,IDLE,-0.24,0.07,180.09,-0.15,0.17,-0.09,0.1099,0.1099,0.1099,0.1099,-0.07,0.04,0.00,26.712144,84.305088,50.5,2070,2070,2070,2070,2048,2048
64516,IDLE,-0.24,0.08,180.09,-0.03,0.30,0.03,-0.0376,-0.0376,-0.0376,-0.0376,-0.07,0.03,0.00,26.712144,84.305088,50.5,2040,2040,2040,2040,2048,2048
64542,IDLE,-0.23,0.08,180.09,-0.13,0.29,0.09,-0.1104,-0.1104,-0.1104,-0.1104,-0.07,0.02,0.00,26.712144,84.305088,50.5,2026,2026,2026,2026,2048,2048
64561,IDLE,-0.23,0.09,180.09,-0.13,0.33,0.03,-0.0434,-0.0434,-0.0434,-0.0434,-0.07,0.01,0.00,26.712144,84.305088,50.5,2039,2039,2039,2039,2048,2048
64589,IDLE,-0.23,0.09,180.09,-0.07,0.21,0.14,-0.1697,-0.1697,-0.1697,-0.1697,-0.07,0.01,0.00,26.712144,84.305088,50.5,2014,2014,2014,2014,2048,2048
64610,IDLE,-0.23,0.10,180.10,-0.36,0.24,0.10,-0.1227,-0.1227,-0.1227,-0.1227,-0.07,-0.00,0.00,26.712144,84.305088,50.5,2023,2023,2023,2023,2048,2048
64634,IDLE,-0.23,0.10,180.10,-0.36,0.12,-0.01,0.0225,0.0225,0.0225,0.0225,-0.07,-0.01,0.00,26.712144,84.305088,50.5,2053,2053,2053,2053,2048,2048
64657,IDLE,-0.23,0.10,180.10,-0.24,0.11,0.06,-0.0711,-0.0711,-0.0711,-0.0711,-0.07,0.00,0.00,26.712144,84.305088,50.5,2034,2034,2034,2034,2048,2048
64683,IDLE,-0.23,0.09,180.10,-0.17,0.07,-0.03,0.0398,0.0398,0.0398,0.0398,-0.07,0.01,0.00,26.712144,84.305088,50.5,2056,2056,2056,2056,2048,2048
64702,IDLE,-0.23,0.09,180.10,-0.24,0.01,0.03,-0.0320,-0.0320,-0.0320,-0.0320,-0.07,0.01,0.00,26.712144,84.305088,50.5,2042,2042,2042,2042,2048,2048
64730,IDLE,-0.23,0.09,180.10,-0.43,0.20,0.16,-0.1858,-0.1858,-0.1858,-0.1858,-0.07,0.03,0.00,26.712144,84.305088,50.5,2011,2011,2011,2011,2048,2048
64757,IDLE,-0.23,0.10,180.10,-0.39,0.17,-0.03,0.0472,0.0472,0.0472,0.0472,-0.07,0.03,0.00,26.712144,84.305088,50.5,2057,2057,2057,2057,2048,2048
64777,IDLE,-0.24,0.10,180.10,-0.32,0.04,-0.02,0.0293,0.0293,0.0293,0.0293,-0.07,0.02,0.00,26.712144,84.305088,50.5,2054,2054,2054,2054,2048,2048
64800,IDLE,-0.24,0.09,180.10,-0.41,-0.04,0.16,-0.1874,-0.1874,-0.1874,-0.1874,-0.07,0.02,0.00,26.712144,84.305088,50.5,2011,2011,2011,2011,2048,2048
64822,IDLE,-0.24,0.09,180.10,-0.27,-0.07,0.09,-0.1013,-0.1013,-0.1013,-0.1013,-0.07,0.02,0.00,26.712144,84.305088,50.5,2028,2028,2028,2028,2048,2048
64847,IDLE,-0.24,0.09,180.10,-0.50,0.13,0.06,-0.0614,-0.0614,-0.0614,-0.0614,-0.07,0.01,0.00,26.712144,84.305088,50.5,2036,2036,2036,2036,2048,2048
64865,IDLE,-0.24,0.09,180.10,-0.31,0.10,-0.03,0.0368,0.0368,0.0368,0.0368,-0.07,0.01,0.00,26.712144,84.305088,50.5,2055,2055,2055,2055,2048,2048
64892,IDLE,-0.25,0.09,180.09,-0.41,0.05,-0.22,0.2822,0.2822,0.2822,0.2822,-0.07,0.01,0.00,26.712144,84.305088,50.5,2104,2104,2104,2104,2048,2048
64913,IDLE,-0.25,0.09,180.09,-0.33,0.07,-0.10,0.1315,0.1315,0.1315,0.1315,-0.07,-0.01,0.00,26.712144,84.305088,50.5,2074,2074,2074,2074,2048,2048
64937,IDLE,-0.25,0.09,180.09,-0.38,0.15,-0.16,0.1971,0.1971,0.1971,0.1971,-0.07,-0.02,0.00,26.712144,84.305088,50.5,2087,2087,2087,2087,2048,2048
64959,IDLE,-0.25,0.09,180.08,-0.34,-0.04,-0.08,0.1032,0.1032,0.1032,0.1032,-0.07,-0.03,0.00,26.712144,84.305088,50.5,2069,2069,2069,2069,2048,2048
64985,IDLE,-0.25,0.09,180.09,-0.39,0.06,0.11,-0.1291,-0.1291,-0.1291,-0.1291,-0.07,-0.03,0.00,26.712144,84.305088,50.5,2022,2022,2022,2022,2048,2048
65005,IDLE,-0.25,0.09,180.09,-0.15,0.14,0.08,-0.0921,-0.0921,-0.0921,-0.0921,-0.07,-0.01,0.00,26.712144,84.305088,50.5,2030,2030,2030,2030,2048,2048
65033,IDLE,-0.25,0.09,180.09,-0.28,0.21,0.09,-0.1062,-0.1062,-0.1062,-0.1062,-0.07,0.00,0.00,26.712144,84.305088,50.5,2027,2027,2027,2027,2048,2048
65054,IDLE,-0.25,0.10,180.09,-0.37,0.24,0.25,-0.2956,-0.2956,-0.2956,-0.2956,-0.07,0.00,0.00,26.712144,84.305088,50.5,1989,1989,1989,1989,2048,2048
65089,IDLE,-0.25,0.10,180.10,-0.32,0.17,0.13,-0.1584,-0.1584,-0.1584,-0.1584,-0.07,0.01,0.00,26.712144,84.305088,50.5,2016,2016,2016,2016,2048,2048
65113,IDLE,-0.24,0.09,180.10,-0.18,0.11,0.02,-0.0193,-0.0193,-0.0193,-0.0193,-0.07,0.01,0.00,26.712144,84.305088,50.5,2044,2044,2044,2044,2048,2048
65136,IDLE,-0.24,0.09,180.10,-0.21,-0.12,-0.06,0.0807,0.0807,0.0807,0.0807,-0.07,0.01,0.00,26.712144,84.305088,50.5,2064,2064,2064,2064,2048,2048
65163,IDLE,-0.24,0.08,180.09,0.05,-0.13,-0.06,0.0706,0.0706,0.0706,0.0706,-0.07,0.00,0.00,26.712144,84.305088,50.5,2062,2062,2062,2062,2048,2048
65182,IDLE,-0.24,0.08,180.09,-0.27,-0.05,-0.32,0.3916,0.3916,0.3916,0.3916,-0.07,-0.01,0.00,26.712144,84.305088,50.5,2126,2126,2126,2126,2048,2048
65205,IDLE,-0.24,0.08,180.08,-0.30,0.06,-0.16,0.1990,0.1990,0.1990,0.1990,-0.07,-0.01,0.00,26.712144,84.305088,50.5,2088,2088,2088,2088,2048,2048
65227,IDLE,-0.24,0.08,180.08,-0.33,0.08,-0.10,0.1264,0.1264,0.1264,0.1264,-0.07,-0.03,0.00,26.712144,84.305088,50.5,2073,2073,2073,2073,2048,2048
65252,IDLE,-0.24,0.07,180.08,-0.31,-0.02,-0.09,0.1171,0.1171,0.1171,0.1171,-0.08,-0.04,0.00,26.712144,84.305088,50.5,2071,2071,2071,2071,2048,2048
65271,IDLE,-0.23,0.07,180.07,-0.13,0.02,-0.13,0.1574,0.1574,0.1574,0.1574,-0.08,-0.04,0.00,26.712144,84.305088,50.5,2079,2079,2079,2079,2048,2048
65298,IDLE,-0.23,0.08,180.07,-0.30,0.25,-0.08,0.0979,0.0979,0.0979,0.0979,-0.08,-0.04,0.00,26.712144,84.305088,50.5,2068,2068,2068,2068,2048,2048
65319,IDLE,-0.23,0.08,180.07,0.07,0.26,-0.05,0.0568,0.0568,0.0568,0.0568,-0.08,-0.03,0.00,26.712144,84.305088,50.5,2059,2059,2059,2059,2048,2048
65343,IDLE,-0.22,0.08,180.07,0.10,0.26,0.11,-0.1454,-0.1454,-0.1454,-0.1454,-0.08,-0.03,0.00,26.712144,84.305088,50.5,2019,2019,2019,2019,2048,2048
65366,IDLE,-0.21,0.09,180.08,0.13,0.24,0.17,-0.2117,-0.2117,-0.2117,-0.2117,-0.08,-0.03,0.00,26.712144,84.305088,50.5,2006,2006,2006,2006,2048,2048
65392,IDLE,-0.20,0.09,180.08,0.18,0.10,0.06,-0.0815,-0.0815,-0.0815,-0.0815,-0.08,-0.03,0.00,26.712144,84.305088,50.5,2032,2032,2032,2032,2048,2048
65411,IDLE,-0.19,0.09,180.08,0.28,0.08,0.08,-0.1084,-0.1084,-0.1084,-0.1084,-0.08,-0.03,0.00,26.712144,84.305088,50.5,2026,2026,2026,2026,2048,2048
65440,IDLE,-0.18,0.09,180.08,0.31,0.10,0.07,-0.0967,-0.0967,-0.0967,-0.0967,-0.08,-0.03,0.00,26.712144,84.305088,50.5,2029,2029,2029,2029,2048,2048
65461,IDLE,-0.17,0.08,180.08,0.19,0.02,-0.02,0.0158,0.0158,0.0158,0.0158,-0.08,-0.04,0.00,26.712144,84.305088,50.5,2051,2051,2051,2051,2048,2048
65486,IDLE,-0.16,0.08,180.08,0.03,0.11,0.05,-0.0590,-0.0590,-0.0590,-0.0590,-0.08,-0.04,0.00,26.712144,84.305088,50.5,2036,2036,2036,2036,2048,2048
65509,IDLE,-0.16,0.08,180.08,-0.09,0.05,-0.02,0.0230,0.0230,0.0230,0.0230,-0.08,-0.03,0.00,26.712144,84.305088,50.5,2053,2053,2053,2053,2048,2048
65536,IDLE,-0.16,0.08,180.08,-0.12,0.08,0.00,-0.0034,-0.0034,-0.0034,-0.0034,-0.08,-0.02,0.00,26.712144,84.305088,50.5,2047,2047,2047,2047,2048,2048
65556,IDLE,-0.16,0.09,180.08,-0.16,0.21,0.14,-0.1659,-0.1659,-0.1659,-0.1659,-0.08,-0.03,0.00,26.712144,84.305088,50.5,2015,2015,2015,2015,2048,2048
65584,IDLE,-0.16,0.08,180.08,-0.06,0.06,0.13,-0.1635,-0.1635,-0.1635,-0.1635,-0.08,-0.03,0.00,26.712144,84.305088,50.5,2015,2015,2015,2015,2048,2048
65611,IDLE,-0.16,0.08,180.08,-0.18,0.06,0.08,-0.0997,-0.0997,-0.0997,-0.0997,-0.09,-0.04,0.00,26.712144,84.305088,50.5,2028,2028,2028,2028,2048,2048
65631,IDLE,-0.16,0.08,180.09,-0.21,0.01,0.07,-0.0819,-0.0819,-0.0819,-0.0819,-0.09,-0.04,0.00,26.712144,84.305088,50.5,2032,2032,2032,2032,2048,2048
65659,IDLE,-0.16,0.08,180.08,-0.20,0.20,-0.00,0.0048,0.0048,0.0048,0.0048,-0.09,-0.02,0.00,26.712144,84.305088,50.5,2049,2049,2049,2049,2048,2048
65686,IDLE,-0.16,0.09,180.08,-0.19,0.21,-0.01,0.0082,0.0082,0.0082,0.0082,-0.08,-0.00,0.00,26.712144,84.305088,50.5,2050,2050,2050,2050,2048,2048
65706,IDLE,-0.16,0.09,180.08,-0.14,0.19,-0.02,0.0194,0.0194,0.0194,0.0194,-0.08,0.00,0.00,26.712144,84.305088,50.5,2052,2052,2052,2052,2048,2048
65729,IDLE,-0.16,0.09,180.08,-0.02,0.10,-0.09,0.1052,0.1052,0.1052,0.1052,-0.08,0.00,0.00,26.712144,84.305088,50.5,2069,2069,2069,2069,2048,2048
65752,IDLE,-0.15,0.09,180.08,-0.08,0.13,0.01,-0.0119,-0.0119,-0.0119,-0.0119,-0.08,0.00,0.00,26.712144,84.305088,50.5,2046,2046,2046,2046,2048,2048
65777,IDLE,-0.15,0.09,180.08,-0.06,0.12,-0.06,0.0748,0.0748,0.0748,0.0748,-0.08,-0.00,0.00,26.712144,84.305088,50.5,2063,2063,2063,2063,2048,2048
65796,IDLE,-0.15,0.09,180.08,-0.16,0.22,-0.02,0.0262,0.0262,0.0262,0.0262,-0.08,-0.01,0.00,26.712144,84.305088,50.5,2053,2053,2053,2053,2048,2048
65824,IDLE,-0.15,0.10,180.08,-0.19,0.15,-0.01,0.0125,0.0125,0.0125,0.0125,-0.08,-0.01,0.00,26.712144,84.305088,50.5,2050,2050,2050,2050,2048,2048
65845,IDLE,-0.14,0.10,180.08,0.04,0.08,0.02,-0.0219,-0.0219,-0.0219,-0.0219,-0.08,0.01,0.00,26.712144,84.305088,50.5,2044,2044,2044,2044,2048,2048
65870,IDLE,-0.14,0.10,180.08,-0.14,0.11,0.00,-0.0039,-0.0039,-0.0039,-0.0039,-0.08,0.02,0.00,26.712144,84.305088,50.5,2047,2047,2047,2047,2048,2048
65893,IDLE,-0.14,0.10,180.08,-0.05,0.08,-0.01,0.0121,0.0121,0.0121,0.0121,-0.08,0.03,0.00,26.712144,84.305088,50.5,2050,2050,2050,2050,2048,2048
65919,IDLE,-0.13,0.09,180.08,0.08,0.02,0.17,-0.2140,-0.2140,-0.2140,-0.2140,-0.08,0.04,0.00,26.712144,84.305088,50.5,2005,2005,2005,2005,2048,2048
65939,IDLE,-0.13,0.09,180.08,-0.09,0.18,0.18,-0.2226,-0.2226,-0.2226,-0.2226,-0.08,0.05,0.00,26.712144,84.305088,50.5,2003,2003,2003,2003,2048,2048
65963,IDLE,-0.12,0.09,180.08,0.11,0.09,0.12,-0.1557,-0.1557,-0.1557,-0.1557,-0.08,0.06,0.00,26.712144,84.305088,50.5,2017,2017,2017,2017,2048,2048
65984,IDLE,-0.11,0.09,180.09,0.22,0.02,0.16,-0.1995,-0.1995,-0.1995,-0.1995,-0.07,0.05,0.00,26.712144,84.305088,50.5,2008,2008,2008,2008,2048,2048
66010,IDLE,-0.11,0.09,180.09,0.21,-0.06,0.08,-0.1038,-0.1038,-0.1038,-0.1038,-0.07,0.04,0.00,26.712144,84.305088,50.5,2027,2027,2027,2027,2048,2048
66028,IDLE,-0.10,0.08,180.09,0.28,-0.06,0.01,-0.0182,-0.0182,-0.0182,-0.0182,-0.07,0.03,0.00,26.712144,84.305088,50.5,2044,2044,2044,2044,2048,2048
66055,IDLE,-0.09,0.08,180.09,0.12,0.07,0.09,-0.1080,-0.1080,-0.1080,-0.1080,-0.07,0.03,0.00,26.712144,84.305088,50.5,2026,2026,2026,2026,2048,2048
66075,IDLE,-0.09,0.08,180.09,0.02,0.06,-0.10,0.1223,0.1223,0.1223,0.1223,-0.07,0.03,0.00,26.712144,84.305088,50.5,2072,2072,2072,2072,2048,2048
66099,IDLE,-0.09,0.08,180.09,-0.07,0.19,-0.01,0.0066,0.0066,0.0066,0.0066,-0.07,0.03,0.00,26.712144,84.305088,50.5,2049,2049,2049,2049,2048,2048
66122,IDLE,-0.09,0.08,180.08,-0.11,0.10,-0.09,0.1071,0.1071,0.1071,0.1071,-0.07,0.04,0.00,26.712144,84.305088,50.5,2069,2069,2069,2069,2048,2048
66148,IDLE,-0.09,0.08,180.08,-0.17,0.08,-0.03,0.0356,0.0356,0.0356,0.0356,-0.07,0.05,0.00,26.712144,84.305088,50.5,2055,2055,2055,2055,2048,2048
66167,IDLE,-0.09,0.08,180.08,-0.15,0.13,-0.12,0.1484,0.1484,0.1484,0.1484,-0.07,0.05,0.00,26.712144,84.305088,50.5,2078,2078,2078,2078,2048,2048
66191,IDLE,-0.09,0.08,180.07,-0.19,0.10,-0.18,0.2231,0.2231,0.2231,0.2231,-0.07,0.04,0.00,26.712144,84.305088,50.5,2093,2093,2093,2093,2048,2048
66213,IDLE,-0.09,0.08,180.07,-0.18,-0.02,-0.23,0.2865,0.2865,0.2865,0.2865,-0.07,0.05,0.00,26.712144,84.305088,50.5,2105,2105,2105,2105,2048,2048
66238,IDLE,-0.09,0.08,180.06,-0.21,0.02,-0.18,0.2288,0.2288,0.2288,0.2288,-0.07,0.05,0.00,26.712144,84.305088,50.5,2094,2094,2094,2094,2048,2048
66257,IDLE,-0.10,0.08,180.06,-0.17,-0.06,-0.10,0.1293,0.1293,0.1293,0.1293,-0.07,0.05,0.00,26.712144,84.305088,50.5,2074,2074,2074,2074,2048,2048
66293,IDLE,-0.10,0.07,180.06,-0.30,-0.06,-0.03,0.0466,0.0466,0.0466,0.0466,-0.06,0.07,0.00,26.712144,84.305088,50.5,2057,2057,2057,2057,2048,2048
66321,IDLE,-0.11,0.07,180.06,-0.20,-0.19,0.05,-0.0490,-0.0490,-0.0490,-0.0490,-0.06,0.07,0.00,26.712144,84.305088,50.5,2038,2038,2038,2038,2048,2048
66342,IDLE,-0.11,0.06,180.06,-0.16,-0.19,-0.07,0.0911,0.0911,0.0911,0.0911,-0.06,0.08,0.00,26.712144,84.305088,50.5,2066,2066,2066,2066,2048,2048
66367,IDLE,-0.11,0.06,180.06,-0.15,-0.05,-0.06,0.0791,0.0791,0.0791,0.0791,-0.06,0.07,0.00,26.712144,84.305088,50.5,2064,2064,2064,2064,2048,2048
66390,IDLE,-0.11,0.06,180.05,-0.22,0.05,-0.10,0.1220,0.1220,0.1220,0.1220,-0.06,0.06,0.00,26.712144,84.305088,50.5,2072,2072,2072,2072,2048,2048
66417,IDLE,-0.11,0.06,180.06,-0.11,0.11,0.09,-0.1121,-0.1121,-0.1121,-0.1121,-0.06,0.05,0.00,26.712144,84.305088,50.5,2026,2026,2026,2026,2048,2048
66437,IDLE,-0.11,0.06,180.06,-0.29,0.05,0.02,-0.0233,-0.0233,-0.0233,-0.0233,-0.06,0.03,0.00,26.712144,84.305088,50.5,2043,2043,2043,2043,2048,2048
66460,IDLE,-0.11,0.06,180.06,-0.07,0.16,0.20,-0.2460,-0.2460,-0.2460,-0.2460,-0.06,0.02,0.00,26.712144,84.305088,50.5,1999,1999,1999,1999,2048,2048
66482,IDLE,-0.11,0.06,180.06,-0.28,0.19,0.15,-0.1763,-0.1763,-0.1763,-0.1763,-0.06,0.02,0.00,26.712144,84.305088,50.5,2013,2013,2013,2013,2048,2048
66508,IDLE,-0.11,0.07,180.06,-0.12,0.16,-0.02,0.0217,0.0217,0.0217,0.0217,-0.06,0.03,0.00,26.712144,84.305088,50.7,2052,2052,2052,2052,2048,2048
66526,IDLE,-0.12,0.07,180.06,-0.17,0.26,0.01,-0.0145,-0.0145,-0.0145,-0.0145,-0.06,0.02,0.00,26.712144,84.305088,50.7,2045,2045,2045,2045,2048,2048
66553,IDLE,-0.11,0.07,180.06,-0.07,0.16,-0.08,0.0934,0.0934,0.0934,0.0934,-0.06,0.02,0.00,26.712144,84.305088,50.7,2067,2067,2067,2067,2048,2048
66574,IDLE,-0.10,0.07,180.06,0.16,0.20,0.03,-0.0489,-0.0489,-0.0489,-0.0489,-0.06,0.00,0.00,26.712144,84.305088,50.7,2038,2038,2038,2038,2048,2048
66598,IDLE,-0.10,0.08,180.06,0.06,0.21,-0.01,0.0106,0.0106,0.0106,0.0106,-0.06,-0.01,0.00,26.712144,84.305088,50.7,2050,2050,2050,2050,2048,2048
66621,IDLE,-0.10,0.08,180.06,-0.10,0.27,-0.07,0.0801,0.0801,0.0801,0.0801,-0.06,-0.00,0.00,26.712144,84.305088,50.7,2064,2064,2064,2064,2048,2048
66647,IDLE,-0.10,0.09,180.05,-0.12,0.31,-0.20,0.2405,0.2405,0.2405,0.2405,-0.06,-0.00,0.00,26.712144,84.305088,50.7,2096,2096,2096,2096,2048,2048
66667,IDLE,-0.10,0.09,180.05,-0.20,0.32,-0.20,0.2456,0.2456,0.2456,0.2456,-0.06,0.00,0.00,26.712144,84.305088,50.7,2097,2097,2097,2097,2048,2048
66690,IDLE,-0.10,0.09,180.04,0.01,0.06,-0.19,0.2363,0.2363,0.2363,0.2363,-0.06,0.01,0.00,26.712144,84.305088,50.7,2095,2095,2095,2095,2048,2048
66712,IDLE,-0.10,0.10,180.04,-0.20,0.34,-0.19,0.2288,0.2288,0.2288,0.2288,-0.06,0.00,0.00,26.712144,84.305088,50.7,2094,2094,2094,2094,2048,2048
66737,IDLE,-0.10,0.10,180.03,-0.03,0.20,-0.21,0.2542,0.2542,0.2542,0.2542,-0.06,-0.00,0.00,26.712144,84.305088,50.7,2099,2099,2099,2099,2048,2048
66756,IDLE,-0.09,0.10,180.03,-0.03,0.11,-0.27,0.3249,0.3249,0.3249,0.3249,-0.06,-0.02,0.00,26.712144,84.305088,50.7,2113,2113,2113,2113,2048,2048
66784,IDLE,-0.09,0.10,180.02,0.03,0.22,-0.32,0.3857,0.3857,0.3857,0.3857,-0.06,-0.02,0.00,26.712144,84.305088,50.7,2125,2125,2125,2125,2048,2048
66805,IDLE,-0.09,0.10,180.01,-0.05,0.04,-0.31,0.3736,0.3736,0.3736,0.3736,-0.06,-0.03,0.00,26.712144,84.305088,50.7,2123,2123,2123,2123,2048,2048
66830,IDLE,-0.08,0.09,180.00,0.01,-0.03,-0.58,0.7111,0.7111,0.7111,0.7111,-0.06,-0.03,0.00,26.712144,84.305088,50.7,2190,2190,2190,2190,2048,2048
66848,IDLE,-0.07,0.09,179.99,0.20,-0.09,-0.34,0.4063,0.4063,0.4063,0.4063,-0.06,-0.02,0.00,26.712144,84.305088,50.7,2129,2129,2129,2129,2048,2048
66874,IDLE,-0.07,0.09,179.99,-0.24,0.03,-0.12,0.1550,0.1550,0.1550,0.1550,-0.06,-0.02,0.00,26.712144,84.305088,50.7,2079,2079,2079,2079,2048,2048
66895,IDLE,-0.07,0.10,179.99,-0.24,0.31,0.11,-0.1285,-0.1285,-0.1285,-0.1285,-0.06,-0.02,0.00,26.712144,84.305088,50.7,2022,2022,2022,2022,2048,2048
66918,IDLE,-0.08,0.10,179.99,-0.47,0.30,-0.16,0.2015,0.2015,0.2015,0.2015,-0.06,-0.02,0.00,26.712144,84.305088,50.7,2088,2088,2088,2088,2048,2048
66940,IDLE,-0.08,0.11,179.99,-0.17,0.28,-0.07,0.0859,0.0859,0.0859,0.0859,-0.06,-0.01,0.00,26.712144,84.305088,50.7,2065,2065,2065,2065,2048,2048
66966,IDLE,-0.08,0.11,179.99,-0.44,0.16,-0.10,0.1346,0.1346,0.1346,0.1346,-0.06,-0.01,0.00,26.712144,84.305088,50.7,2075,2075,2075,2075,2048,2048
66985,IDLE,-0.09,0.11,179.98,-0.45,0.34,-0.02,0.0272,0.0272,0.0272,0.0272,-0.06,-0.02,0.00,26.712144,84.305088,50.7,2053,2053,2053,2053,2048,2048
67013,IDLE,-0.09,0.11,179.98,-0.02,0.21,-0.16,0.1951,0.1951,0.1951,0.1951,-0.07,-0.03,0.00,26.712144,84.305088,50.7,2087,2087,2087,2087,2048,2048
67034,IDLE,-0.09,0.11,179.98,-0.26,0.14,-0.22,0.2677,0.2677,0.2677,0.2677,-0.07,-0.02,0.00,26.712144,84.305088,50.7,2102,2102,2102,2102,2048,2048
67058,IDLE,-0.09,0.11,179.98,-0.06,0.09,0.05,-0.0554,-0.0554,-0.0554,-0.0554,-0.07,-0.02,0.00,26.712144,84.305088,50.7,2037,2037,2037,2037,2048,2048
67081,IDLE,-0.09,0.12,179.97,-0.26,0.20,-0.09,0.1174,0.1174,0.1174,0.1174,-0.07,-0.01,0.00,26.712144,84.305088,50.7,2071,2071,2071,2071,2048,2048
67116,IDLE,-0.10,0.12,179.97,-0.30,0.16,-0.20,0.2462,0.2462,0.2462,0.2462,-0.07,-0.02,0.00,26.712144,84.305088,50.7,2097,2097,2097,2097,2048,2048
67142,IDLE,-0.11,0.12,179.96,-0.29,0.16,-0.17,0.2077,0.2077,0.2077,0.2077,-0.07,-0.03,0.00,26.712144,84.305088,50.7,2090,2090,2090,2090,2048,2048
67162,IDLE,-0.11,0.12,179.96,-0.22,0.17,-0.22,0.2707,0.2707,0.2707,0.2707,-0.07,-0.02,0.00,26.712144,84.305088,50.7,2102,2102,2102,2102,2048,2048
67186,IDLE,-0.11,0.12,179.96,-0.20,0.07,-0.19,0.2346,0.2346,0.2346,0.2346,-0.07,-0.02,0.00,26.712144,84.305088,50.7,2095,2095,2095,2095,2048,2048
67208,IDLE,-0.11,0.11,179.96,-0.15,-0.04,-0.02,0.0327,0.0327,0.0327,0.0327,-0.07,-0.02,0.00,26.712144,84.305088,50.7,2055,2055,2055,2055,2048,2048
67233,IDLE,-0.11,0.10,179.96,0.00,-0.19,-0.02,0.0245,0.0245,0.0245,0.0245,-0.07,-0.01,0.00,26.712144,84.305088,50.7,2053,2053,2053,2053,2048,2048
67252,IDLE,-0.11,0.10,179.96,-0.16,-0.08,0.05,-0.0512,-0.0512,-0.0512,-0.0512,-0.07,0.00,0.00,26.712144,84.305088,50.7,2038,2038,2038,2038,2048,2048
67280,IDLE,-0.10,0.09,179.96,0.05,-0.11,0.12,-0.1498,-0.1498,-0.1498,-0.1498,-0.07,0.01,0.00,26.712144,84.305088,50.7,2018,2018,2018,2018,2048,2048
67301,IDLE,-0.10,0.09,179.96,0.01,-0.21,0.04,-0.0413,-0.0413,-0.0413,-0.0413,-0.07,-0.00,0.00,26.712144,84.305088,50.7,2040,2040,2040,2040,2048,2048
67325,IDLE,-0.10,0.08,179.96,-0.04,-0.19,0.04,-0.0390,-0.0390,-0.0390,-0.0390,-0.07,-0.01,0.00,26.712144,84.305088,50.7,2040,2040,2040,2040,2048,2048
67348,IDLE,-0.10,0.07,179.97,-0.10,-0.10,0.12,-0.1482,-0.1482,-0.1482,-0.1482,-0.07,-0.01,0.00,26.712144,84.305088,50.7,2018,2018,2018,2018,2048,2048
67373,IDLE,-0.10,0.07,179.97,0.02,-0.02,0.05,-0.0611,-0.0611,-0.0611,-0.0611,-0.07,-0.00,0.00,26.712144,84.305088,50.7,2036,2036,2036,2036,2048,2048
67392,IDLE,-0.09,0.07,179.97,0.02,0.11,0.00,-0.0053,-0.0053,-0.0053,-0.0053,-0.07,-0.02,0.00,26.712144,84.305088,50.7,2047,2047,2047,2047,2048,2048
67419,IDLE,-0.09,0.08,179.97,-0.03,0.20,0.06,-0.0810,-0.0810,-0.0810,-0.0810,-0.07,-0.02,0.00,26.712144,84.305088,50.7,2032,2032,2032,2032,2048,2048
67440,IDLE,-0.09,0.08,179.97,0.01,0.07,-0.17,0.2081,0.2081,0.2081,0.2081,-0.07,-0.03,0.00,26.712144,84.305088,50.7,2090,2090,2090,2090,2048,2048
67464,IDLE,-0.08,0.07,179.96,0.20,0.03,-0.14,0.1698,0.1698,0.1698,0.1698,-0.07,-0.03,0.00,26.712144,84.305088,50.7,2082,2082,2082,2082,2048,2048
67486,IDLE,-0.08,0.07,179.96,0.13,0.06,-0.24,0.2890,0.2890,0.2890,0.2890,-0.07,-0.02,0.00,26.712144,84.305088,50.7,2106,2106,2106,2106,2048,2048
67512,IDLE,-0.08,0.07,179.95,0.04,-0.04,-0.21,0.2534,0.2534,0.2534,0.2534,-0.07,-0.01,0.00,26.712144,84.305088,50.7,2099,2099,2099,2099,2048,2048
67532,IDLE,-0.07,0.07,179.95,0.02,0.04,-0.05,0.0572,0.0572,0.0572,0.0572,-0.07,-0.00,0.00,26.712144,84.305088,50.7,2059,2059,2059,2059,2048,2048
67555,IDLE,-0.07,0.07,179.95,0.05,0.08,-0.05,0.0604,0.0604,0.0604,0.0604,-0.07,-0.00,0.00,26.712144,84.305088,50.7,2060,2060,2060,2060,2048,2048
67577,IDLE,-0.07,0.07,179.95,0.01,0.20,-0.05,0.0597,0.0597,0.0597,0.0597,-0.07,-0.01,0.00,26.712144,84.305088,50.7,2060,2060,2060,2060,2048,2048
67602,IDLE,-0.07,0.07,179.95,0.04,0.06,-0.10,0.1246,0.1246,0.1246,0.1246,-0.07,-0.01,0.00,26.712144,84.305088,50.7,2073,2073,2073,2073,2048,2048
67621,IDLE,-0.06,0.07,179.95,0.18,-0.01,-0.10,0.1135,0.1135,0.1135,0.1135,-0.07,-0.02,0.00,26.712144,84.305088,50.7,2071,2071,2071,2071,2048,2048
67648,IDLE,-0.06,0.06,179.94,0.04,-0.04,-0.14,0.1694,0.1694,0.1694,0.1694,-0.07,-0.02,0.00,26.712144,84.305088,50.7,2082,2082,2082,2082,2048,2048
67669,IDLE,-0.06,0.06,179.94,0.01,-0.02,-0.13,0.1579,0.1579,0.1579,0.1579,-0.07,-0.01,0.00,26.712144,84.305088,50.7,2080,2080,2080,2080,2048,2048
67694,IDLE,-0.06,0.06,179.94,-0.23,0.03,-0.21,0.2632,0.2632,0.2632,0.2632,-0.07,-0.00,0.00,26.712144,84.305088,50.7,2101,2101,2101,2101,2048,2048
67717,IDLE,-0.07,0.06,179.94,-0.21,0.04,0.00,0.0039,0.0039,0.0039,0.0039,-0.07,0.01,0.00,26.712144,84.305088,50.7,2049,2049,2049,2049,2048,2048
67744,IDLE,-0.08,0.07,179.94,-0.57,0.13,-0.07,0.0951,0.0951,0.0951,0.0951,-0.07,0.03,0.00,26.712144,84.305088,50.7,2067,2067,2067,2067,2048,2048
67764,IDLE,-0.09,0.07,179.93,-0.45,0.06,-0.27,0.3340,0.3340,0.3340,0.3340,-0.07,0.03,0.00,26.712144,84.305088,50.7,2115,2115,2115,2115,2048,2048
67788,IDLE,-0.10,0.07,179.93,-0.56,0.26,-0.04,0.0610,0.0610,0.0610,0.0610,-0.07,0.04,0.00,26.712144,84.305088,50.7,2060,2060,2060,2060,2048,2048
67810,IDLE,-0.11,0.08,179.92,-0.70,0.24,-0.21,0.2723,0.2723,0.2723,0.2723,-0.06,0.05,0.00,26.712144,84.305088,50.7,2102,2102,2102,2102,2048,2048
67836,IDLE,-0.12,0.09,179.93,-0.64,0.34,0.25,-0.2907,-0.2907,-0.2907,-0.2907,-0.06,0.05,0.00,26.712144,84.305088,50.7,1990,1990,1990,1990,2048,2048
67856,IDLE,-0.13,0.10,179.93,-0.64,0.32,-0.09,0.1161,0.1161,0.1161,0.1161,-0.06,0.06,0.00,26.712144,84.305088,50.7,2071,2071,2071,2071,2048,2048
67884,IDLE,-0.13,0.10,179.93,0.24,0.17,0.14,-0.1744,-0.1744,-0.1744,-0.1744,-0.06,0.06,0.00,26.712144,84.305088,50.7,2013,2013,2013,2013,2048,2048
67911,IDLE,-0.13,0.10,179.93,-0.03,0.08,-0.15,0.1804,0.1804,0.1804,0.1804,-0.06,0.06,0.00,26.712144,84.305088,50.7,2084,2084,2084,2084,2048,2048
67931,IDLE,-0.13,0.09,179.93,-0.10,-0.08,0.10,-0.1211,-0.1211,-0.1211,-0.1211,-0.06,0.05,0.00,26.712144,84.305088,50.7,2024,2024,2024,2024,2048,2048
67954,IDLE,-0.13,0.09,179.93,-0.18,-0.20,-0.04,0.0519,0.0519,0.0519,0.0519,-0.06,0.04,0.00,26.712144,84.305088,50.7,2058,2058,2058,2058,2048,2048
67976,IDLE,-0.13,0.08,179.93,-0.09,-0.30,-0.15,0.1929,0.1929,0.1929,0.1929,-0.06,0.02,0.00,26.712144,84.305088,50.7,2087,2087,2087,2087,2048,2048
68001,IDLE,-0.12,0.07,179.93,0.09,-0.18,0.15,-0.1855,-0.1855,-0.1855,-0.1855,-0.06,0.01,0.00,26.712144,84.305088,50.7,2011,2011,2011,2011,2048,2048
68020,IDLE,-0.13,0.07,179.93,-0.40,-0.10,0.05,-0.0448,-0.0448,-0.0448,-0.0448,-0.06,0.00,0.00,26.712144,84.305088,50.7,2039,2039,2039,2039,2048,2048
68047,IDLE,-0.13,0.06,179.93,-0.02,-0.16,0.05,-0.0609,-0.0609,-0.0609,-0.0609,-0.06,-0.01,0.00,26.712144,84.305088,50.7,2036,2036,2036,2036,2048,2048
68068,IDLE,-0.12,0.06,179.93,0.13,-0.14,-0.03,0.0418,0.0418,0.0418,0.0418,-0.06,-0.01,0.00,26.712144,84.305088,50.7,2056,2056,2056,2056,2048,2048
68092,IDLE,-0.12,0.06,179.94,-0.33,-0.21,0.14,-0.1620,-0.1620,-0.1620,-0.1620,-0.06,-0.02,0.00,26.712144,84.305088,50.7,2016,2016,2016,2016,2048,2048
68114,IDLE,-0.12,0.05,179.94,-0.14,-0.06,0.20,-0.2432,-0.2432,-0.2432,-0.2432,-0.06,-0.01,0.00,26.712144,84.305088,50.7,1999,1999,1999,1999,2048,2048
68139,IDLE,-0.12,0.05,179.94,-0.16,-0.11,-0.05,0.0678,0.0678,0.0678,0.0678,-0.06,0.00,0.00,26.712144,84.305088,50.7,2062,2062,2062,2062,2048,2048
68158,IDLE,-0.12,0.04,179.94,-0.07,-0.08,0.06,-0.0650,-0.0650,-0.0650,-0.0650,-0.06,0.01,0.00,26.712144,84.305088,50.7,2035,2035,2035,2035,2048,2048
68185,IDLE,-0.12,0.03,179.94,0.01,-0.34,-0.17,0.2177,0.2177,0.2177,0.2177,-0.06,0.02,0.00,26.712144,84.305088,50.7,2092,2092,2092,2092,2048,2048
68206,IDLE,-0.12,0.02,179.93,-0.28,-0.39,-0.30,0.3805,0.3805,0.3805,0.3805,-0.06,0.02,0.00,26.712144,84.305088,50.7,2124,2124,2124,2124,2048,2048
68229,IDLE,-0.12,0.02,179.93,-0.19,-0.40,-0.42,0.5207,0.5207,0.5207,0.5207,-0.06,0.02,0.00,26.712144,84.305088,50.7,2152,2152,2152,2152,2048,2048
68252,IDLE,-0.12,0.01,179.92,-0.21,-0.22,-0.33,0.4142,0.4142,0.4142,0.4142,-0.06,0.01,0.00,26.712144,84.305088,50.7,2131,2131,2131,2131,2048,2048
68278,IDLE,-0.12,0.01,179.91,-0.12,-0.05,-0.27,0.3292,0.3292,0.3292,0.3292,-0.06,0.00,0.00,26.712144,84.305088,50.7,2114,2114,2114,2114,2048,2048
68307,IDLE,-0.12,0.01,179.90,-0.07,0.10,-0.26,0.3152,0.3152,0.3152,0.3152,-0.06,0.01,0.00,26.712144,84.305088,50.7,2111,2111,2111,2111,2048,2048
68332,IDLE,-0.12,0.01,179.90,-0.39,-0.02,-0.27,0.3400,0.3400,0.3400,0.3400,-0.06,0.02,0.00,26.712144,84.305088,50.7,2116,2116,2116,2116,2048,2048
68350,IDLE,-0.12,0.01,179.90,-0.20,-0.15,-0.10,0.1241,0.1241,0.1241,0.1241,-0.06,0.02,0.00,26.712144,84.305088,50.7,2073,2073,2073,2073,2048,2048
68377,IDLE,-0.13,0.01,179.89,-0.40,-0.04,-0.18,0.2266,0.2266,0.2266,0.2266,-0.06,0.02,0.00,26.712144,84.305088,50.7,2093,2093,2093,2093,2048,2048
68397,IDLE,-0.14,0.01,179.89,-0.80,0.08,-0.25,0.3164,0.3164,0.3164,0.3164,-0.06,0.02,0.00,26.712144,84.305088,50.7,2111,2111,2111,2111,2048,2048
68421,IDLE,-0.14,0.02,179.89,-0.16,0.25,-0.04,0.0524,0.0524,0.0524,0.0524,-0.06,0.01,0.00,26.712144,84.305088,50.7,2058,2058,2058,2058,2048,2048
68444,IDLE,-0.16,0.02,179.90,-0.80,0.24,0.22,-0.2548,-0.2548,-0.2548,-0.2548,-0.06,0.00,0.00,26.712144,84.305088,50.7,1997,1997,1997,1997,2048,2048
68470,IDLE,-0.17,0.03,179.90,-0.57,0.42,0.27,-0.3272,-0.3272,-0.3272,-0.3272,-0.06,-0.00,0.00,26.712144,84.305088,50.7,1983,1983,1983,1983,2048,2048
68489,IDLE,-0.18,0.04,179.91,-0.57,0.29,0.37,-0.4418,-0.4418,-0.4418,-0.4418,-0.06,-0.01,0.00,26.712144,84.305089,50.7,1960,1960,1960,1960,2048,2048
68517,IDLE,-0.20,0.04,179.91,-0.69,0.24,-0.06,0.0788,0.0788,0.0788,0.0788,-0.06,-0.01,0.00,26.712144,84.305089,50.7,2064,2064,2064,2064,2048,2048
68538,IDLE,-0.18,0.05,179.92,0.44,0.32,0.22,-0.2793,-0.2793,-0.2793,-0.2793,-0.06,-0.01,0.00,26.712144,84.305089,50.7,1992,1992,1992,1992,2048,2048
68563,IDLE,-0.18,0.06,179.92,-0.43,0.16,-0.15,0.1932,0.1932,0.1932,0.1932,-0.06,-0.00,0.00,26.712144,84.305089,50.7,2087,2087,2087,2087,2048,2048
68586,IDLE,-0.18,0.06,179.92,-0.01,0.03,-0.03,0.0369,0.0369,0.0369,0.0369,-0.06,-0.01,0.00,26.712144,84.305089,50.7,2055,2055,2055,2055,2048,2048
68612,IDLE,-0.18,0.05,179.91,-0.30,-0.13,-0.11,0.1442,0.1442,0.1442,0.1442,-0.06,-0.01,0.00,26.712144,84.305089,50.7,2077,2077,2077,2077,2048,2048
68632,IDLE,-0.19,0.05,179.91,-0.50,0.02,-0.12,0.1561,0.1561,0.1561,0.1561,-0.06,-0.01,0.00,26.712144,84.305089,50.7,2079,2079,2079,2079,2048,2048
68656,IDLE,-0.19,0.05,179.91,-0.32,0.13,-0.19,0.2381,0.2381,0.2381,0.2381,-0.06,-0.01,0.00,26.712144,84.305089,50.7,2096,2096,2096,2096,2048,2048
68678,IDLE,-0.20,0.06,179.91,-0.57,0.10,-0.12,0.1603,0.1603,0.1603,0.1603,-0.06,-0.01,0.00,26.712144,84.305089,50.7,2080,2080,2080,2080,2048,2048
68703,IDLE,-0.20,0.06,179.90,-0.59,0.03,-0.31,0.3923,0.3923,0.3923,0.3923,-0.06,-0.01,0.00,26.712144,84.305089,50.7,2126,2126,2126,2126,2048,2048
68722,IDLE,-0.21,0.06,179.89,-0.55,0.13,-0.36,0.4457,0.4457,0.4457,0.4457,-0.06,-0.01,0.00,26.712144,84.305089,50.7,2137,2137,2137,2137,2048,2048
68749,IDLE,-0.22,0.06,179.88,-0.72,0.09,-0.59,0.7365,0.7365,0.7365,0.7365,-0.06,-0.00,0.00,26.712144,84.305089,50.7,2195,2195,2195,2195,2048,2048
68770,IDLE,-0.23,0.06,179.87,-0.53,0.30,-0.38,0.4659,0.4659,0.4659,0.4659,-0.06,0.01,0.00,26.712144,84.305089,50.7,2141,2141,2141,2141,2048,2048
68795,IDLE,-0.24,0.06,179.86,-0.55,0.14,-0.40,0.4975,0.4975,0.4975,0.4975,-0.06,0.01,0.00,26.712144,84.305089,50.7,2147,2147,2147,2147,2048,2048
68818,IDLE,-0.25,0.06,179.85,-0.63,0.00,-0.54,0.6792,0.6792,0.6792,0.6792,-0.06,0.01,0.00,26.712144,84.305089,50.7,2184,2184,2184,2184,2048,2048
68845,IDLE,-0.25,0.06,179.84,-0.19,-0.04,-0.30,0.3741,0.3741,0.3741,0.3741,-0.06,0.01,0.00,26.712144,84.305089,50.7,2123,2123,2123,2123,2048,2048
68865,IDLE,-0.25,0.05,179.84,-0.57,-0.08,-0.30,0.3850,0.3850,0.3850,0.3850,-0.06,0.01,0.00,26.712144,84.305089,50.7,2125,2125,2125,2125,2048,2048
68888,IDLE,-0.25,0.05,179.84,-0.39,0.12,-0.08,0.1047,0.1047,0.1047,0.1047,-0.06,0.02,0.00,26.712144,84.305089,50.7,2069,2069,2069,2069,2048,2048
68911,IDLE,-0.25,0.06,179.84,-0.02,0.35,-0.07,0.0737,0.0737,0.0737,0.0737,-0.06,0.01,0.00,26.712144,84.305089,50.7,2063,2063,2063,2063,2048,2048
68937,IDLE,-0.25,0.06,179.84,-0.40,0.23,-0.02,0.0249,0.0249,0.0249,0.0249,-0.06,0.01,0.00,26.712144,84.305089,50.7,2053,2053,2053,2053,2048,2048
68956,IDLE,-0.24,0.07,179.84,-0.05,0.23,0.09,-0.1110,-0.1110,-0.1110,-0.1110,-0.06,0.02,0.00,26.712144,84.305089,50.7,2026,2026,2026,2026,2048,2048
68984,IDLE,-0.24,0.07,179.84,-0.43,0.09,-0.06,0.0866,0.0866,0.0866,0.0866,-0.06,0.02,0.00,26.712144,84.305089,50.7,2065,2065,2065,2065,2048,2048
69011,IDLE,-0.25,0.07,179.84,-0.53,0.23,-0.10,0.1251,0.1251,0.1251,0.1251,-0.05,0.03,0.00,26.712144,84.305089,50.7,2073,2073,2073,2073,2048,2048
69031,IDLE,-0.24,0.08,179.85,0.04,0.30,0.22,-0.2746,-0.2746,-0.2746,-0.2746,-0.06,0.01,0.00,26.712144,84.305089,50.7,1993,1993,1993,1993,2048,2048
69054,IDLE,-0.24,0.08,179.85,-0.17,0.30,0.18,-0.2271,-0.2271,-0.2271,-0.2271,-0.06,0.00,0.00,26.712144,84.305089,50.7,2003,2003,2003,2003,2048,2048
69076,IDLE,-0.22,0.09,179.85,0.35,0.35,-0.06,0.0564,0.0564,0.0564,0.0564,-0.06,-0.01,0.00,26.712144,84.305089,50.7,2059,2059,2059,2059,2048,2048
69101,IDLE,-0.21,0.09,179.84,0.21,0.13,-0.30,0.3600,0.3600,0.3600,0.3600,-0.06,-0.02,0.00,26.712144,84.305089,50.7,2120,2120,2120,2120,2048,2048
69127,IDLE,-0.21,0.09,179.83,-0.07,0.13,-0.45,0.5497,0.5497,0.5497,0.5497,-0.06,-0.02,0.00,26.712144,84.305089,50.7,2158,2158,2158,2158,2048,2048
69151,IDLE,-0.20,0.09,179.83,0.06,0.17,-0.29,0.3505,0.3505,0.3505,0.3505,-0.06,-0.03,0.00,26.712144,84.305089,50.7,2118,2118,2118,2118,2048,2048
69174,IDLE,-0.21,0.09,179.82,-0.50,0.11,-0.33,0.4135,0.4135,0.4135,0.4135,-0.06,-0.02,0.00,26.712144,84.305089,50.7,2131,2131,2131,2131,2048,2048
69201,IDLE,-0.21,0.09,179.82,-0.04,0.10,0.06,-0.0754,-0.0754,-0.0754,-0.0754,-0.06,-0.02,0.00,26.712144,84.305089,50.7,2033,2033,2033,2033,2048,2048
69220,IDLE,-0.21,0.09,179.82,-0.49,0.01,-0.17,0.2170,0.2170,0.2170,0.2170,-0.06,-0.02,0.00,26.712144,84.305089,50.7,2091,2091,2091,2091,2048,2048
69249,IDLE,-0.21,0.09,179.82,-0.02,0.11,-0.13,0.1583,0.1583,0.1583,0.1583,-0.06,-0.01,0.00,26.712144,84.305089,50.7,2080,2080,2080,2080,2048,2048
69275,IDLE,-0.20,0.09,179.82,0.12,0.11,0.16,-0.2032,-0.2032,-0.2032,-0.2032,-0.06,-0.01,0.00,26.712144,84.305089,50.7,2007,2007,2007,2007,2048,2048
69295,IDLE,-0.19,0.09,179.83,0.21,0.06,0.12,-0.1489,-0.1489,-0.1489,-0.1489,-0.06,-0.03,0.00,26.712144,84.305089,50.7,2018,2018,2018,2018,2048,2048
69319,IDLE,-0.18,0.09,179.83,0.13,-0.07,-0.03,0.0307,0.0307,0.0307,0.0307,-0.06,-0.04,0.00,26.712144,84.305089,50.7,2054,2054,2054,2054,2048,2048
69341,IDLE,-0.18,0.08,179.83,-0.04,-0.19,-0.09,0.1175,0.1175,0.1175,0.1175,-0.07,-0.05,0.00,26.712144,84.305089,50.7,2072,2072,2072,2072,2048,2048
69366,IDLE,-0.18,0.08,179.82,-0.05,-0.09,-0.14,0.1687,0.1687,0.1687,0.1687,-0.07,-0.06,0.00,26.712144,84.305089,50.7,2082,2082,2082,2082,2048,2048
69385,IDLE,-0.17,0.07,179.82,0.01,-0.04,-0.10,0.1193,0.1193,0.1193,0.1193,-0.07,-0.06,0.00,26.712144,84.305089,50.7,2072,2072,2072,2072,2048,2048
69412,IDLE,-0.17,0.08,179.82,-0.11,0.27,-0.13,0.1531,0.1531,0.1531,0.1531,-0.07,-0.06,0.00,26.712144,84.305089,50.7,2079,2079,2079,2079,2048,2048
69433,IDLE,-0.17,0.08,179.82,-0.21,0.23,-0.07,0.0814,0.0814,0.0814,0.0814,-0.07,-0.05,0.00,26.712144,84.305089,50.7,2064,2064,2064,2064,2048,2048
69457,IDLE,-0.17,0.09,179.82,-0.27,0.16,0.00,-0.0027,-0.0027,-0.0027,-0.0027,-0.07,-0.05,0.00,26.712144,84.305089,50.7,2047,2047,2047,2047,2048,2048
69480,IDLE,-0.17,0.08,179.82,-0.26,-0.06,-0.03,0.0417,0.0417,0.0417,0.0417,-0.07,-0.06,0.00,26.712144,84.305089,50.7,2056,2056,2056,2056,2048,2048
69506,IDLE,-0.17,0.08,179.83,-0.23,0.10,0.06,-0.0690,-0.0690,-0.0690,-0.0690,-0.07,-0.06,0.00,26.712144,84.305089,50.7,2034,2034,2034,2034,2048,2048
69526,IDLE,-0.18,0.08,179.83,-0.39,0.11,0.08,-0.0888,-0.0888,-0.0888,-0.0888,-0.08,-0.05,0.00,26.712144,84.305089,50.7,2030,2030,2030,2030,2048,2048
69554,IDLE,-0.18,0.08,179.83,-0.47,0.14,0.12,-0.1416,-0.1416,-0.1416,-0.1416,-0.08,-0.05,0.00,26.712144,84.305089,50.7,2020,2020,2020,2020,2048,2048
69575,IDLE,-0.19,0.08,179.83,-0.50,0.06,0.01,-0.0015,-0.0015,-0.0015,-0.0015,-0.08,-0.04,0.00,26.712144,84.305089,50.7,2048,2048,2048,2048,2048,2048
69599,IDLE,-0.20,0.08,179.83,-0.55,0.05,-0.11,0.1520,0.1520,0.1520,0.1520,-0.08,-0.04,0.00,26.712144,84.305089,50.7,2078,2078,2078,2078,2048,2048
69622,IDLE,-0.21,0.08,179.83,-0.48,-0.00,0.01,0.0021,0.0021,0.0021,0.0021,-0.08,-0.05,0.00,26.712144,84.305089,50.7,2048,2048,2048,2048,2048,2048
69648,IDLE,-0.21,0.07,179.83,-0.34,-0.05,-0.05,0.0740,0.0740,0.0740,0.0740,-0.08,-0.05,0.00,26.712144,84.305089,50.7,2063,2063,2063,2063,2048,2048
69668,IDLE,-0.21,0.07,179.83,-0.20,0.10,-0.07,0.0827,0.0827,0.0827,0.0827,-0.08,-0.05,0.00,26.712144,84.305089,50.7,2065,2065,2065,2065,2048,2048
69696,IDLE,-0.21,0.07,179.83,-0.27,0.06,0.01,-0.0043,-0.0043,-0.0043,-0.0043,-0.08,-0.05,0.00,26.712144,84.305089,50.7,2047,2047,2047,2047,2048,2048
69723,IDLE,-0.21,0.07,179.84,-0.42,-0.04,0.11,-0.1244,-0.1244,-0.1244,-0.1244,-0.08,-0.05,0.00,26.712144,84.305089,50.7,2023,2023,2023,2023,2048,2048
69743,IDLE,-0.21,0.07,179.84,-0.35,0.15,0.08,-0.0866,-0.0866,-0.0866,-0.0866,-0.08,-0.05,0.00,26.712144,84.305089,50.7,2031,2031,2031,2031,2048,2048
69771,IDLE,-0.22,0.07,179.85,-0.33,0.22,0.13,-0.1581,-0.1581,-0.1581,-0.1581,-0.09,-0.06,0.00,26.712144,84.305089,50.7,2016,2016,2016,2016,2048,2048
69798,IDLE,-0.22,0.07,179.85,-0.41,0.27,0.19,-0.2222,-0.2222,-0.2222,-0.2222,-0.09,-0.07,0.00,26.712144,84.305089,50.7,2004,2004,2004,2004,2048,2048
69817,IDLE,-0.23,0.08,179.86,-0.43,0.32,0.21,-0.2508,-0.2508,-0.2508,-0.2508,-0.09,-0.08,0.00,26.712144,84.305089,50.7,1998,1998,1998,1998,2048,2048
69846,IDLE,-0.23,0.08,179.86,-0.49,0.26,0.15,-0.1783,-0.1783,-0.1783,-0.1783,-0.09,-0.08,0.00,26.712144,84.305089,50.7,2012,2012,2012,2012,2048,2048
69872,IDLE,-0.23,0.09,179.87,-0.43,0.20,0.10,-0.1169,-0.1169,-0.1169,-0.1169,-0.09,-0.08,0.00,26.712144,84.305089,50.7,2025,2025,2025,2025,2048,2048
69891,IDLE,-0.24,0.09,179.87,-0.60,0.26,0.17,-0.2017,-0.2017,-0.2017,-0.2017,-0.09,-0.07,0.00,26.712144,84.305089,50.7,2008,2008,2008,2008,2048,2048
69919,IDLE,-0.24,0.09,179.87,-0.30,0.13,0.10,-0.1153,-0.1153,-0.1153,-0.1153,-0.10,-0.07,0.00,26.712144,84.305089,50.7,2025,2025,2025,2025,2048,2048
69940,IDLE,-0.24,0.09,179.87,-0.22,0.07,-0.08,0.0994,0.0994,0.0994,0.0994,-0.10,-0.07,0.00,26.712144,84.305089,50.7,2068,2068,2068,2068,2048,2048
69965,IDLE,-0.24,0.09,179.88,-0.06,-0.12,0.08,-0.0947,-0.0947,-0.0947,-0.0947,-0.10,-0.06,0.00,26.712144,84.305089,50.7,2029,2029,2029,2029,2048,2048
69988,IDLE,-0.23,0.08,179.88,-0.09,-0.07,0.07,-0.0771,-0.0771,-0.0771,-0.0771,-0.10,-0.05,0.00,26.712144,84.305089,50.7,2033,2033,2033,2033,2048,2048
70014,IDLE,-0.23,0.08,179.88,-0.01,-0.18,0.16,-0.1940,-0.1940,-0.1940,-0.1940,-0.10,-0.04,0.00,26.712144,84.305089,50.7,2009,2009,2009,2009,2048,2048
70033,IDLE,-0.22,0.07,179.88,0.05,-0.13,0.04,-0.0483,-0.0483,-0.0483,-0.0483,-0.10,-0.02,0.00,26.712144,84.305089,50.7,2038,2038,2038,2038,2048,2048
70061,IDLE,-0.21,0.06,179.89,0.13,-0.25,0.05,-0.0610,-0.0610,-0.0610,-0.0610,-0.10,-0.01,0.00,26.712144,84.305089,50.7,2036,2036,2036,2036,2048,2048
70081,IDLE,-0.20,0.06,179.89,0.00,-0.22,0.05,-0.0570,-0.0570,-0.0570,-0.0570,-0.10,-0.00,0.00,26.712144,84.305089,50.7,2037,2037,2037,2037,2048,2048
70105,IDLE,-0.20,0.05,179.89,0.07,-0.30,0.09,-0.1035,-0.1035,-0.1035,-0.1035,-0.09,0.00,0.00,26.712144,84.305089,50.7,2027,2027,2027,2027,2048,2048
70128,IDLE,-0.19,0.04,179.89,0.15,-0.31,0.09,-0.1125,-0.1125,-0.1125,-0.1125,-0.09,0.01,0.00,26.712144,84.305089,50.7,2025,2025,2025,2025,2048,2048
70153,IDLE,-0.18,0.03,179.90,0.15,-0.15,0.10,-0.1239,-0.1239,-0.1239,-0.1239,-0.09,0.01,0.00,26.712144,84.305089,50.7,2023,2023,2023,2023,2048,2048
70172,IDLE,-0.17,0.03,179.90,0.23,-0.15,0.26,-0.3143,-0.3143,-0.3143,-0.3143,-0.09,-0.00,0.00,26.712144,84.305089,50.7,1985,1985,1985,1985,2048,2048
70200,IDLE,-0.17,0.03,179.91,0.06,0.05,0.16,-0.2029,-0.2029,-0.2029,-0.2029,-0.10,-0.01,0.00,26.712144,84.305089,50.7,2007,2007,2007,2007,2048,2048
70221,IDLE,-0.16,0.03,179.91,0.12,-0.04,0.19,-0.2389,-0.2389,-0.2389,-0.2389,-0.10,-0.03,0.00,26.712144,84.305089,50.7,2000,2000,2000,2000,2048,2048
70245,IDLE,-0.15,0.03,179.92,0.12,-0.14,0.08,-0.0963,-0.0963,-0.0963,-0.0963,-0.10,-0.05,0.00,26.712144,84.305089,50.7,2029,2029,2029,2029,2048,2048
70267,IDLE,-0.14,0.03,179.92,0.11,-0.08,0.20,-0.2408,-0.2408,-0.2408,-0.2408,-0.10,-0.05,0.00,26.712144,84.305089,50.7,2000,2000,2000,2000,2048,2048
70293,IDLE,-0.14,0.03,179.93,0.09,-0.05,0.19,-0.2362,-0.2362,-0.2362,-0.2362,-0.10,-0.06,0.00,26.712144,84.305089,50.7,2001,2001,2001,2001,2048,2048
70311,IDLE,-0.13,0.03,179.93,0.12,0.01,0.18,-0.2285,-0.2285,-0.2285,-0.2285,-0.11,-0.06,0.00,26.712144,84.305089,50.7,2002,2002,2002,2002,2048,2048
70346,IDLE,-0.13,0.03,179.94,-0.13,0.09,0.23,-0.2853,-0.2853,-0.2853,-0.2853,-0.11,-0.06,0.00,26.712144,84.305089,50.7,1991,1991,1991,1991,2048,2048
70373,IDLE,-0.13,0.03,179.95,0.04,-0.10,0.28,-0.3463,-0.3463,-0.3463,-0.3463,-0.11,-0.06,0.00,26.712144,84.305089,50.7,1979,1979,1979,1979,2048,2048
70394,IDLE,-0.12,0.03,179.95,-0.08,0.03,0.25,-0.3050,-0.3050,-0.3050,-0.3050,-0.11,-0.05,0.00,26.712144,84.305089,50.7,1987,1987,1987,1987,2048,2048
70417,IDLE,-0.12,0.03,179.96,-0.06,0.07,0.45,-0.5443,-0.5443,-0.5443,-0.5443,-0.11,-0.05,0.00,26.712144,84.305089,50.7,1939,1939,1939,1939,2048,2048
70439,IDLE,-0.12,0.03,179.97,-0.15,0.09,0.29,-0.3581,-0.3581,-0.3581,-0.3581,-0.11,-0.04,0.00,26.712144,84.305089,50.7,1976,1976,1976,1976,2048,2048
70465,IDLE,-0.12,0.03,179.97,0.03,0.05,0.21,-0.2586,-0.2586,-0.2586,-0.2586,-0.11,-0.03,0.00,26.712144,84.305089,50.7,1996,1996,1996,1996,2048,2048
70483,IDLE,-0.12,0.03,179.97,-0.12,0.13,0.02,-0.0254,-0.0254,-0.0254,-0.0254,-0.11,-0.02,0.00,26.712144,84.305089,50.7,2043,2043,2043,2043,2048,2048
70510,IDLE,-0.12,0.04,179.97,-0.06,0.25,-0.06,0.0668,0.0668,0.0668,0.0668,-0.11,-0.01,0.00,26.712144,84.305089,50.7,2061,2061,2061,2061,2048,2048
70530,IDLE,-0.12,0.04,179.97,0.02,0.10,0.04,-0.0494,-0.0494,-0.0494,-0.0494,-0.11,-0.01,0.00,26.712144,84.305089,50.7,2038,2038,2038,2038,2048,2048
70554,IDLE,-0.11,0.04,179.98,0.03,0.10,0.07,-0.0925,-0.0925,-0.0925,-0.0925,-0.11,-0.01,0.00,26.712144,84.305089,50.7,2029,2029,2029,2029,2048,2048
70576,IDLE,-0.11,0.03,179.98,0.08,-0.15,0.07,-0.0849,-0.0849,-0.0849,-0.0849,-0.11,-0.01,0.00,26.712144,84.305089,50.7,2031,2031,2031,2031,2048,2048
70602,IDLE,-0.11,0.03,179.98,0.10,-0.09,0.07,-0.0830,-0.0830,-0.0830,-0.0830,-0.11,-0.01,0.00,26.712144,84.305089,50.7,2031,2031,2031,2031,2048,2048
70620,IDLE,-0.10,0.03,179.98,0.05,0.06,0.10,-0.1203,-0.1203,-0.1203,-0.1203,-0.11,-0.02,0.00,26.712144,84.305089,50.7,2024,2024,2024,2024,2048,2048
70647,IDLE,-0.10,0.03,179.98,0.05,0.01,0.06,-0.0737,-0.0737,-0.0737,-0.0737,-0.11,-0.02,0.00,26.712144,84.305089,50.7,2033,2033,2033,2033,2048,2048
70668,IDLE,-0.09,0.04,179.99,0.33,0.13,0.36,-0.4477,-0.4477,-0.4477,-0.4477,-0.11,0.00,0.00,26.712144,84.305089,50.7,1958,1958,1958,1958,2048,2048
70691,IDLE,-0.09,0.04,179.99,0.10,0.04,0.10,-0.1197,-0.1197,-0.1197,-0.1197,-0.11,0.01,0.00,26.712144,84.305089,50.7,2024,2024,2024,2024,2048,2048
70714,IDLE,-0.07,0.04,180.00,0.45,0.10,0.33,-0.4196,-0.4196,-0.4196,-0.4196,-0.11,0.02,0.00,26.712144,84.305089,50.7,1964,1964,1964,1964,2048,2048
70739,IDLE,-0.07,0.04,180.01,0.08,-0.12,0.15,-0.1847,-0.1847,-0.1847,-0.1847,-0.10,0.03,0.00,26.712144,84.305089,50.7,2011,2011,2011,2011,2048,2048
70758,IDLE,-0.06,0.03,180.01,0.31,-0.10,0.28,-0.3454,-0.3454,-0.3454,-0.3454,-0.10,0.03,0.00,26.712144,84.305089,50.7,1979,1979,1979,1979,2048,2048
70786,IDLE,-0.06,0.03,180.02,0.17,0.07,0.15,-0.1927,-0.1927,-0.1927,-0.1927,-0.10,0.04,0.00,26.712144,84.305089,50.7,2009,2009,2009,2009,2048,2048
70807,IDLE,-0.05,0.03,180.02,0.08,-0.11,0.02,-0.0266,-0.0266,-0.0266,-0.0266,-0.10,0.05,0.00,26.712144,84.305089,50.7,2043,2043,2043,2043,2048,2048
70831,IDLE,-0.05,0.03,180.02,0.02,0.07,-0.00,0.0020,0.0020,0.0020,0.0020,-0.10,0.05,0.00,26.712144,84.305089,50.7,2048,2048,2048,2048,2048,2048
70854,IDLE,-0.06,0.03,180.02,-0.33,-0.08,-0.06,0.0817,0.0817,0.0817,0.0817,-0.10,0.05,0.00,26.712144,84.305089,50.7,2064,2064,2064,2064,2048,2048
70880,IDLE,-0.06,0.02,180.01,-0.14,-0.06,-0.09,0.1083,0.1083,0.1083,0.1083,-0.10,0.04,0.00,26.712144,84.305089,50.7,2070,2070,2070,2070,2048,2048
70900,IDLE,-0.06,0.02,180.01,-0.08,0.08,0.03,-0.0342,-0.0342,-0.0342,-0.0342,-0.10,0.03,0.00,26.712144,84.305089,50.7,2041,2041,2041,2041,2048,2048
70928,IDLE,-0.07,0.02,180.02,-0.21,0.08,0.17,-0.2045,-0.2045,-0.2045,-0.2045,-0.10,0.03,0.00,26.712144,84.305089,50.7,2007,2007,2007,2007,2048,2048
70955,IDLE,-0.07,0.02,180.02,-0.27,0.07,0.05,-0.0530,-0.0530,-0.0530,-0.0530,-0.10,0.03,0.00,26.712144,84.305089,50.7,2037,2037,2037,2037,2048,2048
70975,IDLE,-0.08,0.02,180.02,-0.19,-0.03,0.08,-0.0966,-0.0966,-0.0966,-0.0966,-0.10,0.02,0.00,26.712144,84.305089,50.7,2029,2029,2029,2029,2048,2048
71003,IDLE,-0.08,0.02,180.02,-0.35,0.01,0.09,-0.1049,-0.1049,-0.1049,-0.1049,-0.10,0.01,0.00,26.712144,84.305089,50.7,2027,2027,2027,2027,2048,2048
71030,IDLE,-0.08,0.02,180.03,-0.21,0.11,0.11,-0.1338,-0.1338,-0.1338,-0.1338,-0.10,0.01,0.00,26.712144,84.305089,50.7,2021,2021,2021,2021,2048,2048
71050,IDLE,-0.08,0.02,180.03,-0.06,0.18,0.00,-0.0025,-0.0025,-0.0025,-0.0025,-0.10,-0.01,0.00,26.712144,84.305089,50.7,2047,2047,2047,2047,2048,2048
71078,IDLE,-0.08,0.03,180.03,-0.25,0.21,0.01,-0.0122,-0.0122,-0.0122,-0.0122,-0.10,0.00,0.00,26.712144,84.305089,50.7,2046,2046,2046,2046,2048,2048
71105,IDLE,-0.08,0.04,180.03,-0.08,0.28,0.07,-0.0906,-0.0906,-0.0906,-0.0906,-0.10,0.01,0.00,26.712144,84.305089,50.7,2030,2030,2030,2030,2048,2048
71132,IDLE,-0.09,0.05,180.03,-0.29,0.49,0.08,-0.1006,-0.1006,-0.1006,-0.1006,-0.10,0.02,0.00,26.712144,84.305089,50.7,2028,2028,2028,2028,2048,2048
71157,IDLE,-0.10,0.06,180.03,-0.42,0.55,0.08,-0.0926,-0.0926,-0.0926,-0.0926,-0.10,0.02,0.00,26.712144,84.305089,50.7,2029,2029,2029,2029,2048,2048
71176,IDLE,-0.10,0.07,180.03,-0.21,0.50,-0.16,0.1854,0.1854,0.1854,0.1854,-0.10,0.01,0.00,26.712144,84.305089,50.7,2085,2085,2085,2085,2048,2048
71202,IDLE,-0.11,0.08,180.02,-0.42,0.39,-0.19,0.2328,0.2328,0.2328,0.2328,-0.10,0.01,0.00,26.712144,84.305089,50.7,2095,2095,2095,2095,2048,2048
71223,IDLE,-0.11,0.08,180.02,-0.29,0.23,-0.11,0.1343,0.1343,0.1343,0.1343,-0.10,0.01,0.00,26.712144,84.305089,50.7,2075,2075,2075,2075,2048,2048
71246,IDLE,-0.11,0.09,180.02,-0.19,0.30,-0.21,0.2575,0.2575,0.2575,0.2575,-0.10,0.01,0.00,26.712144,84.305089,50.7,2099,2099,2099,2099,2048,2048
71269,IDLE,-0.11,0.09,180.02,-0.22,0.36,-0.04,0.0428,0.0428,0.0428,0.0428,-0.10,0.02,0.00,26.712144,84.305089,50.7,2057,2057,2057,2057,2048,2048
71295,IDLE,-0.12,0.10,180.02,-0.31,0.29,0.03,-0.0358,-0.0358,-0.0358,-0.0358,-0.09,0.02,0.00,26.712144,84.305089,50.7,2041,2041,2041,2041,2048,2048
71315,IDLE,-0.12,0.11,180.01,-0.46,0.45,-0.13,0.1671,0.1671,0.1671,0.1671,-0.10,0.01,0.00,26.712144,84.305089,50.7,2081,2081,2081,2081,2048,2048
71343,IDLE,-0.13,0.12,180.00,-0.40,0.51,-0.38,0.4603,0.4603,0.4603,0.4603,-0.10,0.00,0.00,26.712144,84.305089,50.7,2140,2140,2140,2140,2048,2048
71370,IDLE,-0.14,0.12,180.00,-0.40,0.40,-0.29,0.3593,0.3593,0.3593,0.3593,-0.10,-0.00,0.00,26.712144,84.305089,50.7,2120,2120,2120,2120,2048,2048
71390,IDLE,-0.14,0.13,179.99,-0.39,0.32,-0.14,0.1682,0.1682,0.1682,0.1682,-0.10,0.00,0.00,26.712144,84.305089,50.7,2082,2082,2082,2082,2048,2048
71413,IDLE,-0.15,0.13,179.99,-0.46,0.45,-0.11,0.1358,0.1358,0.1358,0.1358,-0.10,0.01,0.00,26.712144,84.305089,50.7,2075,2075,2075,2075,2048,2048
71436,IDLE,-0.15,0.15,179.99,-0.18,0.59,0.16,-0.2052,-0.2052,-0.2052,-0.2052,-0.09,0.02,0.00,26.712144,84.305089,50.7,2007,2007,2007,2007,2048,2048
71462,IDLE,-0.15,0.15,180.00,-0.26,0.40,0.04,-0.0548,-0.0548,-0.0548,-0.0548,-0.09,0.02,0.00,26.712144,84.305089,50.7,2037,2037,2037,2037,2048,2048
71481,IDLE,-0.15,0.16,180.00,-0.17,0.36,0.04,-0.0472,-0.0472,-0.0472,-0.0472,-0.09,0.04,0.00,26.712144,84.305089,50.7,2039,2039,2039,2039,2048,2048
71509,IDLE,-0.15,0.16,180.00,-0.33,0.12,0.02,-0.0142,-0.0142,-0.0142,-0.0142,-0.09,0.05,0.00,26.712144,84.305089,50.7,2045,2045,2045,2045,2048,2048
71530,IDLE,-0.16,0.16,180.00,-0.43,0.32,-0.06,0.0761,0.0761,0.0761,0.0761,-0.09,0.06,0.00,26.712144,84.305089,50.7,2063,2063,2063,2063,2048,2048
71554,IDLE,-0.16,0.16,180.00,-0.08,0.17,0.07,-0.0884,-0.0884,-0.0884,-0.0884,-0.09,0.06,0.00,26.712144,84.305089,50.7,2030,2030,2030,2030,2048,2048
71577,IDLE,-0.16,0.16,179.99,-0.22,0.17,-0.20,0.2519,0.2519,0.2519,0.2519,-0.09,0.05,0.00,26.712144,84.305089,50.7,2098,2098,2098,2098,2048,2048
71604,IDLE,-0.16,0.16,179.99,-0.19,0.28,-0.27,0.3345,0.3345,0.3345,0.3345,-0.09,0.04,0.00,26.712144,84.305089,50.7,2115,2115,2115,2115,2048,2048
71624,IDLE,-0.17,0.16,179.98,-0.44,0.28,-0.31,0.3783,0.3783,0.3783,0.3783,-0.08,0.05,0.00,26.712144,84.305089,50.7,2124,2124,2124,2124,2048,2048
71647,IDLE,-0.16,0.16,179.97,0.04,0.10,-0.27,0.3297,0.3297,0.3297,0.3297,-0.08,0.05,0.00,26.712144,84.305089,50.7,2114,2114,2114,2114,2048,2048
71669,IDLE,-0.15,0.16,179.97,0.14,0.12,-0.26,0.3065,0.3065,0.3065,0.3065,-0.08,0.05,0.00,26.712144,84.305089,50.7,2109,2109,2109,2109,2048,2048
71695,IDLE,-0.14,0.15,179.96,0.32,0.11,-0.27,0.3159,0.3159,0.3159,0.3159,-0.08,0.05,0.00,26.712144,84.305089,50.7,2111,2111,2111,2111,2048,2048
71714,IDLE,-0.14,0.15,179.96,0.26,-0.16,-0.23,0.2790,0.2790,0.2790,0.2790,-0.08,0.04,0.00,26.712144,84.305089,50.7,2104,2104,2104,2104,2048,2048
71737,IDLE,-0.12,0.14,179.95,0.45,-0.30,-0.21,0.2543,0.2543,0.2543,0.2543,-0.08,0.03,0.00,26.712144,84.305089,50.7,2099,2099,2099,2099,2048,2048
71759,IDLE,-0.11,0.13,179.94,0.24,-0.17,-0.34,0.4144,0.4144,0.4144,0.4144,-0.08,0.03,0.00,26.712144,84.305089,50.7,2131,2131,2131,2131,2048,2048
71785,IDLE,-0.11,0.13,179.94,0.04,0.10,-0.24,0.2962,0.2962,0.2962,0.2962,-0.08,0.03,0.00,26.712144,84.305089,50.7,2107,2107,2107,2107,2048,2048
71803,IDLE,-0.11,0.13,179.93,-0.17,0.27,-0.22,0.2660,0.2660,0.2660,0.2660,-0.08,0.02,0.00,26.712144,84.305089,50.7,2101,2101,2101,2101,2048,2048
71831,IDLE,-0.11,0.13,179.93,-0.11,0.17,-0.35,0.4226,0.4226,0.4226,0.4226,-0.08,0.02,0.00,26.712144,84.305089,50.7,2133,2133,2133,2133,2048,2048
71852,IDLE,-0.11,0.13,179.92,-0.29,0.09,-0.33,0.4038,0.4038,0.4038,0.4038,-0.08,0.01,0.00,26.712144,84.305089,50.7,2129,2129,2129,2129,2048,2048
71877,IDLE,-0.11,0.13,179.91,-0.32,0.07,-0.31,0.3856,0.3856,0.3856,0.3856,-0.08,0.01,0.00,26.712144,84.305089,50.7,2125,2125,2125,2125,2048,2048
71895,IDLE,-0.11,0.12,179.91,-0.12,-0.03,-0.14,0.1799,0.1799,0.1799,0.1799,-0.08,0.02,0.00,26.712144,84.305089,50.7,2084,2084,2084,2084,2048,2048
71922,IDLE,-0.11,0.12,179.91,-0.18,-0.07,-0.19,0.2369,0.2369,0.2369,0.2369,-0.08,0.02,0.00,26.712144,84.305089,50.7,2095,2095,2095,2095,2048,2048
71942,IDLE,-0.12,0.12,179.91,-0.33,0.08,-0.10,0.1329,0.1329,0.1329,0.1329,-0.08,0.03,0.00,26.712144,84.305089,50.7,2075,2075,2075,2075,2048,2048
71966,IDLE,-0.12,0.12,179.90,-0.44,0.12,-0.10,0.1282,0.1282,0.1282,0.1282,-0.08,0.04,0.00,26.712144,84.305089,50.7,2074,2074,2074,2074,2048,2048
71989,IDLE,-0.13,0.11,179.90,-0.45,-0.05,-0.31,0.3851,0.3851,0.3851,0.3851,-0.08,0.04,0.00,26.712144,84.305089,50.7,2125,2125,2125,2125,2048,2048
72015,IDLE,-0.13,0.11,179.89,-0.25,-0.08,-0.31,0.3905,0.3905,0.3905,0.3905,-0.08,0.03,0.00,26.712144,84.305089,50.7,2126,2126,2126,2126,2048,2048
72035,IDLE,-0.14,0.10,179.89,-0.36,-0.04,-0.23,0.2869,0.2869,0.2869,0.2869,-0.07,0.03,0.00,26.712144,84.305089,50.7,2105,2105,2105,2105,2048,2048
72058,IDLE,-0.14,0.10,179.89,-0.32,0.29,-0.02,0.0289,0.0289,0.0289,0.0289,-0.07,0.03,0.00,26.712144,84.305089,50.7,2054,2054,2054,2054,2048,2048
72080,IDLE,-0.14,0.11,179.89,-0.11,0.18,-0.05,0.0664,0.0664,0.0664,0.0664,-0.07,0.03,0.00,26.712144,84.305089,50.7,2061,2061,2061,2061,2048,2048
72105,IDLE,-0.14,0.11,179.88,-0.10,0.01,-0.12,0.1462,0.1462,0.1462,0.1462,-0.07,0.03,0.00,26.712144,84.305089,50.7,2077,2077,2077,2077,2048,2048
72124,IDLE,-0.13,0.10,179.88,-0.03,-0.04,-0.13,0.1620,0.1620,0.1620,0.1620,-0.07,0.03,0.00,26.712144,84.305089,50.7,2080,2080,2080,2080,2048,2048
72151,IDLE,-0.13,0.10,179.88,-0.01,0.01,-0.12,0.1414,0.1414,0.1414,0.1414,-0.07,0.03,0.00,26.712144,84.305089,50.7,2076,2076,2076,2076,2048,2048
72172,IDLE,-0.13,0.09,179.88,-0.12,-0.03,-0.18,0.2213,0.2213,0.2213,0.2213,-0.07,0.02,0.00,26.712144,84.305089,50.7,2092,2092,2092,2092,2048,2048
72197,IDLE,-0.13,0.09,179.87,-0.28,-0.08,-0.12,0.1594,0.1594,0.1594,0.1594,-0.07,0.01,0.00,26.712144,84.305089,50.7,2080,2080,2080,2080,2048,2048
72220,IDLE,-0.14,0.09,179.87,-0.16,-0.17,-0.07,0.0962,0.0962,0.0962,0.0962,-0.07,0.01,0.00,26.712144,84.305089,50.7,2067,2067,2067,2067,2048,2048
72247,IDLE,-0.14,0.08,179.87,-0.16,-0.18,-0.02,0.0288,0.0288,0.0288,0.0288,-0.07,0.01,0.00,26.712144,84.305089,50.7,2054,2054,2054,2054,2048,2048
72267,IDLE,-0.14,0.07,179.87,-0.09,-0.37,0.01,-0.0026,-0.0026,-0.0026,-0.0026,-0.07,-0.00,0.00,26.712144,84.305089,50.7,2047,2047,2047,2047,2048,2048
72290,IDLE,-0.14,0.06,179.88,-0.14,-0.38,0.06,-0.0577,-0.0577,-0.0577,-0.0577,-0.07,-0.01,0.00,26.712144,84.305089,50.7,2036,2036,2036,2036,2048,2048
72323,IDLE,-0.14,0.05,179.88,-0.29,-0.30,0.02,-0.0114,-0.0114,-0.0114,-0.0114,-0.08,-0.03,0.00,26.712144,84.305089,50.7,2046,2046,2046,2046,2048,2048
72349,IDLE,-0.15,0.04,179.88,-0.42,-0.23,-0.06,0.0880,0.0880,0.0880,0.0880,-0.08,-0.04,0.00,26.712144,84.305089,50.7,2066,2066,2066,2066,2048,2048
72369,IDLE,-0.16,0.04,179.88,-0.53,-0.07,-0.09,0.1186,0.1186,0.1186,0.1186,-0.08,-0.05,0.00,26.712144,84.305089,50.7,2072,2072,2072,2072,2048,2048
72392,IDLE,-0.17,0.04,179.88,-0.48,-0.12,-0.10,0.1308,0.1308,0.1308,0.1308,-0.08,-0.05,0.00,26.712144,84.305089,50.7,2074,2074,2074,2074,2048,2048
72414,IDLE,-0.17,0.03,179.87,-0.38,-0.20,-0.15,0.1907,0.1907,0.1907,0.1907,-0.08,-0.05,0.00,26.712144,84.305089,50.7,2086,2086,2086,2086,2048,2048
72439,IDLE,-0.18,0.03,179.87,-0.43,-0.03,-0.03,0.0438,0.0438,0.0438,0.0438,-0.08,-0.05,0.00,26.712144,84.305089,50.7,2057,2057,2057,2057,2048,2048
72458,IDLE,-0.18,0.03,179.87,-0.31,-0.02,-0.10,0.1332,0.1332,0.1332,0.1332,-0.08,-0.04,0.00,26.712144,84.305089,50.7,2075,2075,2075,2075,2048,2048
72485,IDLE,-0.18,0.03,179.87,-0.16,-0.03,-0.06,0.0789,0.0789,0.0789,0.0789,-0.08,-0.04,0.00,26.712144,84.305089,50.7,2064,2064,2064,2064,2048,2048
72506,IDLE,-0.18,0.03,179.87,-0.22,-0.06,0.05,-0.0493,-0.0493,-0.0493,-0.0493,-0.08,-0.03,0.00,26.712144,84.305089,50.7,2038,2038,2038,2038,2048,2048
72530,IDLE,-0.18,0.03,179.87,-0.30,0.09,-0.14,0.1704,0.1704,0.1704,0.1704,-0.08,-0.02,0.00,26.712144,84.305089,50.7,2082,2082,2082,2082,2048,2048
72552,IDLE,-0.18,0.03,179.87,-0.11,-0.03,-0.16,0.2014,0.2014,0.2014,0.2014,-0.08,-0.01,0.00,26.712143,84.305090,50.7,2088,2088,2088,2088,2048,2048
72578,IDLE,-0.18,0.03,179.87,-0.15,-0.05,-0.06,0.0804,0.0804,0.0804,0.0804,-0.08,0.00,0.00,26.712143,84.305090,M,2064,2064,2064,2064,2048,2048
72597,IDLE,-0.17,0.02,179.87,-0.04,-0.21,-0.10,0.1291,0.1291,0.1291,0.1291,-0.08,0.01,0.00,26.712143,84.305090,M,2074,2074,2074,2074,2048,2048
72625,IDLE,-0.17,0.02,179.86,-0.14,-0.27,-0.08,0.1055,0.1055,0.1055,0.1055,-0.08,0.01,0.00,26.712143,84.305090,M,2069,2069,2069,2069,2048,2048
72647,IDLE,-0.16,0.01,179.87,0.09,-0.40,0.02,-0.0203,-0.0203,-0.0203,-0.0203,-0.08,0.02,0.00,26.712143,84.305090,M,2044,2044,2044,2044,2048,2048
72672,IDLE,-0.16,-0.00,179.87,0.16,-0.41,0.06,-0.0693,-0.0693,-0.0693,-0.0693,-0.08,0.02,0.00,26.712143,84.305090,M,2034,2034,2034,2034,2048,2048
72691,IDLE,-0.14,-0.01,179.87,0.38,-0.28,0.05,-0.0671,-0.0671,-0.0671,-0.0671,-0.08,0.02,0.00,26.712143,84.305090,M,2035,2035,2035,2035,2048,2048
72718,IDLE,-0.13,-0.01,179.87,0.44,-0.15,0.11,-0.1406,-0.1406,-0.1406,-0.1406,-0.08,0.02,0.00,26.712143,84.305090,M,2020,2020,2020,2020,2048,2048
72739,IDLE,-0.12,-0.01,179.87,0.06,-0.01,-0.05,0.0597,0.0597,0.0597,0.0597,-0.08,0.02,0.00,26.712143,84.305090,M,2060,2060,2060,2060,2048,2048
72764,IDLE,-0.12,-0.01,179.87,-0.03,-0.12,0.00,0.0020,0.0020,0.0020,0.0020,-0.08,0.01,0.00,26.712143,84.305090,M,2048,2048,2048,2048,2048,2048
72782,IDLE,-0.12,-0.01,179.87,0.02,-0.00,-0.06,0.0712,0.0712,0.0712,0.0712,-0.08,0.02,0.00,26.712143,84.305090,M,2062,2062,2062,2062,2048,2048
72809,IDLE,-0.11,-0.01,179.88,0.11,-0.04,0.03,-0.0358,-0.0358,-0.0358,-0.0358,-0.08,0.03,0.00,26.712143,84.305090,M,2041,2041,2041,2041,2048,2048
72830,IDLE,-0.11,-0.01,179.87,-0.05,0.05,-0.09,0.1077,0.1077,0.1077,0.1077,-0.07,0.04,0.00,26.712143,84.305090,M,2070,2070,2070,2070,2048,2048
72854,IDLE,-0.11,-0.01,179.87,-0.24,0.03,-0.11,0.1365,0.1365,0.1365,0.1365,-0.07,0.04,0.00,26.712143,84.305090,M,2075,2075,2075,2075,2048,2048
72872,IDLE,-0.12,-0.00,179.87,-0.45,0.08,-0.05,0.0672,0.0672,0.0672,0.0672,-0.07,0.06,0.00,26.712143,84.305090,M,2061,2061,2061,2061,2048,2048
72899,IDLE,-0.13,-0.01,179.87,-0.47,-0.11,-0.04,0.0602,0.0602,0.0602,0.0602,-0.07,0.06,0.00,26.712143,84.305090,M,2060,2060,2060,2060,2048,2048
72920,IDLE,-0.13,-0.01,179.87,-0.13,-0.16,-0.13,0.1640,0.1640,0.1640,0.1640,-0.07,0.08,0.00,26.712143,84.305090,M,2081,2081,2081,2081,2048,2048
72944,IDLE,-0.13,-0.01,179.87,-0.15,-0.03,0.11,-0.1336,-0.1336,-0.1336,-0.1336,-0.06,0.08,0.00,26.712143,84.305090,M,2021,2021,2021,2021,2048,2048
72967,IDLE,-0.13,-0.01,179.88,-0.02,-0.05,0.19,-0.2270,-0.2270,-0.2270,-0.2270,-0.06,0.08,0.00,26.712143,84.305090,M,2003,2003,2003,2003,2048,2048
72993,IDLE,-0.13,-0.01,179.88,-0.00,-0.06,0.11,-0.1299,-0.1299,-0.1299,-0.1299,-0.06,0.07,0.00,26.712143,84.305090,M,2022,2022,2022,2022,2048,2048
73013,IDLE,-0.13,-0.01,179.89,-0.12,-0.09,0.18,-0.2158,-0.2158,-0.2158,-0.2158,-0.06,0.07,0.00,26.712143,84.305090,M,2005,2005,2005,2005,2048,2048
73041,IDLE,-0.12,-0.01,179.89,-0.01,-0.01,0.05,-0.0555,-0.0555,-0.0555,-0.0555,-0.06,0.06,0.00,26.712143,84.305090,M,2037,2037,2037,2037,2048,2048
73068,IDLE,-0.13,-0.01,179.89,-0.11,0.18,0.03,-0.0357,-0.0357,-0.0357,-0.0357,-0.06,0.05,0.00,26.712143,84.305090,M,2041,2041,2041,2041,2048,2048
73088,IDLE,-0.13,0.00,179.89,-0.12,0.33,0.14,-0.1730,-0.1730,-0.1730,-0.1730,-0.06,0.03,0.00,26.712143,84.305090,M,2013,2013,2013,2013,2048,2048
73124,IDLE,-0.12,0.01,179.90,-0.20,0.22,0.03,-0.0319,-0.0319,-0.0319,-0.0319,-0.06,0.03,0.00,26.712143,84.305090,M,2042,2042,2042,2042,2048,2048
73148,IDLE,-0.13,0.02,179.90,-0.24,0.04,0.04,-0.0442,-0.0442,-0.0442,-0.0442,-0.06,0.02,0.00,26.712143,84.305090,M,2039,2039,2039,2039,2048,2048
73170,IDLE,-0.13,0.02,179.90,-0.23,0.12,0.06,-0.0710,-0.0710,-0.0710,-0.0710,-0.06,0.03,0.00,26.712143,84.305090,M,2034,2034,2034,2034,2048,2048
73196,IDLE,-0.13,0.02,179.90,-0.18,0.11,0.02,-0.0234,-0.0234,-0.0234,-0.0234,-0.06,0.03,0.00,26.712143,84.305090,M,2043,2043,2043,2043,2048,2048
73216,IDLE,-0.13,0.03,179.90,-0.09,0.11,-0.00,0.0044,0.0044,0.0044,0.0044,-0.06,0.03,0.00,26.712143,84.305090,M,2049,2049,2049,2049,2048,2048
73239,IDLE,-0.13,0.03,179.90,-0.02,0.02,0.02,-0.0254,-0.0254,-0.0254,-0.0254,-0.06,0.03,0.00,26.712143,84.305090,M,2043,2043,2043,2043,2048,2048
73261,IDLE,-0.13,0.03,179.90,-0.15,-0.04,-0.11,0.1395,0.1395,0.1395,0.1395,-0.06,0.02,0.00,26.712143,84.305090,M,2076,2076,2076,2076,2048,2048
73287,IDLE,-0.13,0.03,179.90,-0.18,0.07,-0.14,0.1717,0.1717,0.1717,0.1717,-0.06,0.02,0.00,26.712143,84.305090,M,2082,2082,2082,2082,2048,2048
73306,IDLE,-0.13,0.03,179.90,-0.33,0.17,0.04,-0.0381,-0.0381,-0.0381,-0.0381,-0.06,0.03,0.00,26.712143,84.305090,M,2040,2040,2040,2040,2048,2048
73329,IDLE,-0.13,0.03,179.90,-0.18,0.14,0.11,-0.1329,-0.1329,-0.1329,-0.1329,-0.06,0.03,0.00,26.712143,84.305090,M,2021,2021,2021,2021,2048,2048
73351,IDLE,-0.14,0.04,179.91,-0.39,0.23,0.22,-0.2627,-0.2627,-0.2627,-0.2627,-0.05,0.04,0.00,26.712143,84.305090,M,1995,1995,1995,1995,2048,2048
73376,IDLE,-0.14,0.04,179.92,-0.42,0.24,0.23,-0.2761,-0.2761,-0.2761,-0.2761,-0.05,0.04,0.00,26.712143,84.305090,M,1993,1993,1993,1993,2048,2048
73395,IDLE,-0.15,0.05,179.92,-0.34,0.15,0.21,-0.2489,-0.2489,-0.2489,-0.2489,-0.05,0.05,0.00,26.712143,84.305090,M,1998,1998,1998,1998,2048,2048
73422,IDLE,-0.15,0.05,179.93,-0.44,0.17,0.20,-0.2399,-0.2399,-0.2399,-0.2399,-0.05,0.05,0.00,26.712143,84.305090,M,2000,2000,2000,2000,2048,2048
73444,IDLE,-0.16,0.05,179.93,-0.30,0.12,0.06,-0.0668,-0.0668,-0.0668,-0.0668,-0.05,0.05,0.00,26.712143,84.305090,M,2035,2035,2035,2035,2048,2048
73468,IDLE,-0.16,0.05,179.93,-0.31,0.23,0.25,-0.3062,-0.3062,-0.3062,-0.3062,-0.05,0.05,0.00,26.712143,84.305090,M,1987,1987,1987,1987,2048,2048
73486,IDLE,-0.16,0.06,179.94,-0.18,0.09,0.13,-0.1545,-0.1545,-0.1545,-0.1545,-0.05,0.05,0.00,26.712143,84.305090,M,2017,2017,2017,2017,2048,2048
73513,IDLE,-0.16,0.06,179.94,-0.21,0.04,0.17,-0.1979,-0.1979,-0.1979,-0.1979,-0.05,0.05,0.00,26.712143,84.305090,M,2008,2008,2008,2008,2048,2048
73534,IDLE,-0.16,0.05,179.94,-0.24,-0.04,0.06,-0.0681,-0.0681,-0.0681,-0.0681,-0.04,0.06,0.00,26.712143,84.305090,M,2034,2034,2034,2034,2048,2048
73558,IDLE,-0.16,0.05,179.95,-0.24,-0.02,0.20,-0.2370,-0.2370,-0.2370,-0.2370,-0.04,0.07,0.00,26.712143,84.305090,M,2001,2001,2001,2001,2048,2048
73581,IDLE,-0.17,0.05,179.95,-0.42,0.08,0.23,-0.2714,-0.2714,-0.2714,-0.2714,-0.04,0.08,0.00,26.712143,84.305090,M,1994,1994,1994,1994,2048,2048
73607,IDLE,-0.17,0.05,179.96,-0.28,-0.01,0.10,-0.1119,-0.1119,-0.1119,-0.1119,-0.04,0.08,0.00,26.712143,84.305090,50.7,2026,2026,2026,2026,2048,2048
73627,IDLE,-0.18,0.05,179.96,-0.44,0.03,0.03,-0.0277,-0.0277,-0.0277,-0.0277,-0.04,0.07,0.00,26.712143,84.305090,50.7,2042,2042,2042,2042,2048,2048
73655,IDLE,-0.18,0.05,179.95,-0.48,0.11,-0.14,0.1857,0.1857,0.1857,0.1857,-0.04,0.06,0.00,26.712143,84.305090,50.7,2085,2085,2085,2085,2048,2048
73682,IDLE,-0.19,0.06,179.95,-0.32,0.10,-0.09,0.1150,0.1150,0.1150,0.1150,-0.04,0.05,0.00,26.712143,84.305090,50.7,2071,2071,2071,2071,2048,2048
73702,IDLE,-0.18,0.06,179.95,-0.16,0.10,-0.08,0.0995,0.0995,0.0995,0.0995,-0.04,0.03,0.00,26.712143,84.305090,50.7,2068,2068,2068,2068,2048,2048
73725,IDLE,-0.18,0.06,179.95,-0.23,0.03,-0.12,0.1492,0.1492,0.1492,0.1492,-0.04,0.01,0.00,26.712143,84.305090,50.7,2078,2078,2078,2078,2048,2048
73748,IDLE,-0.19,0.06,179.95,-0.30,0.15,-0.09,0.1178,0.1178,0.1178,0.1178,-0.04,-0.01,0.00,26.712143,84.305090,50.7,2072,2072,2072,2072,2048,2048
73773,IDLE,-0.18,0.06,179.94,-0.14,0.02,-0.14,0.1749,0.1749,0.1749,0.1749,-0.04,-0.03,0.00,26.712143,84.305090,50.7,2083,2083,2083,2083,2048,2048
73793,IDLE,-0.18,0.06,179.94,-0.12,0.02,-0.02,0.0221,0.0221,0.0221,0.0221,-0.04,-0.03,0.00,26.712143,84.305090,50.7,2052,2052,2052,2052,2048,2048
73821,IDLE,-0.18,0.06,179.95,-0.19,0.04,0.12,-0.1434,-0.1434,-0.1434,-0.1434,-0.05,-0.03,0.00,26.712143,84.305090,50.7,2019,2019,2019,2019,2048,2048
73842,IDLE,-0.18,0.06,179.95,-0.19,0.01,0.11,-0.1335,-0.1335,-0.1335,-0.1335,-0.05,-0.03,0.00,26.712143,84.305090,50.7,2021,2021,2021,2021,2048,2048
73867,IDLE,-0.17,0.06,179.96,-0.01,0.09,0.33,-0.4049,-0.4049,-0.4049,-0.4049,-0.05,-0.03,0.00,26.712143,84.305090,50.7,1967,1967,1967,1967,2048,2048
73890,IDLE,-0.17,0.06,179.96,-0.01,0.05,0.20,-0.2421,-0.2421,-0.2421,-0.2421,-0.05,-0.03,0.00,26.712143,84.305090,50.7,2000,2000,2000,2000,2048,2048
73916,IDLE,-0.17,0.06,179.96,-0.11,0.24,0.05,-0.0598,-0.0598,-0.0598,-0.0598,-0.05,-0.02,0.00,26.712143,84.305090,50.7,2036,2036,2036,2036,2048,2048
73935,IDLE,-0.16,0.06,179.96,-0.12,0.13,-0.03,0.0412,0.0412,0.0412,0.0412,-0.05,-0.02,0.00,26.712143,84.305090,50.7,2056,2056,2056,2056,2048,2048
73963,IDLE,-0.16,0.06,179.96,0.01,0.06,-0.15,0.1841,0.1841,0.1841,0.1841,-0.05,-0.02,0.00,26.712143,84.305090,50.7,2085,2085,2085,2085,2048,2048
73984,IDLE,-0.16,0.06,179.96,-0.04,-0.01,-0.08,0.0998,0.0998,0.0998,0.0998,-0.05,-0.03,0.00,26.712143,84.305090,50.7,2068,2068,2068,2068,2048,2048
74009,IDLE,-0.15,0.06,179.96,-0.01,-0.01,-0.08,0.0983,0.0983,0.0983,0.0983,-0.05,-0.03,0.00,26.712143,84.305090,50.7,2068,2068,2068,2068,2048,2048
74027,IDLE,-0.15,0.06,179.96,-0.12,-0.00,-0.11,0.1356,0.1356,0.1356,0.1356,-0.05,-0.03,0.00,26.712143,84.305090,50.7,2075,2075,2075,2075,2048,2048
74054,IDLE,-0.15,0.05,179.95,-0.07,-0.06,-0.08,0.1039,0.1039,0.1039,0.1039,-0.05,-0.03,0.00,26.712143,84.305090,50.7,2069,2069,2069,2069,2048,2048
74074,IDLE,-0.14,0.05,179.96,0.01,-0.11,0.10,-0.1158,-0.1158,-0.1158,-0.1158,-0.05,-0.05,0.00,26.712143,84.305090,50.7,2025,2025,2025,2025,2048,2048
74098,IDLE,-0.14,0.04,179.96,0.04,-0.22,0.08,-0.0958,-0.0958,-0.0958,-0.0958,-0.05,-0.05,0.00,26.712143,84.305090,50.7,2029,2029,2029,2029,2048,2048
74119,IDLE,-0.13,0.03,179.96,-0.06,-0.21,0.19,-0.2246,-0.2246,-0.2246,-0.2246,-0.06,-0.05,0.00,26.712143,84.305090,50.7,2003,2003,2003,2003,2048,2048
74145,IDLE,-0.13,0.03,179.97,-0.23,-0.06,0.11,-0.1319,-0.1319,-0.1319,-0.1319,-0.06,-0.05,0.00,26.712143,84.305090,50.7,2022,2022,2022,2022,2048,2048
74168,IDLE,-0.13,0.03,179.98,-0.12,-0.15,0.31,-0.3780,-0.3780,-0.3780,-0.3780,-0.06,-0.04,0.00,26.712143,84.305090,50.7,1972,1972,1972,1972,2048,2048
74195,IDLE,-0.14,0.03,179.98,-0.36,-0.01,0.38,-0.4610,-0.4610,-0.4610,-0.4610,-0.06,-0.03,0.00,26.712143,84.305090,50.7,1956,1956,1956,1956,2048,2048
74214,IDLE,-0.14,0.03,179.99,-0.39,0.07,0.39,-0.4738,-0.4738,-0.4738,-0.4738,-0.06,-0.03,0.00,26.712143,84.305090,50.7,1953,1953,1953,1953,2048,2048
74243,IDLE,-0.14,0.03,180.00,-0.24,0.20,0.36,-0.4416,-0.4416,-0.4416,-0.4416,-0.06,-0.03,0.00,26.712143,84.305090,50.7,1960,1960,1960,1960,2048,2048
74264,IDLE,-0.14,0.04,180.01,-0.15,0.22,0.37,-0.4465,-0.4465,-0.4465,-0.4465,-0.06,-0.02,0.00,26.712143,84.305090,50.7,1959,1959,1959,1959,2048,2048
74288,IDLE,-0.14,0.04,180.01,-0.19,0.19,0.20,-0.2445,-0.2445,-0.2445,-0.2445,-0.06,-0.02,0.00,26.712143,84.305090,50.7,1999,1999,1999,1999,2048,2048
74320,IDLE,-0.16,0.05,180.02,-0.56,0.29,0.13,-0.1547,-0.1547,-0.1547,-0.1547,-0.06,-0.02,0.00,26.712143,84.305090,50.7,2017,2017,2017,2017,2048,2048
74348,IDLE,-0.16,0.05,180.02,-0.39,0.23,0.12,-0.1389,-0.1389,-0.1389,-0.1389,-0.06,-0.02,0.00,26.712143,84.305090,50.7,2020,2020,2020,2020,2048,2048
74369,IDLE,-0.16,0.06,180.02,-0.36,0.17,-0.01,0.0132,0.0132,0.0132,0.0132,-0.06,-0.03,0.00,26.712143,84.305090,50.7,2051,2051,2051,2051,2048,2048
74393,IDLE,-0.16,0.06,180.02,-0.26,0.32,0.11,-0.1319,-0.1319,-0.1319,-0.1319,-0.06,-0.04,0.00,26.712143,84.305090,50.7,2022,2022,2022,2022,2048,2048
74416,IDLE,-0.17,0.07,180.02,-0.22,0.26,0.04,-0.0505,-0.0505,-0.0505,-0.0505,-0.06,-0.03,0.00,26.712143,84.305090,50.7,2038,2038,2038,2038,2048,2048
74442,IDLE,-0.17,0.07,180.03,-0.32,0.19,0.13,-0.1549,-0.1549,-0.1549,-0.1549,-0.06,-0.02,0.00,26.712143,84.305090,50.7,2017,2017,2017,2017,2048,2048
74462,IDLE,-0.17,0.07,180.03,-0.45,0.28,0.07,-0.0788,-0.0788,-0.0788,-0.0788,-0.06,-0.01,0.00,26.712143,84.305090,50.7,2032,2032,2032,2032,2048,2048
74489,IDLE,-0.18,0.08,180.03,-0.42,0.21,0.18,-0.2150,-0.2150,-0.2150,-0.2150,-0.06,-0.01,0.00,26.712143,84.305090,50.7,2005,2005,2005,2005,2048,2048
74510,IDLE,-0.18,0.08,180.04,-0.44,0.28,0.17,-0.1973,-0.1973,-0.1973,-0.1973,-0.06,-0.02,0.00,26.712143,84.305090,50.7,2009,2009,2009,2009,2048,2048
74534,IDLE,-0.18,0.08,180.04,-0.29,0.10,-0.04,0.0496,0.0496,0.0496,0.0496,-0.06,-0.02,0.00,26.712143,84.305090,50.7,2058,2058,2058,2058,2048,2048
74557,IDLE,-0.18,0.08,180.04,-0.12,-0.05,-0.01,0.0198,0.0198,0.0198,0.0198,-0.06,-0.03,0.00,26.712143,84.305090,50.7,2052,2052,2052,2052,2048,2048
74583,IDLE,-0.19,0.08,180.03,-0.32,-0.03,-0.02,0.0278,0.0278,0.0278,0.0278,-0.07,-0.04,0.00,26.712143,84.305090,50.7,2054,2054,2054,2054,2048,2048
74603,IDLE,-0.19,0.07,180.03,-0.20,-0.12,-0.02,0.0298,0.0298,0.0298,0.0298,-0.07,-0.05,0.00,26.712143,84.305090,M,2054,2054,2054,2054,2048,2048
74631,IDLE,-0.18,0.07,180.03,-0.10,-0.13,0.04,-0.0504,-0.0504,-0.0504,-0.0504,-0.07,-0.06,0.00,26.712143,84.305090,M,2038,2038,2038,2038,2048,2048
74652,IDLE,-0.18,0.06,180.03,-0.02,-0.12,-0.01,0.0105,0.0105,0.0105,0.0105,-0.07,-0.06,0.00,26.712143,84.305090,M,2050,2050,2050,2050,2048,2048
74677,IDLE,-0.18,0.06,180.04,0.00,-0.10,0.06,-0.0741,-0.0741,-0.0741,-0.0741,-0.07,-0.06,0.00,26.712143,84.305090,M,2033,2033,2033,2033,2048,2048
74696,IDLE,-0.18,0.05,180.04,-0.15,-0.08,0.07,-0.0844,-0.0844,-0.0844,-0.0844,-0.07,-0.05,0.00,26.712143,84.305090,M,2031,2031,2031,2031,2048,2048
74723,IDLE,-0.17,0.05,180.04,-0.09,-0.21,0.09,-0.1092,-0.1092,-0.1092,-0.1092,-0.07,-0.05,0.00,26.712143,84.305090,M,2026,2026,2026,2026,2048,2048
74744,IDLE,-0.17,0.04,180.04,-0.06,-0.14,0.01,-0.0095,-0.0095,-0.0095,-0.0095,-0.07,-0.02,0.00,26.712143,84.305090,M,2046,2046,2046,2046,2048,2048
74768,IDLE,-0.17,0.04,180.04,-0.05,-0.15,0.02,-0.0145,-0.0145,-0.0145,-0.0145,-0.07,-0.01,0.00,26.712143,84.305090,M,2045,2045,2045,2045,2048,2048
74790,IDLE,-0.16,0.03,180.04,0.14,-0.23,0.08,-0.0931,-0.0931,-0.0931,-0.0931,-0.07,0.01,0.00,26.712143,84.305090,M,2029,2029,2029,2029,2048,2048
74816,IDLE,-0.15,0.02,180.04,0.21,-0.29,0.16,-0.1897,-0.1897,-0.1897,-0.1897,-0.07,0.02,0.00,26.712143,84.305090,M,2010,2010,2010,2010,2048,2048
74836,IDLE,-0.15,0.02,180.04,0.09,-0.25,0.06,-0.0711,-0.0711,-0.0711,-0.0711,-0.07,0.02,0.00,26.712143,84.305090,M,2034,2034,2034,2034,2048,2048
74859,IDLE,-0.14,0.01,180.05,0.22,-0.13,0.10,-0.1198,-0.1198,-0.1198,-0.1198,-0.07,0.02,0.00,26.712143,84.305090,M,2024,2024,2024,2024,2048,2048
74881,IDLE,-0.14,0.01,180.05,0.02,-0.06,0.16,-0.1989,-0.1989,-0.1989,-0.1989,-0.07,0.02,0.00,26.712143,84.305090,M,2008,2008,2008,2008,2048,2048
74906,IDLE,-0.14,0.01,180.05,-0.14,0.05,0.11,-0.1322,-0.1322,-0.1322,-0.1322,-0.07,0.01,0.00,26.712143,84.305090,M,2022,2022,2022,2022,2048,2048
74925,IDLE,-0.14,0.02,180.06,-0.40,0.20,0.17,-0.1990,-0.1990,-0.1990,-0.1990,-0.07,0.01,0.00,26.712143,84.305090,M,2008,2008,2008,2008,2048,2048
74952,IDLE,-0.14,0.02,180.06,-0.17,-0.02,0.26,-0.3160,-0.3160,-0.3160,-0.3160,-0.07,0.01,0.00,26.712143,84.305090,M,1985,1985,1985,1985,2048,2048
74973,IDLE,-0.15,0.01,180.07,-0.36,-0.04,0.21,-0.2459,-0.2459,-0.2459,-0.2459,-0.07,0.01,0.00,26.712143,84.305090,M,1999,1999,1999,1999,2048,2048
74998,IDLE,-0.15,0.01,180.07,-0.15,0.04,0.19,-0.2266,-0.2266,-0.2266,-0.2266,-0.07,0.01,0.00,26.712143,84.305090,M,2003,2003,2003,2003,2048,2048
75016,IDLE,-0.14,0.01,180.07,0.03,-0.06,0.18,-0.2238,-0.2238,-0.2238,-0.2238,-0.06,0.02,0.00,26.712143,84.305090,M,2003,2003,2003,2003,2048,2048
75043,IDLE,-0.14,0.01,180.08,0.02,-0.21,0.22,-0.2699,-0.2699,-0.2699,-0.2699,-0.06,0.02,0.00,26.712143,84.305090,M,1994,1994,1994,1994,2048,2048
75063,IDLE,-0.14,0.01,180.08,-0.12,-0.06,0.23,-0.2758,-0.2758,-0.2758,-0.2758,-0.06,0.01,0.00,26.712143,84.305090,M,1993,1993,1993,1993,2048,2048
75087,IDLE,-0.14,0.01,180.09,-0.11,-0.06,0.22,-0.2665,-0.2665,-0.2665,-0.2665,-0.06,0.01,0.00,26.712143,84.305090,M,1995,1995,1995,1995,2048,2048
75109,IDLE,-0.14,0.01,180.09,-0.10,-0.05,0.14,-0.1639,-0.1639,-0.1639,-0.1639,-0.07,-0.01,0.00,26.712143,84.305090,M,2015,2015,2015,2015,2048,2048
75146,IDLE,-0.14,0.01,180.10,-0.36,0.07,0.22,-0.2592,-0.2592,-0.2592,-0.2592,-0.07,-0.03,0.00,26.712143,84.305090,M,1996,1996,1996,1996,2048,2048
75172,IDLE,-0.15,0.01,180.10,-0.40,0.04,0.01,-0.0038,-0.0038,-0.0038,-0.0038,-0.07,-0.04,0.00,26.712143,84.305090,M,2047,2047,2047,2047,2048,2048
75191,IDLE,-0.15,0.01,180.09,-0.37,0.15,-0.08,0.1015,0.1015,0.1015,0.1015,-0.07,-0.06,0.00,26.712143,84.305090,M,2068,2068,2068,2068,2048,2048
75214,IDLE,-0.16,0.02,180.09,-0.42,0.23,-0.07,0.0952,0.0952,0.0952,0.0952,-0.07,-0.07,0.00,26.712143,84.305090,M,2067,2067,2067,2067,2048,2048
75236,IDLE,-0.16,0.02,180.09,-0.31,0.14,0.04,-0.0414,-0.0414,-0.0414,-0.0414,-0.08,-0.07,0.00,26.712143,84.305090,M,2040,2040,2040,2040,2048,2048
75262,IDLE,-0.16,0.02,180.09,-0.15,0.09,0.09,-0.1022,-0.1022,-0.1022,-0.1022,-0.08,-0.07,0.00,26.712143,84.305090,M,2028,2028,2028,2028,2048,2048
75280,IDLE,-0.16,0.03,180.09,-0.20,0.12,0.04,-0.0437,-0.0437,-0.0437,-0.0437,-0.08,-0.05,0.00,26.712143,84.305090,M,2039,2039,2039,2039,2048,2048
75308,IDLE,-0.17,0.03,180.09,-0.42,0.09,0.07,-0.0724,-0.0724,-0.0724,-0.0724,-0.08,-0.04,0.00,26.712143,84.305090,M,2034,2034,2034,2034,2048,2048
75329,IDLE,-0.17,0.03,180.09,-0.40,0.16,0.03,-0.0358,-0.0358,-0.0358,-0.0358,-0.08,-0.03,0.00,26.712143,84.305090,M,2041,2041,2041,2041,2048,2048
75354,IDLE,-0.18,0.03,180.09,-0.49,0.09,0.03,-0.0227,-0.0227,-0.0227,-0.0227,-0.08,-0.02,0.00,26.712143,84.305090,M,2043,2043,2043,2043,2048,2048
75377,IDLE,-0.19,0.04,180.09,-0.63,0.18,0.01,0.0045,0.0045,0.0045,0.0045,-0.08,-0.02,0.00,26.712143,84.305090,M,2049,2049,2049,2049,2048,2048
75404,IDLE,-0.19,0.04,180.09,-0.41,0.08,-0.06,0.0783,0.0783,0.0783,0.0783,-0.08,-0.02,0.00,26.712143,84.305090,M,2064,2064,2064,2064,2048,2048
75424,IDLE,-0.20,0.04,180.09,-0.37,0.20,-0.21,0.2559,0.2559,0.2559,0.2559,-0.08,-0.02,0.00,26.712143,84.305090,M,2099,2099,2099,2099,2048,2048
75448,IDLE,-0.20,0.05,180.08,-0.51,0.16,-0.16,0.2051,0.2051,0.2051,0.2051,-0.08,-0.01,0.00,26.712143,84.305090,M,2089,2089,2089,2089,2048,2048
75466,IDLE,-0.20,0.05,180.08,-0.37,0.23,-0.15,0.1833,0.1833,0.1833,0.1833,-0.08,-0.02,0.00,26.712143,84.305090,M,2085,2085,2085,2085,2048,2048
75493,IDLE,-0.21,0.05,180.07,-0.31,0.22,-0.11,0.1358,0.1358,0.1358,0.1358,-0.08,-0.02,0.00,26.712143,84.305090,M,2075,2075,2075,2075,2048,2048
75514,IDLE,-0.21,0.06,180.07,-0.21,0.19,-0.11,0.1415,0.1415,0.1415,0.1415,-0.08,-0.04,0.00,26.712143,84.305090,M,2076,2076,2076,2076,2048,2048
75538,IDLE,-0.20,0.05,180.07,-0.27,0.01,-0.18,0.2294,0.2294,0.2294,0.2294,-0.08,-0.06,0.00,26.712143,84.305090,M,2094,2094,2094,2094,2048,2048
75556,IDLE,-0.20,0.05,180.06,-0.24,-0.12,-0.16,0.2024,0.2024,0.2024,0.2024,-0.08,-0.06,0.00,26.712143,84.305090,M,2088,2088,2088,2088,2048,2048
75583,IDLE,-0.20,0.05,180.06,-0.32,-0.01,-0.09,0.1170,0.1170,0.1170,0.1170,-0.09,-0.06,0.00,26.712143,84.305091,M,2071,2071,2071,2071,2048,2048
75603,IDLE,-0.21,0.04,180.06,-0.27,-0.11,-0.13,0.1713,0.1713,0.1713,0.1713,-0.09,-0.05,0.00,26.712143,84.305091,M,2082,2082,2082,2082,2048,2048
75627,IDLE,-0.21,0.04,180.05,-0.34,0.03,-0.11,0.1360,0.1360,0.1360,0.1360,-0.09,-0.04,0.00,26.712143,84.305091,50.9,2075,2075,2075,2075,2048,2048
75650,IDLE,-0.21,0.04,180.05,-0.38,-0.06,-0.11,0.1469,0.1469,0.1469,0.1469,-0.09,-0.05,0.00,26.712143,84.305091,50.9,2077,2077,2077,2077,2048,2048
75676,IDLE,-0.21,0.04,180.05,-0.28,-0.08,-0.04,0.0591,0.0591,0.0591,0.0591,-0.09,-0.05,0.00,26.712143,84.305091,50.9,2060,2060,2060,2060,2048,2048
75696,IDLE,-0.21,0.04,180.04,-0.28,0.02,-0.25,0.3131,0.3131,0.3131,0.3131,-0.09,-0.05,0.00,26.712143,84.305091,50.9,2111,2111,2111,2111,2048,2048
75724,IDLE,-0.21,0.04,180.04,-0.35,0.19,-0.13,0.1592,0.1592,0.1592,0.1592,-0.09,-0.06,0.00,26.712143,84.305091,50.9,2080,2080,2080,2080,2048,2048
75751,IDLE,-0.22,0.05,180.04,-0.33,0.24,-0.19,0.2381,0.2381,0.2381,0.2381,-0.09,-0.06,0.00,26.712143,84.305091,50.9,2096,2096,2096,2096,2048,2048
75771,IDLE,-0.22,0.05,180.03,-0.29,0.15,-0.17,0.2170,0.2170,0.2170,0.2170,-0.09,-0.05,0.00,26.712143,84.305091,50.9,2091,2091,2091,2091,2048,2048
75795,IDLE,-0.21,0.05,180.03,-0.29,0.04,-0.16,0.2074,0.2074,0.2074,0.2074,-0.09,-0.05,0.00,26.712143,84.305091,50.9,2089,2089,2089,2089,2048,2048
75817,IDLE,-0.22,0.05,180.03,-0.27,0.02,-0.06,0.0846,0.0846,0.0846,0.0846,-0.10,-0.06,0.00,26.712143,84.305091,50.9,2065,2065,2065,2065,2048,2048
75843,IDLE,-0.21,0.05,180.03,-0.27,0.03,0.04,-0.0491,-0.0491,-0.0491,-0.0491,-0.10,-0.06,0.00,26.712143,84.305091,50.9,2038,2038,2038,2038,2048,2048
75862,IDLE,-0.21,0.05,180.03,-0.17,0.09,0.05,-0.0640,-0.0640,-0.0640,-0.0640,-0.10,-0.06,0.00,26.712143,84.305091,50.9,2035,2035,2035,2035,2048,2048
75889,IDLE,-0.21,0.05,180.03,0.00,0.03,0.10,-0.1270,-0.1270,-0.1270,-0.1270,-0.10,-0.06,0.00,26.712143,84.305091,50.9,2023,2023,2023,2023,2048,2048
75910,IDLE,-0.20,0.05,180.03,0.05,0.26,0.09,-0.1115,-0.1115,-0.1115,-0.1115,-0.10,-0.06,0.00,26.712143,84.305091,50.9,2026,2026,2026,2026,2048,2048
75934,IDLE,-0.19,0.06,180.03,-0.05,0.26,0.20,-0.2506,-0.2506,-0.2506,-0.2506,-0.10,-0.05,0.00,26.712143,84.305091,50.9,1998,1998,1998,1998,2048,2048
75957,IDLE,-0.19,0.06,180.04,-0.06,0.22,0.28,-0.3447,-0.3447,-0.3447,-0.3447,-0.10,-0.05,0.00,26.712143,84.305091,50.9,1979,1979,1979,1979,2048,2048
75983,IDLE,-0.18,0.06,180.04,-0.03,0.21,0.10,-0.1297,-0.1297,-0.1297,-0.1297,-0.10,-0.05,0.00,26.712143,84.305091,50.9,2022,2022,2022,2022,2048,2048
76002,IDLE,-0.18,0.07,180.05,-0.12,0.26,0.10,-0.1200,-0.1200,-0.1200,-0.1200,-0.10,-0.05,0.00,26.712143,84.305091,50.9,2024,2024,2024,2024,2048,2048
76029,IDLE,-0.18,0.07,180.05,-0.05,0.36,0.15,-0.1847,-0.1847,-0.1847,-0.1847,-0.11,-0.06,0.00,26.712143,84.305091,50.9,2011,2011,2011,2011,2048,2048
76050,IDLE,-0.17,0.08,180.05,0.01,0.29,0.10,-0.1327,-0.1327,-0.1327,-0.1327,-0.11,-0.05,0.00,26.712143,84.305091,50.9,2021,2021,2021,2021,2048,2048
76074,IDLE,-0.17,0.08,180.05,-0.03,0.21,-0.04,0.0510,0.0510,0.0510,0.0510,-0.11,-0.05,0.00,26.712143,84.305091,50.9,2058,2058,2058,2058,2048,2048
76096,IDLE,-0.16,0.08,180.05,-0.02,0.21,-0.07,0.0769,0.0769,0.0769,0.0769,-0.11,-0.05,0.00,26.712143,84.305091,50.9,2063,2063,2063,2063,2048,2048
76122,IDLE,-0.16,0.08,180.05,-0.08,0.13,-0.08,0.0946,0.0946,0.0946,0.0946,-0.11,-0.05,0.00,26.712143,84.305091,50.9,2067,2067,2067,2067,2048,2048
76141,IDLE,-0.16,0.09,180.04,-0.20,0.12,-0.26,0.3237,0.3237,0.3237,0.3237,-0.11,-0.05,0.00,26.712143,84.305091,50.9,2113,2113,2113,2113,2048,2048
76169,IDLE,-0.16,0.09,180.03,-0.21,0.12,-0.28,0.3473,0.3473,0.3473,0.3473,-0.11,-0.05,0.00,26.712143,84.305091,50.9,2117,2117,2117,2117,2048,2048
76190,IDLE,-0.16,0.09,180.03,-0.03,0.02,-0.27,0.3306,0.3306,0.3306,0.3306,-0.11,-0.05,0.00,26.712143,84.305091,50.9,2114,2114,2114,2114,2048,2048
76215,IDLE,-0.15,0.08,180.02,0.13,-0.19,-0.07,0.0844,0.0844,0.0844,0.0844,-0.11,-0.04,0.00,26.712143,84.305091,50.9,2065,2065,2065,2065,2048,2048
76233,IDLE,-0.15,0.08,180.02,-0.07,-0.13,-0.10,0.1318,0.1318,0.1318,0.1318,-0.11,-0.04,0.00,26.712143,84.305091,50.9,2074,2074,2074,2074,2048,2048
76260,IDLE,-0.14,0.07,180.02,-0.01,-0.15,-0.10,0.1211,0.1211,0.1211,0.1211,-0.11,-0.03,0.00,26.712143,84.305091,50.9,2072,2072,2072,2072,2048,2048
76280,IDLE,-0.14,0.07,180.02,-0.14,-0.15,-0.03,0.0391,0.0391,0.0391,0.0391,-0.11,-0.02,0.00,26.712143,84.305091,50.9,2056,2056,2056,2056,2048,2048
76304,IDLE,-0.14,0.06,180.02,0.01,-0.14,-0.11,0.1343,0.1343,0.1343,0.1343,-0.11,-0.01,0.00,26.712143,84.305091,50.9,2075,2075,2075,2075,2048,2048
76334,IDLE,-0.13,0.06,180.02,-0.07,-0.16,-0.00,0.0070,0.0070,0.0070,0.0070,-0.11,-0.01,0.00,26.712143,84.305091,50.9,2049,2049,2049,2049,2048,2048
76362,IDLE,-0.13,0.05,180.01,-0.07,-0.05,-0.08,0.0952,0.0952,0.0952,0.0952,-0.11,-0.02,0.00,26.712143,84.305091,50.9,2067,2067,2067,2067,2048,2048
76382,IDLE,-0.13,0.05,180.01,0.09,-0.07,-0.09,0.1040,0.1040,0.1040,0.1040,-0.11,0.00,0.00,26.712143,84.305091,50.9,2069,2069,2069,2069,2048,2048
76407,IDLE,-0.12,0.05,180.01,0.11,-0.10,-0.02,0.0218,0.0218,0.0218,0.0218,-0.11,0.01,0.00,26.712143,84.305091,50.9,2052,2052,2052,2052,2048,2048
76430,IDLE,-0.12,0.05,180.01,-0.07,-0.01,-0.05,0.0598,0.0598,0.0598,0.0598,-0.11,0.01,0.00,26.712143,84.305091,50.9,2060,2060,2060,2060,2048,2048
76456,IDLE,-0.11,0.05,180.01,0.01,0.06,0.03,-0.0432,-0.0432,-0.0432,-0.0432,-0.11,0.00,0.00,26.712143,84.305091,50.9,2039,2039,2039,2039,2048,2048
76476,IDLE,-0.11,0.05,180.01,0.13,0.04,0.10,-0.1251,-0.1251,-0.1251,-0.1251,-0.11,0.00,0.00,26.712143,84.305091,50.9,2023,2023,2023,2023,2048,2048
76499,IDLE,-0.11,0.05,180.01,-0.07,0.10,0.02,-0.0276,-0.0276,-0.0276,-0.0276,-0.11,-0.00,0.00,26.712143,84.305091,50.9,2042,2042,2042,2042,2048,2048
76521,IDLE,-0.11,0.05,180.01,-0.30,0.17,0.05,-0.0529,-0.0529,-0.0529,-0.0529,-0.11,-0.01,0.00,26.712143,84.305091,50.9,2037,2037,2037,2037,2048,2048
76546,IDLE,-0.12,0.05,180.02,-0.45,0.02,0.14,-0.1591,-0.1591,-0.1591,-0.1591,-0.11,-0.01,0.00,26.712143,84.305091,50.9,2016,2016,2016,2016,2048,2048
76569,IDLE,-0.12,0.05,180.02,-0.16,0.04,0.12,-0.1430,-0.1430,-0.1430,-0.1430,-0.11,-0.02,0.00,26.712143,84.305091,50.9,2019,2019,2019,2019,2048,2048
76596,IDLE,-0.11,0.05,180.02,-0.06,0.04,0.12,-0.1447,-0.1447,-0.1447,-0.1447,-0.12,-0.03,0.00,26.712143,84.305091,50.9,2019,2019,2019,2019,2048,2048
76616,IDLE,-0.12,0.05,180.03,-0.17,0.12,0.08,-0.1014,-0.1014,-0.1014,-0.1014,-0.12,-0.02,0.00,26.712143,84.305091,50.9,2028,2028,2028,2028,2048,2048
76645,IDLE,-0.12,0.06,180.03,-0.28,0.32,0.09,-0.1134,-0.1134,-0.1134,-0.1134,-0.11,-0.01,0.00,26.712143,84.305091,50,2025,2025,2025,2025,2048,2048
76671,IDLE,-0.12,0.06,180.03,-0.21,0.31,0.02,-0.0283,-0.0283,-0.0283,-0.0283,-0.11,-0.01,0.00,26.712143,84.305091,50,2042,2042,2042,2042,2048,2048
76691,IDLE,-0.12,0.07,180.03,-0.12,0.31,0.07,-0.0920,-0.0920,-0.0920,-0.0920,-0.11,-0.01,0.00,26.712143,84.305091,50,2030,2030,2030,2030,2048,2048
76714,IDLE,-0.11,0.08,180.03,-0.04,0.33,0.07,-0.0901,-0.0901,-0.0901,-0.0901,-0.11,-0.01,0.00,26.712143,84.305091,50,2030,2030,2030,2030,2048,2048
76736,IDLE,-0.11,0.08,180.03,-0.05,0.32,0.06,-0.0772,-0.0772,-0.0772,-0.0772,-0.11,-0.00,0.00,26.712143,84.305091,50,2033,2033,2033,2033,2048,2048
76761,IDLE,-0.11,0.09,180.03,0.12,0.26,0.06,-0.0762,-0.0762,-0.0762,-0.0762,-0.11,0.00,0.00,26.712143,84.305091,50,2033,2033,2033,2033,2048,2048
76780,IDLE,-0.10,0.09,180.03,-0.09,0.20,-0.02,0.0189,0.0189,0.0189,0.0189,-0.11,0.01,0.00,26.712143,84.305091,50,2052,2052,2052,2052,2048,2048
76807,IDLE,-0.10,0.09,180.03,-0.16,0.19,-0.09,0.1161,0.1161,0.1161,0.1161,-0.11,0.02,0.00,26.712143,84.305091,50,2071,2071,2071,2071,2048,2048
76828,IDLE,-0.10,0.09,180.03,-0.01,0.09,-0.12,0.1459,0.1459,0.1459,0.1459,-0.11,0.02,0.00,26.712143,84.305091,50,2077,2077,2077,2077,2048,2048
76853,IDLE,-0.10,0.09,180.03,-0.13,0.03,-0.02,0.0232,0.0232,0.0232,0.0232,-0.11,0.02,0.00,26.712143,84.305091,50,2053,2053,2053,2053,2048,2048
76871,IDLE,-0.10,0.09,180.02,-0.13,0.06,-0.03,0.0348,0.0348,0.0348,0.0348,-0.11,0.02,0.00,26.712143,84.305091,50,2055,2055,2055,2055,2048,2048
76899,IDLE,-0.10,0.09,180.02,-0.22,0.07,-0.13,0.1681,0.1681,0.1681,0.1681,-0.11,0.02,0.00,26.712143,84.305091,50,2082,2082,2082,2082,2048,2048
76920,IDLE,-0.11,0.09,180.02,-0.24,0.03,-0.07,0.0931,0.0931,0.0931,0.0931,-0.11,0.02,0.00,26.712143,84.305091,50,2067,2067,2067,2067,2048,2048
76945,IDLE,-0.11,0.09,180.02,-0.30,0.05,-0.19,0.2352,0.2352,0.2352,0.2352,-0.11,0.01,0.00,26.712143,84.305091,50,2095,2095,2095,2095,2048,2048
76963,IDLE,-0.11,0.09,180.01,-0.22,0.05,-0.18,0.2213,0.2213,0.2213,0.2213,-0.11,0.02,0.00,26.712143,84.305091,50,2092,2092,2092,2092,2048,2048
76990,IDLE,-0.11,0.09,180.01,-0.07,0.01,-0.11,0.1346,0.1346,0.1346,0.1346,-0.11,0.03,0.00,26.712143,84.305091,50,2075,2075,2075,2075,2048,2048
77012,IDLE,-0.11,0.09,180.01,-0.01,-0.13,-0.11,0.1342,0.1342,0.1342,0.1342,-0.11,0.03,0.00,26.712143,84.305091,50,2075,2075,2075,2075,2048,2048
77036,IDLE,-0.11,0.08,180.00,-0.14,-0.04,-0.12,0.1521,0.1521,0.1521,0.1521,-0.11,0.03,0.00,26.712143,84.305091,50,2078,2078,2078,2078,2048,2048
77054,IDLE,-0.10,0.08,180.00,-0.06,0.01,-0.22,0.2725,0.2725,0.2725,0.2725,-0.10,0.05,0.00,26.712143,84.305091,50,2103,2103,2103,2103,2048,2048
77082,IDLE,-0.10,0.08,180.00,-0.03,-0.10,-0.09,0.1134,0.1134,0.1134,0.1134,-0.10,0.06,0.00,26.712143,84.305091,50,2071,2071,2071,2071,2048,2048
77102,IDLE,-0.10,0.08,179.99,0.02,0.01,-0.14,0.1757,0.1757,0.1757,0.1757,-0.10,0.04,0.00,26.712143,84.305091,50,2083,2083,2083,2083,2048,2048
77140,IDLE,-0.10,0.08,179.99,0.02,0.05,-0.18,0.2159,0.2159,0.2159,0.2159,-0.10,0.04,0.00,26.712143,84.305091,50,2091,2091,2091,2091,2048,2048
77164,IDLE,-0.09,0.07,179.98,0.16,-0.02,-0.15,0.1773,0.1773,0.1773,0.1773,-0.10,0.03,0.00,26.712143,84.305091,50,2083,2083,2083,2083,2048,2048
77183,IDLE,-0.09,0.07,179.98,-0.05,0.00,-0.11,0.1348,0.1348,0.1348,0.1348,-0.10,0.03,0.00,26.712143,84.305091,50,2075,2075,2075,2075,2048,2048
77211,IDLE,-0.09,0.07,179.98,-0.22,0.04,-0.10,0.1244,0.1244,0.1244,0.1244,-0.10,0.03,0.00,26.712143,84.305091,50,2073,2073,2073,2073,2048,2048
77232,IDLE,-0.09,0.08,179.98,-0.13,0.08,0.03,-0.0324,-0.0324,-0.0324,-0.0324,-0.10,0.03,0.00,26.712143,84.305091,50,2042,2042,2042,2042,2048,2048
77257,IDLE,-0.09,0.07,179.98,-0.15,0.04,0.05,-0.0529,-0.0529,-0.0529,-0.0529,-0.10,0.03,0.00,26.712143,84.305091,50,2037,2037,2037,2037,2048,2048
77276,IDLE,-0.09,0.07,179.99,-0.05,-0.12,0.16,-0.1890,-0.1890,-0.1890,-0.1890,-0.10,0.03,0.00,26.712143,84.305091,50,2010,2010,2010,2010,2048,2048
77303,IDLE,-0.09,0.07,179.99,-0.03,-0.08,0.09,-0.1088,-0.1088,-0.1088,-0.1088,-0.10,0.02,0.00,26.712143,84.305091,50,2026,2026,2026,2026,2048,2048
77323,IDLE,-0.09,0.07,179.99,-0.15,0.09,0.02,-0.0263,-0.0263,-0.0263,-0.0263,-0.10,0.00,0.00,26.712143,84.305091,50,2043,2043,2043,2043,2048,2048
77347,IDLE,-0.09,0.07,179.99,-0.11,0.09,0.01,-0.0086,-0.0086,-0.0086,-0.0086,-0.10,-0.01,0.00,26.712143,84.305091,50,2046,2046,2046,2046,2048,2048
77370,IDLE,-0.09,0.07,179.99,-0.19,0.05,0.02,-0.0268,-0.0268,-0.0268,-0.0268,-0.10,0.01,0.00,26.712143,84.305091,50,2043,2043,2043,2043,2048,2048
77396,IDLE,-0.10,0.07,179.99,-0.24,0.14,-0.02,0.0274,0.0274,0.0274,0.0274,-0.10,0.02,0.00,26.712143,84.305091,50,2053,2053,2053,2053,2048,2048
77415,IDLE,-0.10,0.07,179.99,-0.22,0.10,-0.11,0.1399,0.1399,0.1399,0.1399,-0.10,0.02,0.00,26.712143,84.305091,50,2076,2076,2076,2076,2048,2048
77438,IDLE,-0.10,0.07,179.99,-0.32,0.13,-0.06,0.0740,0.0740,0.0740,0.0740,-0.10,0.02,0.00,26.712143,84.305091,50,2063,2063,2063,2063,2048,2048
77460,IDLE,-0.11,0.08,179.98,-0.33,0.27,-0.03,0.0351,0.0351,0.0351,0.0351,-0.10,-0.00,0.00,26.712143,84.305091,50,2055,2055,2055,2055,2048,2048
77486,IDLE,-0.11,0.08,179.98,-0.08,0.16,-0.02,0.0289,0.0289,0.0289,0.0289,-0.10,-0.01,0.00,26.712143,84.305091,50,2054,2054,2054,2054,2048,2048
77505,IDLE,-0.10,0.08,179.98,0.14,0.10,-0.10,0.1184,0.1184,0.1184,0.1184,-0.10,-0.01,0.00,26.712143,84.305091,50,2072,2072,2072,2072,2048,2048
77528,IDLE,-0.09,0.08,179.98,0.19,0.18,-0.06,0.0714,0.0714,0.0714,0.0714,-0.10,-0.01,0.00,26.712143,84.305091,50,2062,2062,2062,2062,2048,2048
77550,IDLE,-0.09,0.09,179.98,0.23,0.17,0.09,-0.1227,-0.1227,-0.1227,-0.1227,-0.10,-0.01,0.00,26.712143,84.305091,50,2023,2023,2023,2023,2048,2048
77575,IDLE,-0.08,0.09,179.98,0.25,0.10,-0.02,0.0182,0.0182,0.0182,0.0182,-0.10,0.00,0.00,26.712143,84.305091,50,2052,2052,2052,2052,2048,2048
77594,IDLE,-0.07,0.08,179.98,0.26,-0.14,-0.15,0.1819,0.1819,0.1819,0.1819,-0.10,-0.01,0.00,26.712143,84.305091,50,2084,2084,2084,2084,2048,2048
77622,IDLE,-0.06,0.07,179.97,0.51,-0.26,-0.32,0.3834,0.3834,0.3834,0.3834,-0.10,-0.03,0.00,26.712142,84.305091,50,2125,2125,2125,2125,2048,2048
77649,IDLE,-0.05,0.07,179.97,0.33,-0.22,-0.20,0.2383,0.2383,0.2383,0.2383,-0.11,-0.04,0.00,26.712142,84.305091,50,2096,2096,2096,2096,2048,2048
77669,IDLE,-0.05,0.06,179.96,0.00,-0.15,-0.36,0.4442,0.4442,0.4442,0.4442,-0.11,-0.05,0.00,26.712142,84.305091,50,2137,2137,2137,2137,2048,2048
77693,IDLE,-0.04,0.06,179.96,0.10,-0.11,-0.02,0.0265,0.0265,0.0265,0.0265,-0.11,-0.06,0.00,26.712142,84.305091,50,2053,2053,2053,2053,2048,2048
77716,IDLE,-0.05,0.06,179.95,-0.32,-0.03,-0.15,0.1941,0.1941,0.1941,0.1941,-0.11,-0.04,0.00,26.712142,84.305091,50,2087,2087,2087,2087,2048,2048
77742,IDLE,-0.05,0.06,179.95,0.03,0.05,-0.08,0.0978,0.0978,0.0978,0.0978,-0.11,-0.03,0.00,26.712142,84.305091,50,2068,2068,2068,2068,2048,2048
77762,IDLE,-0.05,0.06,179.95,-0.08,-0.10,-0.04,0.0542,0.0542,0.0542,0.0542,-0.11,-0.02,0.00,26.712142,84.305091,50,2059,2059,2059,2059,2048,2048
77785,IDLE,-0.05,0.05,179.95,0.07,-0.04,-0.13,0.1538,0.1538,0.1538,0.1538,-0.11,-0.01,0.00,26.712142,84.305091,50,2079,2079,2079,2079,2048,2048
77808,IDLE,-0.05,0.05,179.96,0.08,-0.02,0.19,-0.2339,-0.2339,-0.2339,-0.2339,-0.11,-0.01,0.00,26.712142,84.305091,50,2001,2001,2001,2001,2048,2048
77834,IDLE,-0.05,0.05,179.95,-0.20,0.01,-0.06,0.0756,0.0756,0.0756,0.0756,-0.11,-0.00,0.00,26.712142,84.305091,50,2063,2063,2063,2063,2048,2048
77853,IDLE,-0.05,0.05,179.96,0.13,0.07,0.03,-0.0355,-0.0355,-0.0355,-0.0355,-0.10,0.02,0.00,26.712142,84.305091,50,2041,2041,2041,2041,2048,2048
77881,IDLE,-0.05,0.05,179.96,0.05,-0.10,0.01,-0.0174,-0.0174,-0.0174,-0.0174,-0.10,0.05,0.00,26.712142,84.305091,50,2045,2045,2045,2045,2048,2048
77908,IDLE,-0.05,0.05,179.96,-0.25,0.02,0.30,-0.3653,-0.3653,-0.3653,-0.3653,-0.10,0.06,0.00,26.712142,84.305091,50,1975,1975,1975,1975,2048,2048
77928,IDLE,-0.06,0.05,179.95,-0.48,-0.06,-0.53,0.6602,0.6602,0.6602,0.6602,-0.10,0.08,0.00,26.712142,84.305091,50,2180,2180,2180,2180,2048,2048
77951,IDLE,-0.07,0.04,179.95,-0.46,-0.20,-0.22,0.2865,0.2865,0.2865,0.2865,-0.09,0.09,0.00,26.712142,84.305091,50,2105,2105,2105,2105,2048,2048
77973,IDLE,-0.09,0.03,179.94,-0.76,-0.34,-0.26,0.3466,0.3466,0.3466,0.3466,-0.09,0.08,0.00,26.712142,84.305091,50,2117,2117,2117,2117,2048,2048
77999,IDLE,-0.10,0.04,179.95,-0.41,0.22,0.32,-0.3901,-0.3901,-0.3901,-0.3901,-0.09,0.07,0.00,26.712142,84.305091,50,1970,1970,1970,1970,2048,2048
78019,IDLE,-0.11,0.05,179.94,-0.73,0.36,-0.31,0.3944,0.3944,0.3944,0.3944,-0.09,0.07,0.00,26.712142,84.305091,50,2127,2127,2127,2127,2048,2048
78042,IDLE,-0.12,0.05,179.94,-0.46,0.33,0.13,-0.1484,-0.1484,-0.1484,-0.1484,-0.09,0.06,0.00,26.712142,84.305091,50,2018,2018,2018,2018,2048,2048
78064,IDLE,-0.14,0.05,179.95,-0.91,0.09,0.10,-0.1083,-0.1083,-0.1083,-0.1083,-0.09,0.06,0.00,26.712142,84.305091,50,2026,2026,2026,2026,2048,2048
78089,IDLE,-0.15,0.06,179.95,-0.55,0.32,0.22,-0.2576,-0.2576,-0.2576,-0.2576,-0.09,0.06,0.00,26.712142,84.305091,50,1996,1996,1996,1996,2048,2048
78108,IDLE,-0.17,0.06,179.95,-1.06,0.32,-0.24,0.3081,0.3081,0.3081,0.3081,-0.09,0.05,0.00,26.712142,84.305091,50,2110,2110,2110,2110,2048,2048
78135,IDLE,-0.17,0.07,179.95,-0.60,0.48,0.24,-0.2833,-0.2833,-0.2833,-0.2833,-0.09,0.05,0.00,26.712142,84.305091,50,1991,1991,1991,1991,2048,2048
78157,IDLE,-0.19,0.08,179.96,-0.72,0.34,0.44,-0.5257,-0.5257,-0.5257,-0.5257,-0.09,0.04,0.00,26.712142,84.305091,50,1943,1943,1943,1943,2048,2048
78181,IDLE,-0.20,0.09,179.97,-0.68,0.17,0.40,-0.4749,-0.4749,-0.4749,-0.4749,-0.09,0.03,0.00,26.712142,84.305091,50,1953,1953,1953,1953,2048,2048
78199,IDLE,-0.20,0.09,179.97,-0.42,0.08,-0.07,0.0897,0.0897,0.0897,0.0897,-0.09,0.03,0.00,26.712142,84.305091,50,2066,2066,2066,2066,2048,2048
78226,IDLE,-0.20,0.09,179.97,-0.25,0.04,-0.10,0.1307,0.1307,0.1307,0.1307,-0.09,0.02,0.00,26.712142,84.305091,50,2074,2074,2074,2074,2048,2048
78246,IDLE,-0.21,0.09,179.97,-0.23,0.23,0.10,-0.1234,-0.1234,-0.1234,-0.1234,-0.09,0.02,0.00,26.712142,84.305091,50,2023,2023,2023,2023,2048,2048
78270,IDLE,-0.20,0.10,179.97,-0.25,0.33,-0.17,0.2078,0.2078,0.2078,0.2078,-0.09,0.02,0.00,26.712142,84.305091,50,2090,2090,2090,2090,2048,2048
78293,IDLE,-0.20,0.11,179.97,0.10,0.46,0.16,-0.2031,-0.2031,-0.2031,-0.2031,-0.09,0.02,0.00,26.712142,84.305091,50,2007,2007,2007,2007,2048,2048
78328,IDLE,-0.20,0.12,179.97,-0.42,0.27,-0.01,0.0156,0.0156,0.0156,0.0156,-0.09,0.01,0.00,26.712142,84.305091,50,2051,2051,2051,2051,2048,2048
78355,IDLE,-0.21,0.13,179.97,-0.43,0.37,-0.03,0.0456,0.0456,0.0456,0.0456,-0.09,0.01,0.00,26.712142,84.305091,50,2057,2057,2057,2057,2048,2048
78375,IDLE,-0.21,0.14,179.97,0.00,0.54,0.02,-0.0313,-0.0313,-0.0313,-0.0313,-0.09,0.02,0.00,26.712142,84.305091,50,2042,2042,2042,2042,2048,2048
78399,IDLE,-0.20,0.15,179.97,-0.27,0.70,-0.01,0.0072,0.0072,0.0072,0.0072,-0.08,0.03,0.00,26.712142,84.305091,50,2049,2049,2049,2049,2048,2048
78422,IDLE,-0.20,0.16,179.98,-0.08,0.55,0.19,-0.2371,-0.2371,-0.2371,-0.2371,-0.08,0.03,0.00,26.712142,84.305091,50,2001,2001,2001,2001,2048,2048
78449,IDLE,-0.20,0.17,179.98,-0.28,0.27,-0.05,0.0575,0.0575,0.0575,0.0575,-0.08,0.03,0.00,26.712142,84.305091,50,2060,2060,2060,2060,2048,2048
78469,IDLE,-0.20,0.17,179.98,-0.22,0.22,-0.01,0.0170,0.0170,0.0170,0.0170,-0.08,0.02,0.00,26.712142,84.305091,50,2051,2051,2051,2051,2048,2048
78493,IDLE,-0.20,0.16,179.98,-0.50,0.13,-0.08,0.1033,0.1033,0.1033,0.1033,-0.08,0.01,0.00,26.712142,84.305091,50,2069,2069,2069,2069,2048,2048
78515,IDLE,-0.21,0.16,179.98,-0.45,0.14,0.14,-0.1688,-0.1688,-0.1688,-0.1688,-0.08,-0.00,0.00,26.712142,84.305091,50,2014,2014,2014,2014,2048,2048
78542,IDLE,-0.22,0.17,179.98,-0.55,0.37,-0.01,0.0176,0.0176,0.0176,0.0176,-0.09,-0.01,0.00,26.712142,84.305091,50,2052,2052,2052,2052,2048,2048
78561,IDLE,-0.22,0.18,179.98,-0.57,0.39,0.09,-0.1028,-0.1028,-0.1028,-0.1028,-0.08,0.00,0.00,26.712142,84.305091,50,2027,2027,2027,2027,2048,2048
78585,IDLE,-0.22,0.17,179.98,-0.39,0.15,-0.04,0.0572,0.0572,0.0572,0.0572,-0.08,0.01,0.00,26.712142,84.305091,50,2059,2059,2059,2059,2048,2048
78607,IDLE,-0.23,0.17,179.98,-0.47,0.12,-0.01,0.0207,0.0207,0.0207,0.0207,-0.08,0.02,0.00,26.712142,84.305091,50,2052,2052,2052,2052,2048,2048
78632,IDLE,-0.24,0.18,179.98,-0.59,0.34,-0.13,0.1699,0.1699,0.1699,0.1699,-0.08,0.02,0.00,26.712142,84.305091,50,2082,2082,2082,2082,2048,2048
78652,IDLE,-0.24,0.18,179.97,-0.45,0.31,-0.17,0.2102,0.2102,0.2102,0.2102,-0.08,0.02,0.00,26.712142,84.305091,M,2090,2090,2090,2090,2048,2048
78675,IDLE,-0.24,0.18,179.97,-0.12,0.24,-0.12,0.1431,0.1431,0.1431,0.1431,-0.08,0.02,0.00,26.712142,84.305091,M,2077,2077,2077,2077,2048,2048
78697,IDLE,-0.23,0.18,179.97,0.06,0.06,-0.16,0.1888,0.1888,0.1888,0.1888,-0.08,0.03,0.00,26.712142,84.305091,M,2086,2086,2086,2086,2048,2048
78723,IDLE,-0.22,0.18,179.97,0.06,0.13,-0.10,0.1206,0.1206,0.1206,0.1206,-0.08,0.03,0.00,26.712142,84.305091,M,2072,2072,2072,2072,2048,2048
78743,IDLE,-0.22,0.17,179.96,-0.27,-0.05,-0.14,0.1818,0.1818,0.1818,0.1818,-0.08,0.02,0.00,26.712142,84.305091,M,2084,2084,2084,2084,2048,2048
78766,IDLE,-0.22,0.17,179.97,-0.01,0.02,0.08,-0.0944,-0.0944,-0.0944,-0.0944,-0.08,0.02,0.00,26.712142,84.305091,M,2029,2029,2029,2029,2048,2048
78789,IDLE,-0.21,0.16,179.97,-0.15,-0.01,0.18,-0.2195,-0.2195,-0.2195,-0.2195,-0.08,0.01,0.00,26.712142,84.305091,M,2004,2004,2004,2004,2048,2048
78815,IDLE,-0.21,0.16,179.97,-0.12,-0.05,0.11,-0.1264,-0.1264,-0.1264,-0.1264,-0.08,-0.00,0.00,26.712142,84.305091,M,2023,2023,2023,2023,2048,2048
78834,IDLE,-0.21,0.15,179.97,-0.12,-0.07,0.02,-0.0245,-0.0245,-0.0245,-0.0245,-0.08,-0.01,0.00,26.712142,84.305091,M,2043,2043,2043,2043,2048,2048
78862,IDLE,-0.21,0.15,179.97,-0.32,-0.09,-0.04,0.0617,0.0617,0.0617,0.0617,-0.08,-0.02,0.00,26.712142,84.305091,M,2060,2060,2060,2060,2048,2048
78889,IDLE,-0.22,0.14,179.97,-0.28,-0.02,0.04,-0.0365,-0.0365,-0.0365,-0.0365,-0.08,-0.02,0.00,26.712142,84.305091,M,2041,2041,2041,2041,2048,2048
78909,IDLE,-0.22,0.14,179.97,-0.32,-0.08,0.02,-0.0097,-0.0097,-0.0097,-0.0097,-0.08,-0.02,0.00,26.712142,84.305091,M,2046,2046,2046,2046,2048,2048
78932,IDLE,-0.22,0.13,179.98,-0.41,0.00,0.04,-0.0371,-0.0371,-0.0371,-0.0371,-0.08,-0.02,0.00,26.712142,84.305091,M,2041,2041,2041,2041,2048,2048
78954,IDLE,-0.22,0.13,179.98,-0.30,-0.10,0.14,-0.1615,-0.1615,-0.1615,-0.1615,-0.08,-0.01,0.00,26.712142,84.305091,M,2016,2016,2016,2016,2048,2048
78980,IDLE,-0.23,0.13,179.98,-0.45,-0.01,0.10,-0.1098,-0.1098,-0.1098,-0.1098,-0.08,-0.01,0.00,26.712142,84.305091,M,2026,2026,2026,2026,2048,2048
78999,IDLE,-0.23,0.13,179.98,-0.57,0.09,-0.17,0.2172,0.2172,0.2172,0.2172,-0.08,-0.01,0.00,26.712142,84.305091,M,2091,2091,2091,2091,2048,2048
79026,IDLE,-0.24,0.12,179.97,-0.68,-0.06,-0.15,0.1969,0.1969,0.1969,0.1969,-0.08,-0.01,0.00,26.712142,84.305091,M,2087,2087,2087,2087,2048,2048
79047,IDLE,-0.25,0.12,179.98,-0.57,-0.11,0.09,-0.0927,-0.0927,-0.0927,-0.0927,-0.08,-0.00,0.00,26.712142,84.305091,M,2029,2029,2029,2029,2048,2048
79072,IDLE,-0.25,0.11,179.98,-0.31,-0.10,-0.05,0.0727,0.0727,0.0727,0.0727,-0.08,0.00,0.00,26.712142,84.305091,M,2063,2063,2063,2063,2048,2048
79090,IDLE,-0.25,0.11,179.98,-0.13,-0.10,-0.00,0.0062,0.0062,0.0062,0.0062,-0.08,-0.01,0.00,26.712142,84.305091,M,2049,2049,2049,2049,2048,2048
79117,IDLE,-0.25,0.10,179.98,-0.20,-0.19,0.09,-0.1059,-0.1059,-0.1059,-0.1059,-0.09,-0.02,0.00,26.712142,84.305091,M,2027,2027,2027,2027,2048,2048
79137,IDLE,-0.24,0.10,179.98,0.13,-0.15,0.16,-0.1943,-0.1943,-0.1943,-0.1943,-0.09,-0.03,0.00,26.712142,84.305091,M,2009,2009,2009,2009,2048,2048
79169,IDLE,-0.23,0.09,179.98,-0.04,0.03,-0.01,0.0158,0.0158,0.0158,0.0158,-0.09,-0.03,0.00,26.712142,84.305091,M,2051,2051,2051,2051,2048,2048
79193,IDLE,-0.23,0.09,179.98,-0.17,0.04,0.06,-0.0727,-0.0727,-0.0727,-0.0727,-0.09,-0.03,0.00,26.712142,84.305091,M,2033,2033,2033,2033,2048,2048
79216,IDLE,-0.22,0.09,179.99,0.18,-0.12,0.20,-0.2401,-0.2401,-0.2401,-0.2401,-0.09,-0.03,0.00,26.712142,84.305091,M,2000,2000,2000,2000,2048,2048
79243,IDLE,-0.21,0.08,179.99,-0.10,-0.14,0.07,-0.0866,-0.0866,-0.0866,-0.0866,-0.09,-0.04,0.00,26.712142,84.305091,M,2031,2031,2031,2031,2048,2048
79263,IDLE,-0.20,0.08,180.00,0.05,-0.14,0.15,-0.1776,-0.1776,-0.1776,-0.1776,-0.09,-0.04,0.00,26.712142,84.305091,M,2012,2012,2012,2012,2048,2048
79286,IDLE,-0.20,0.07,180.00,-0.26,-0.17,0.15,-0.1748,-0.1748,-0.1748,-0.1748,-0.09,-0.05,0.00,26.712142,84.305091,M,2013,2013,2013,2013,2048,2048
79308,IDLE,-0.21,0.07,180.00,-0.59,0.01,0.10,-0.1058,-0.1058,-0.1058,-0.1058,-0.09,-0.04,0.00,26.712142,84.305091,M,2027,2027,2027,2027,2048,2048
79333,IDLE,-0.21,0.07,180.00,-0.25,0.01,0.18,-0.2197,-0.2197,-0.2197,-0.2197,-0.09,-0.03,0.00,26.712142,84.305091,M,2004,2004,2004,2004,2048,2048
79352,IDLE,-0.22,0.07,180.00,-0.42,-0.03,-0.02,0.0394,0.0394,0.0394,0.0394,-0.09,-0.04,0.00,26.712142,84.305091,M,2056,2056,2056,2056,2048,2048
79380,IDLE,-0.21,0.06,180.01,0.04,-0.10,0.18,-0.2215,-0.2215,-0.2215,-0.2215,-0.10,-0.04,0.00,26.712142,84.305091,M,2004,2004,2004,2004,2048,2048
79401,IDLE,-0.22,0.06,180.01,-0.40,-0.12,0.07,-0.0763,-0.0763,-0.0763,-0.0763,-0.10,-0.04,0.00,26.712142,84.305091,M,2033,2033,2033,2033,2048,2048
79425,IDLE,-0.22,0.05,180.01,-0.30,-0.04,0.15,-0.1744,-0.1744,-0.1744,-0.1744,-0.10,-0.04,0.00,26.712142,84.305091,M,2013,2013,2013,2013,2048,2048
79448,IDLE,-0.22,0.06,180.02,-0.18,0.15,0.40,-0.4852,-0.4852,-0.4852,-0.4852,-0.10,-0.04,0.00,26.712142,84.305091,M,1951,1951,1951,1951,2048,2048
79475,IDLE,-0.21,0.05,180.03,-0.18,-0.10,0.18,-0.2184,-0.2184,-0.2184,-0.2184,-0.10,-0.04,0.00,26.712142,84.305091,M,2004,2004,2004,2004,2048,2048
79495,IDLE,-0.21,0.06,180.04,-0.08,0.10,0.39,-0.4759,-0.4759,-0.4759,-0.4759,-0.10,-0.04,0.00,26.712142,84.305091,M,1953,1953,1953,1953,2048,2048
79518,IDLE,-0.21,0.06,180.04,-0.43,-0.06,0.14,-0.1603,-0.1603,-0.1603,-0.1603,-0.10,-0.03,0.00,26.712142,84.305091,M,2016,2016,2016,2016,2048,2048
79540,IDLE,-0.22,0.05,180.05,-0.38,-0.00,0.30,-0.3532,-0.3532,-0.3532,-0.3532,-0.10,-0.04,0.00,26.712142,84.305091,M,1977,1977,1977,1977,2048,2048
79566,IDLE,-0.22,0.05,180.05,-0.60,0.01,0.17,-0.1945,-0.1945,-0.1945,-0.1945,-0.10,-0.03,0.00,26.712142,84.305091,M,2009,2009,2009,2009,2048,2048
79584,IDLE,-0.23,0.06,180.06,-0.41,0.05,0.36,-0.4304,-0.4304,-0.4304,-0.4304,-0.10,-0.05,0.00,26.712142,84.305091,M,1962,1962,1962,1962,2048,2048
79612,IDLE,-0.22,0.06,180.06,-0.14,0.07,0.15,-0.1755,-0.1755,-0.1755,-0.1755,-0.11,-0.06,0.00,26.712142,84.305091,M,2013,2013,2013,2013,2048,2048
79632,IDLE,-0.22,0.06,180.07,-0.04,-0.13,0.19,-0.2325,-0.2325,-0.2325,-0.2325,-0.11,-0.07,0.00,26.712142,84.305091,M,2001,2001,2001,2001,2048,2048
79657,IDLE,-0.21,0.05,180.07,-0.15,-0.10,0.14,-0.1674,-0.1674,-0.1674,-0.1674,-0.11,-0.08,0.00,26.712142,84.305092,4.4,2015,2015,2015,2015,2048,2048
79680,IDLE,-0.21,0.05,180.07,-0.12,0.04,0.07,-0.0841,-0.0841,-0.0841,-0.0841,-0.11,-0.07,0.00,26.712142,84.305092,4.4,2031,2031,2031,2031,2048,2048
79706,IDLE,-0.21,0.05,180.07,-0.01,0.03,0.07,-0.0889,-0.0889,-0.0889,-0.0889,-0.11,-0.06,0.00,26.712142,84.305092,4.4,2030,2030,2030,2030,2048,2048
79726,IDLE,-0.20,0.05,180.07,0.02,-0.07,-0.00,0.0058,0.0058,0.0058,0.0058,-0.11,-0.04,0.00,26.712142,84.305092,4.4,2049,2049,2049,2049,2048,2048
79754,IDLE,-0.19,0.04,180.07,0.02,-0.21,0.09,-0.1016,-0.1016,-0.1016,-0.1016,-0.11,-0.02,0.00,26.712142,84.305092,4.4,2028,2028,2028,2028,2048,2048
79775,IDLE,-0.19,0.04,180.07,-0.27,-0.14,-0.02,0.0360,0.0360,0.0360,0.0360,-0.11,-0.01,0.00,26.712142,84.305092,4.4,2055,2055,2055,2055,2048,2048
79800,IDLE,-0.19,0.04,180.07,-0.28,-0.00,-0.02,0.0327,0.0327,0.0327,0.0327,-0.11,0.00,0.00,26.712142,84.305092,4.4,2055,2055,2055,2055,2048,2048
79818,IDLE,-0.19,0.03,180.07,-0.24,-0.01,0.05,-0.0526,-0.0526,-0.0526,-0.0526,-0.11,0.01,0.00,26.712142,84.305092,4.4,2037,2037,2037,2037,2048,2048
79845,IDLE,-0.19,0.03,180.07,-0.03,-0.08,0.09,-0.1086,-0.1086,-0.1086,-0.1086,-0.11,0.01,0.00,26.712142,84.305092,4.4,2026,2026,2026,2026,2048,2048
79865,IDLE,-0.18,0.02,180.07,-0.04,-0.15,0.11,-0.1284,-0.1284,-0.1284,-0.1284,-0.11,-0.00,0.00,26.712142,84.305092,4.4,2022,2022,2022,2022,2048,2048
79889,IDLE,-0.18,0.02,180.07,-0.08,-0.13,0.04,-0.0495,-0.0495,-0.0495,-0.0495,-0.11,-0.01,0.00,26.712142,84.305092,4.4,2038,2038,2038,2038,2048,2048
79911,IDLE,-0.18,0.01,180.08,-0.26,-0.36,0.25,-0.2972,-0.2972,-0.2972,-0.2972,-0.11,-0.00,0.00,26.712142,84.305092,4.4,1989,1989,1989,1989,2048,2048
79936,IDLE,-0.18,0.00,180.09,-0.08,-0.24,0.31,-0.3712,-0.3712,-0.3712,-0.3712,-0.11,0.00,0.00,26.712142,84.305092,4.4,1974,1974,1974,1974,2048,2048
79954,IDLE,-0.18,0.01,180.09,-0.08,-0.08,0.34,-0.4074,-0.4074,-0.4074,-0.4074,-0.11,0.01,0.00,26.712142,84.305092,4.4,1967,1967,1967,1967,2048,2048
79981,IDLE,-0.18,0.01,180.09,-0.28,0.04,0.00,0.0030,0.0030,0.0030,0.0030,-0.10,0.02,0.00,26.712142,84.305092,4.4,2049,2049,2049,2049,2048,2048
80001,IDLE,-0.18,0.02,180.09,-0.26,0.13,-0.01,0.0147,0.0147,0.0147,0.0147,-0.10,0.04,0.00,26.712142,84.305092,4.4,2051,2051,2051,2051,2048,2048
80025,IDLE,-0.19,0.02,180.09,-0.48,0.18,-0.06,0.0864,0.0864,0.0864,0.0864,-0.10,0.04,0.00,26.712142,84.305092,4.4,2065,2065,2065,2065,2048,2048
80048,IDLE,-0.19,0.03,180.09,-0.35,0.16,0.05,-0.0528,-0.0528,-0.0528,-0.0528,-0.10,0.04,0.00,26.712142,84.305092,4.4,2037,2037,2037,2037,2048,2048
80074,IDLE,-0.19,0.03,180.09,-0.22,0.18,-0.06,0.0759,0.0759,0.0759,0.0759,-0.10,0.04,0.00,26.712142,84.305092,4.4,2063,2063,2063,2063,2048,2048
80093,IDLE,-0.20,0.03,180.09,-0.32,0.08,0.06,-0.0674,-0.0674,-0.0674,-0.0674,-0.10,0.04,0.00,26.712142,84.305092,4.4,2035,2035,2035,2035,2048,2048
80117,IDLE,-0.20,0.03,180.09,-0.35,0.05,0.24,-0.2824,-0.2824,-0.2824,-0.2824,-0.10,0.03,0.00,26.712142,84.305092,4.4,1992,1992,1992,1992,2048,2048
80138,IDLE,-0.21,0.02,180.09,-0.57,-0.26,-0.12,0.1623,0.1623,0.1623,0.1623,-0.10,0.03,0.00,26.712142,84.305092,4.4,2080,2080,2080,2080,2048,2048
80164,IDLE,-0.21,0.02,180.09,-0.27,-0.19,-0.01,0.0194,0.0194,0.0194,0.0194,-0.10,0.02,0.00,26.712142,84.305092,4.4,2052,2052,2052,2052,2048,2048
80182,IDLE,-0.21,0.02,180.08,-0.42,-0.20,-0.21,0.2693,0.2693,0.2693,0.2693,-0.10,0.01,0.00,26.712142,84.305092,4.4,2102,2102,2102,2102,2048,2048
80210,IDLE,-0.22,0.02,180.08,-0.33,0.11,0.01,-0.0084,-0.0084,-0.0084,-0.0084,-0.10,-0.00,0.00,26.712142,84.305092,4.4,2046,2046,2046,2046,2048,2048
80231,IDLE,-0.22,0.02,180.08,-0.34,0.13,-0.02,0.0252,0.0252,0.0252,0.0252,-0.10,-0.01,0.00,26.712142,84.305092,4.4,2053,2053,2053,2053,2048,2048
80255,IDLE,-0.22,0.02,180.08,-0.57,0.09,0.05,-0.0487,-0.0487,-0.0487,-0.0487,-0.10,-0.01,0.00,26.712142,84.305092,4.4,2038,2038,2038,2038,2048,2048
80278,IDLE,-0.23,0.02,180.09,-0.51,0.01,0.16,-0.1841,-0.1841,-0.1841,-0.1841,-0.10,0.00,0.00,26.712142,84.305092,4.4,2011,2011,2011,2011,2048,2048
80305,IDLE,-0.24,0.02,180.09,-0.59,0.13,0.06,-0.0606,-0.0606,-0.0606,-0.0606,-0.10,0.01,0.00,26.712142,84.305092,4.4,2036,2036,2036,2036,2048,2048
80324,IDLE,-0.24,0.03,180.09,-0.66,0.41,0.23,-0.2776,-0.2776,-0.2776,-0.2776,-0.10,-0.01,0.00,26.712142,84.305092,4.4,1992,1992,1992,1992,2048,2048
80359,IDLE,-0.25,0.04,180.09,-0.51,0.30,-0.03,0.0444,0.0444,0.0444,0.0444,-0.10,-0.00,0.00,26.712142,84.305092,4.4,2057,2057,2057,2057,2048,2048
80382,IDLE,-0.26,0.05,180.09,-0.61,0.40,0.04,-0.0476,-0.0476,-0.0476,-0.0476,-0.10,-0.00,0.00,26.712142,84.305092,4.4,2038,2038,2038,2038,2048,2048
80404,IDLE,-0.26,0.06,180.09,-0.45,0.31,-0.04,0.0516,0.0516,0.0516,0.0516,-0.10,-0.00,0.00,26.712142,84.305092,4.4,2058,2058,2058,2058,2048,2048
80429,IDLE,-0.26,0.06,180.09,-0.46,0.20,-0.10,0.1262,0.1262,0.1262,0.1262,-0.10,-0.00,0.00,26.712142,84.305092,4.4,2073,2073,2073,2073,2048,2048
80448,IDLE,-0.26,0.06,180.09,-0.29,0.19,-0.01,0.0165,0.0165,0.0165,0.0165,-0.10,0.00,0.00,26.712142,84.305092,4.4,2051,2051,2051,2051,2048,2048
80475,IDLE,-0.26,0.07,180.08,-0.28,0.15,-0.02,0.0336,0.0336,0.0336,0.0336,-0.10,0.00,0.00,26.712142,84.305092,4.4,2055,2055,2055,2055,2048,2048
80496,IDLE,-0.25,0.07,180.08,-0.15,0.31,0.06,-0.0752,-0.0752,-0.0752,-0.0752,-0.10,0.01,0.00,26.712142,84.305092,4.4,2033,2033,2033,2033,2048,2048
80521,IDLE,-0.25,0.08,180.08,-0.29,0.23,-0.13,0.1627,0.1627,0.1627,0.1627,-0.10,0.02,0.00,26.712142,84.305092,4.4,2081,2081,2081,2081,2048,2048
80539,IDLE,-0.25,0.08,180.08,-0.04,0.03,0.08,-0.0993,-0.0993,-0.0993,-0.0993,-0.10,0.03,0.00,26.712142,84.305092,4.4,2028,2028,2028,2028,2048,2048
80566,IDLE,-0.24,0.08,180.08,-0.15,-0.02,0.08,-0.0895,-0.0895,-0.0895,-0.0895,-0.10,0.03,0.00,26.712142,84.305092,4.4,2030,2030,2030,2030,2048,2048
80586,IDLE,-0.24,0.08,180.08,0.01,0.12,-0.03,0.0285,0.0285,0.0285,0.0285,-0.10,0.03,0.00,26.712142,84.305092,4.4,2054,2054,2054,2054,2048,2048
80609,IDLE,-0.23,0.08,180.08,-0.11,0.15,-0.08,0.1003,0.1003,0.1003,0.1003,-0.10,0.03,0.00,26.712142,84.305092,4.4,2068,2068,2068,2068,2048,2048
80632,IDLE,-0.23,0.08,180.08,-0.18,0.09,0.01,-0.0081,-0.0081,-0.0081,-0.0081,-0.10,0.02,0.00,26.712142,84.305092,4.4,2046,2046,2046,2046,2048,2048
80658,IDLE,-0.23,0.08,180.08,-0.24,-0.04,0.03,-0.0337,-0.0337,-0.0337,-0.0337,-0.10,0.01,0.00,26.712142,84.305092,4.4,2041,2041,2041,2041,2048,2048
80677,IDLE,-0.23,0.08,180.08,-0.26,0.01,-0.13,0.1687,0.1687,0.1687,0.1687,-0.10,-0.00,0.00,26.712142,84.305092,M,2082,2082,2082,2082,2048,2048
80705,IDLE,-0.22,0.08,180.07,-0.18,0.09,-0.13,0.1638,0.1638,0.1638,0.1638,-0.10,-0.02,0.00,26.712142,84.305092,M,2081,2081,2081,2081,2048,2048
80727,IDLE,-0.22,0.08,180.07,0.03,0.04,-0.27,0.3224,0.3224,0.3224,0.3224,-0.10,-0.01,0.00,26.712142,84.305092,M,2112,2112,2112,2112,2048,2048
80752,IDLE,-0.21,0.08,180.07,-0.03,0.15,-0.02,0.0200,0.0200,0.0200,0.0200,-0.10,-0.01,0.00,26.712142,84.305092,M,2052,2052,2052,2052,2048,2048
80771,IDLE,-0.21,0.08,180.06,-0.09,0.11,-0.21,0.2512,0.2512,0.2512,0.2512,-0.10,-0.00,0.00,26.712142,84.305092,M,2098,2098,2098,2098,2048,2048
80799,IDLE,-0.20,0.07,180.05,-0.08,-0.08,-0.51,0.6223,0.6223,0.6223,0.6223,-0.10,-0.00,0.00,26.712142,84.305092,M,2172,2172,2172,2172,2048,2048
80821,IDLE,-0.21,0.07,180.03,-0.35,-0.11,-0.51,0.6372,0.6372,0.6372,0.6372,-0.10,0.02,0.00,26.712142,84.305092,M,2175,2175,2175,2175,2048,2048
80846,IDLE,-0.21,0.07,180.03,-0.20,0.24,-0.32,0.3901,0.3901,0.3901,0.3901,-0.09,0.04,0.00,26.712142,84.305092,M,2126,2126,2126,2126,2048,2048
80865,IDLE,-0.21,0.07,180.01,-0.20,0.21,-0.77,0.9390,0.9390,0.9390,0.9390,-0.09,0.04,0.00,26.712142,84.305092,M,2236,2236,2236,2236,2048,2048
80888,IDLE,-0.20,0.07,180.00,-0.15,0.04,-0.51,0.6232,0.6232,0.6232,0.6232,-0.09,0.04,0.00,26.712142,84.305092,M,2173,2173,2173,2173,2048,2048
80910,IDLE,-0.21,0.07,179.99,-0.41,0.12,-0.38,0.4749,0.4749,0.4749,0.4749,-0.09,0.04,0.00,26.712142,84.305092,M,2143,2143,2143,2143,2048,2048
80935,IDLE,-0.21,0.07,179.98,-0.37,0.19,-0.26,0.3237,0.3237,0.3237,0.3237,-0.09,0.04,0.00,26.712142,84.305092,M,2113,2113,2113,2113,2048,2048
80954,IDLE,-0.22,0.08,179.98,-0.53,0.31,-0.28,0.3518,0.3518,0.3518,0.3518,-0.09,0.04,0.00,26.712142,84.305092,M,2118,2118,2118,2118,2048,2048
80978,IDLE,-0.22,0.08,179.98,-0.32,0.28,-0.10,0.1280,0.1280,0.1280,0.1280,-0.09,0.03,0.00,26.712142,84.305092,M,2074,2074,2074,2074,2048,2048
81000,IDLE,-0.22,0.08,179.97,-0.52,0.23,-0.13,0.1718,0.1718,0.1718,0.1718,-0.09,0.03,0.00,26.712142,84.305092,M,2082,2082,2082,2082,2048,2048
81026,IDLE,-0.22,0.09,179.97,-0.21,0.29,-0.14,0.1765,0.1765,0.1765,0.1765,-0.09,0.02,0.00,26.712142,84.305092,M,2083,2083,2083,2083,2048,2048
81045,IDLE,-0.23,0.09,179.96,-0.51,0.11,-0.32,0.3992,0.3992,0.3992,0.3992,-0.09,0.00,0.00,26.712142,84.305092,M,2128,2128,2128,2128,2048,2048
81068,IDLE,-0.22,0.08,179.96,-0.08,0.02,-0.01,0.0076,0.0076,0.0076,0.0076,-0.09,-0.01,0.00,26.712142,84.305092,M,2050,2050,2050,2050,2048,2048
81091,IDLE,-0.22,0.08,179.96,-0.03,-0.04,-0.13,0.1652,0.1652,0.1652,0.1652,-0.09,-0.01,0.00,26.712142,84.305092,M,2081,2081,2081,2081,2048,2048
81117,IDLE,-0.21,0.07,179.96,-0.00,-0.02,-0.14,0.1771,0.1771,0.1771,0.1771,-0.09,-0.01,0.00,26.712142,84.305092,M,2083,2083,2083,2083,2048,2048
81137,IDLE,-0.21,0.06,179.95,-0.14,-0.24,-0.30,0.3730,0.3730,0.3730,0.3730,-0.09,-0.02,0.00,26.712142,84.305092,M,2123,2123,2123,2123,2048,2048
81172,IDLE,-0.20,0.05,179.95,0.08,-0.19,0.05,-0.0574,-0.0574,-0.0574,-0.0574,-0.09,-0.02,0.00,26.712142,84.305092,M,2037,2037,2037,2037,2048,2048
81196,IDLE,-0.20,0.05,179.94,-0.26,-0.06,-0.24,0.2943,0.2943,0.2943,0.2943,-0.09,-0.02,0.00,26.712142,84.305092,M,2107,2107,2107,2107,2048,2048
81218,IDLE,-0.20,0.06,179.95,-0.13,0.24,0.21,-0.2615,-0.2615,-0.2615,-0.2615,-0.09,-0.02,0.00,26.712142,84.305092,M,1996,1996,1996,1996,2048,2048
81244,IDLE,-0.21,0.05,179.95,-0.43,0.09,0.11,-0.1215,-0.1215,-0.1215,-0.1215,-0.10,-0.03,0.00,26.712142,84.305092,M,2024,2024,2024,2024,2048,2048
81264,IDLE,-0.21,0.06,179.96,-0.08,0.32,0.21,-0.2554,-0.2554,-0.2554,-0.2554,-0.09,-0.02,0.00,26.712142,84.305092,M,1997,1997,1997,1997,2048,2048
81292,IDLE,-0.21,0.06,179.96,-0.44,0.11,-0.03,0.0460,0.0460,0.0460,0.0460,-0.10,-0.03,0.00,26.712142,84.305092,M,2057,2057,2057,2057,2048,2048
81318,IDLE,-0.22,0.06,179.96,-0.54,0.05,0.06,-0.0582,-0.0582,-0.0582,-0.0582,-0.10,-0.03,0.00,26.712142,84.305092,M,2036,2036,2036,2036,2048,2048
81339,IDLE,-0.22,0.06,179.97,-0.09,0.08,0.30,-0.3607,-0.3607,-0.3607,-0.3607,-0.10,-0.03,0.00,26.712142,84.305092,M,1976,1976,1976,1976,2048,2048
81362,IDLE,-0.21,0.06,179.97,-0.27,0.21,-0.00,0.0031,0.0031,0.0031,0.0031,-0.10,-0.03,0.00,26.712142,84.305092,M,2049,2049,2049,2049,2048,2048
81384,IDLE,-0.20,0.07,179.98,0.26,0.35,0.56,-0.6950,-0.6950,-0.6950,-0.6950,-0.10,-0.03,0.00,26.712142,84.305092,M,1909,1909,1909,1909,2048,2048
81411,IDLE,-0.20,0.07,179.99,-0.27,0.07,0.14,-0.1681,-0.1681,-0.1681,-0.1681,-0.10,-0.03,0.00,26.712142,84.305092,M,2014,2014,2014,2014,2048,2048
81430,IDLE,-0.19,0.08,180.00,0.06,0.07,0.38,-0.4612,-0.4612,-0.4612,-0.4612,-0.10,-0.02,0.00,26.712142,84.305092,M,1956,1956,1956,1956,2048,2048
81453,IDLE,-0.19,0.07,179.99,-0.16,-0.02,-0.09,0.1144,0.1144,0.1144,0.1144,-0.10,-0.02,0.00,26.712142,84.305092,M,2071,2071,2071,2071,2048,2048
81475,IDLE,-0.19,0.07,179.99,0.07,-0.14,0.00,-0.0049,-0.0049,-0.0049,-0.0049,-0.10,-0.00,0.00,26.712142,84.305092,M,2047,2047,2047,2047,2048,2048
81500,IDLE,-0.18,0.07,179.99,0.08,-0.08,-0.04,0.0466,0.0466,0.0466,0.0466,-0.10,0.01,0.00,26.712142,84.305092,M,2057,2057,2057,2057,2048,2048
81519,IDLE,-0.18,0.07,180.00,-0.07,0.05,0.15,-0.1867,-0.1867,-0.1867,-0.1867,-0.10,0.03,0.00,26.712142,84.305092,M,2011,2011,2011,2011,2048,2048
81547,IDLE,-0.17,0.07,179.99,-0.17,0.09,-0.12,0.1511,0.1511,0.1511,0.1511,-0.09,0.04,0.00,26.712142,84.305092,M,2078,2078,2078,2078,2048,2048
81568,IDLE,-0.18,0.07,179.99,-0.23,-0.01,-0.17,0.2119,0.2119,0.2119,0.2119,-0.09,0.05,0.00,26.712142,84.305092,M,2090,2090,2090,2090,2048,2048
81593,IDLE,-0.17,0.07,179.99,-0.27,-0.02,-0.12,0.1550,0.1550,0.1550,0.1550,-0.09,0.05,0.00,26.712142,84.305092,M,2079,2079,2079,2079,2048,2048
81612,IDLE,-0.17,0.07,179.99,-0.19,0.06,-0.05,0.0666,0.0666,0.0666,0.0666,-0.09,0.05,0.00,26.712142,84.305092,M,2061,2061,2061,2061,2048,2048
81640,IDLE,-0.18,0.07,179.98,-0.31,0.12,-0.20,0.2529,0.2529,0.2529,0.2529,-0.09,0.04,0.00,26.712142,84.305092,M,2099,2099,2099,2099,2048,2048
81661,IDLE,-0.18,0.08,179.97,-0.51,0.05,-0.27,0.3443,0.3443,0.3443,0.3443,-0.09,0.02,0.00,26.712141,84.305093,M,2117,2117,2117,2117,2048,2048
81687,IDLE,-0.19,0.07,179.97,-0.41,-0.03,-0.12,0.1618,0.1618,0.1618,0.1618,-0.09,0.01,0.00,26.712141,84.305093,M,2080,2080,2080,2080,2048,2048
81706,IDLE,-0.20,0.07,179.97,-0.72,-0.02,-0.24,0.3089,0.3089,0.3089,0.3089,-0.09,-0.02,0.00,26.712141,84.305093,M,2110,2110,2110,2110,2048,2048
81734,IDLE,-0.21,0.07,179.97,-0.65,0.10,-0.07,0.0989,0.0989,0.0989,0.0989,-0.10,-0.03,0.00,26.712141,84.305093,M,2068,2068,2068,2068,2048,2048
81755,IDLE,-0.22,0.07,179.96,-0.73,0.03,-0.07,0.1037,0.1037,0.1037,0.1037,-0.10,-0.05,0.00,26.712141,84.305093,M,2069,2069,2069,2069,2048,2048
81781,IDLE,-0.23,0.07,179.96,-0.67,0.10,-0.19,0.2454,0.2454,0.2454,0.2454,-0.10,-0.06,0.00,26.712141,84.305093,M,2097,2097,2097,2097,2048,2048
81800,IDLE,-0.24,0.07,179.96,-0.53,0.04,-0.23,0.2873,0.2873,0.2873,0.2873,-0.10,-0.07,0.00,26.712141,84.305093,M,2105,2105,2105,2105,2048,2048
81828,IDLE,-0.25,0.07,179.95,-0.58,0.06,-0.29,0.3648,0.3648,0.3648,0.3648,-0.10,-0.07,0.00,26.712141,84.305093,M,2121,2121,2121,2121,2048,2048
81849,IDLE,-0.25,0.07,179.95,-0.44,0.16,-0.12,0.1564,0.1564,0.1564,0.1564,-0.11,-0.08,0.00,26.712141,84.305093,M,2079,2079,2079,2079,2048,2048
81875,IDLE,-0.25,0.08,179.94,-0.42,0.19,-0.08,0.0996,0.0996,0.0996,0.0996,-0.11,-0.08,0.00,26.712141,84.305093,M,2068,2068,2068,2068,2048,2048
81894,IDLE,-0.25,0.08,179.95,-0.19,0.17,0.09,-0.1104,-0.1104,-0.1104,-0.1104,-0.11,-0.08,0.00,26.712141,84.305093,M,2026,2026,2026,2026,2048,2048
81922,IDLE,-0.25,0.08,179.95,-0.21,0.06,0.04,-0.0399,-0.0399,-0.0399,-0.0399,-0.11,-0.08,0.00,26.712141,84.305093,M,2040,2040,2040,2040,2048,2048
81943,IDLE,-0.25,0.08,179.95,-0.29,-0.00,0.21,-0.2475,-0.2475,-0.2475,-0.2475,-0.11,-0.06,0.00,26.712141,84.305093,M,1998,1998,1998,1998,2048,2048
81968,IDLE,-0.25,0.08,179.95,-0.19,0.03,0.01,-0.0139,-0.0139,-0.0139,-0.0139,-0.11,-0.04,0.00,26.712141,84.305093,M,2045,2045,2045,2045,2048,2048
81986,IDLE,-0.24,0.08,179.96,-0.03,0.11,0.01,-0.0174,-0.0174,-0.0174,-0.0174,-0.11,-0.03,0.00,26.712141,84.305093,M,2045,2045,2045,2045,2048,2048
82013,IDLE,-0.23,0.08,179.95,-0.11,0.13,-0.06,0.0778,0.0778,0.0778,0.0778,-0.11,-0.02,0.00,26.712141,84.305093,M,2064,2064,2064,2064,2048,2048
82033,IDLE,-0.23,0.08,179.95,-0.08,0.09,-0.04,0.0484,0.0484,0.0484,0.0484,-0.11,-0.01,0.00,26.712141,84.305093,M,2058,2058,2058,2058,2048,2048
82057,IDLE,-0.23,0.08,179.95,-0.24,0.07,-0.10,0.1272,0.1272,0.1272,0.1272,-0.11,-0.01,0.00,26.712141,84.305093,M,2073,2073,2073,2073,2048,2048
82080,IDLE,-0.23,0.08,179.95,-0.26,-0.03,-0.11,0.1385,0.1385,0.1385,0.1385,-0.11,-0.01,0.00,26.712141,84.305093,M,2076,2076,2076,2076,2048,2048
82107,IDLE,-0.24,0.08,179.95,-0.42,0.09,-0.01,0.0193,0.0193,0.0193,0.0193,-0.11,-0.01,0.00,26.712141,84.305093,M,2052,2052,2052,2052,2048,2048
82127,IDLE,-0.24,0.07,179.95,-0.37,0.02,0.01,-0.0085,-0.0085,-0.0085,-0.0085,-0.11,-0.02,0.00,26.712141,84.305093,M,2046,2046,2046,2046,2048,2048
82151,IDLE,-0.24,0.07,179.95,-0.36,0.07,-0.14,0.1732,0.1732,0.1732,0.1732,-0.11,-0.03,0.00,26.712141,84.305093,M,2083,2083,2083,2083,2048,2048
82173,IDLE,-0.25,0.07,179.94,-0.34,-0.16,-0.17,0.2161,0.2161,0.2161,0.2161,-0.11,-0.05,0.00,26.712141,84.305093,M,2091,2091,2091,2091,2048,2048
82200,IDLE,-0.24,0.06,179.94,-0.16,-0.11,0.04,-0.0374,-0.0374,-0.0374,-0.0374,-0.12,-0.06,0.00,26.712141,84.305093,M,2041,2041,2041,2041,2048,2048
82220,IDLE,-0.24,0.06,179.94,-0.24,-0.12,-0.03,0.0456,0.0456,0.0456,0.0456,-0.12,-0.08,0.00,26.712141,84.305093,M,2057,2057,2057,2057,2048,2048
82243,IDLE,-0.24,0.05,179.95,-0.10,-0.11,0.21,-0.2560,-0.2560,-0.2560,-0.2560,-0.12,-0.09,0.00,26.712141,84.305093,M,1997,1997,1997,1997,2048,2048
82265,IDLE,-0.24,0.05,179.96,-0.30,-0.01,0.38,-0.4561,-0.4561,-0.4561,-0.4561,-0.12,-0.09,0.00,26.712141,84.305093,M,1957,1957,1957,1957,2048,2048
82290,IDLE,-0.24,0.05,179.97,-0.45,-0.09,0.30,-0.3486,-0.3486,-0.3486,-0.3486,-0.13,-0.08,0.00,26.712141,84.305093,M,1978,1978,1978,1978,2048,2048
82309,IDLE,-0.25,0.04,179.97,-0.45,-0.20,0.07,-0.0680,-0.0680,-0.0680,-0.0680,-0.12,-0.07,0.00,26.712141,84.305093,M,2034,2034,2034,2034,2048,2048
82336,IDLE,-0.25,0.03,179.97,-0.16,-0.20,-0.06,0.0766,0.0766,0.0766,0.0766,-0.12,-0.05,0.00,26.712141,84.305093,M,2063,2063,2063,2063,2048,2048
82366,IDLE,-0.26,0.03,179.97,-0.44,-0.03,0.12,-0.1351,-0.1351,-0.1351,-0.1351,-0.13,-0.05,0.00,26.712141,84.305093,M,2021,2021,2021,2021,2048,2048
82392,IDLE,-0.26,0.03,179.97,-0.32,0.11,-0.04,0.0535,0.0535,0.0535,0.0535,-0.13,-0.05,0.00,26.712141,84.305093,M,2059,2059,2059,2059,2048,2048
82412,IDLE,-0.26,0.03,179.97,-0.41,0.09,0.10,-0.1163,-0.1163,-0.1163,-0.1163,-0.13,-0.04,0.00,26.712141,84.305093,M,2025,2025,2025,2025,2048,2048
82435,IDLE,-0.26,0.03,179.98,-0.21,0.03,0.13,-0.1506,-0.1506,-0.1506,-0.1506,-0.13,-0.03,0.00,26.712141,84.305093,M,2018,2018,2018,2018,2048,2048
82457,IDLE,-0.26,0.03,179.98,-0.26,0.01,0.09,-0.1021,-0.1021,-0.1021,-0.1021,-0.13,-0.03,0.00,26.712141,84.305093,M,2028,2028,2028,2028,2048,2048
82482,IDLE,-0.26,0.04,179.97,-0.36,0.08,-0.15,0.1924,0.1924,0.1924,0.1924,-0.13,-0.03,0.00,26.712141,84.305093,M,2086,2086,2086,2086,2048,2048
82501,IDLE,-0.25,0.04,179.97,-0.16,0.10,-0.13,0.1634,0.1634,0.1634,0.1634,-0.13,-0.01,0.00,26.712141,84.305093,M,2081,2081,2081,2081,2048,2048
82528,IDLE,-0.26,0.04,179.97,-0.46,0.10,-0.24,0.2966,0.2966,0.2966,0.2966,-0.13,0.00,0.00,26.712141,84.305093,M,2107,2107,2107,2107,2048,2048
82550,IDLE,-0.25,0.04,179.97,0.03,0.10,-0.06,0.0654,0.0654,0.0654,0.0654,-0.12,0.03,0.00,26.712141,84.305093,M,2061,2061,2061,2061,2048,2048
82575,IDLE,-0.25,0.04,179.96,-0.33,-0.06,-0.19,0.2424,0.2424,0.2424,0.2424,-0.12,0.04,0.00,26.712141,84.305093,M,2096,2096,2096,2096,2048,2048
82594,IDLE,-0.24,0.04,179.96,-0.04,-0.06,0.05,-0.0630,-0.0630,-0.0630,-0.0630,-0.12,0.03,0.00,26.712141,84.305093,M,2035,2035,2035,2035,2048,2048
82622,IDLE,-0.24,0.04,179.97,-0.45,-0.08,0.12,-0.1404,-0.1404,-0.1404,-0.1404,-0.12,0.02,0.00,26.712141,84.305093,M,2020,2020,2020,2020,2048,2048
82643,IDLE,-0.24,0.04,179.97,-0.29,-0.05,0.10,-0.1101,-0.1101,-0.1101,-0.1101,-0.12,0.01,0.00,26.712141,84.305093,M,2026,2026,2026,2026,2048,2048
82668,IDLE,-0.24,0.03,179.97,-0.45,0.02,0.05,-0.0535,-0.0535,-0.0535,-0.0535,-0.12,0.00,0.00,26.712141,84.305093,M,2037,2037,2037,2037,2048,2048
82686,IDLE,-0.24,0.03,179.97,-0.52,0.10,0.04,-0.0396,-0.0396,-0.0396,-0.0396,-0.12,-0.00,0.00,26.712141,84.305093,50-44.4,2040,2040,2040,2040,2048,2048
82714,IDLE,-0.24,0.03,179.97,-0.35,0.08,0.10,-0.1155,-0.1155,-0.1155,-0.1155,-0.12,-0.01,0.00,26.712141,84.305093,50-44.4,2025,2025,2025,2025,2048,2048
82733,IDLE,-0.25,0.03,179.97,-0.51,-0.01,-0.15,0.1892,0.1892,0.1892,0.1892,-0.12,0.01,0.00,26.712141,84.305093,50-44.4,2086,2086,2086,2086,2048,2048
82762,IDLE,-0.25,0.03,179.98,-0.37,-0.11,0.26,-0.3080,-0.3080,-0.3080,-0.3080,-0.12,0.01,0.00,26.712141,84.305093,50-44.4,1986,1986,1986,1986,2048,2048
82788,IDLE,-0.24,0.03,179.98,-0.20,-0.08,0.06,-0.0691,-0.0691,-0.0691,-0.0691,-0.12,0.02,0.00,26.712141,84.305093,50-44.4,2034,2034,2034,2034,2048,2048
82807,IDLE,-0.25,0.03,179.99,-0.89,0.05,0.30,-0.3520,-0.3520,-0.3520,-0.3520,-0.12,0.01,0.00,26.712141,84.305093,50-44.4,1978,1978,1978,1978,2048,2048
82835,IDLE,-0.25,0.05,180.00,-0.28,0.40,0.43,-0.5229,-0.5229,-0.5229,-0.5229,-0.12,-0.00,0.00,26.712141,84.305093,50-44.4,1943,1943,1943,1943,2048,2048
82856,IDLE,-0.27,0.06,180.02,-0.98,0.27,0.78,-0.9377,-0.9377,-0.9377,-0.9377,-0.12,-0.01,0.00,26.712141,84.305093,50-44.4,1860,1860,1860,1860,2048,2048
82884,IDLE,-0.28,0.06,180.03,-0.98,0.09,0.42,-0.4863,-0.4863,-0.4863,-0.4863,-0.12,-0.00,0.00,26.712141,84.305093,50-44.4,1951,1951,1951,1951,2048,2048
82911,IDLE,-0.29,0.06,180.04,-0.41,0.07,0.52,-0.6253,-0.6253,-0.6253,-0.6253,-0.12,-0.00,0.00,26.712141,84.305093,50-44.4,1923,1923,1923,1923,2048,2048
82931,IDLE,-0.30,0.06,180.04,-0.88,-0.06,0.21,-0.2405,-0.2405,-0.2405,-0.2405,-0.12,0.00,0.00,26.712141,84.305093,50-44.4,2000,2000,2000,2000,2048,2048
82959,IDLE,-0.30,0.06,180.05,-0.28,0.17,0.19,-0.2282,-0.2282,-0.2282,-0.2282,-0.12,0.00,0.00,26.712141,84.305093,50-44.4,2002,2002,2002,2002,2048,2048
82979,IDLE,-0.30,0.05,180.06,-0.13,-0.04,0.35,-0.4186,-0.4186,-0.4186,-0.4186,-0.12,0.01,0.00,26.712141,84.305093,50-44.4,1964,1964,1964,1964,2048,2048
83003,IDLE,-0.29,0.06,180.06,-0.17,0.12,0.42,-0.5104,-0.5104,-0.5104,-0.5104,-0.12,0.02,0.00,26.712141,84.305093,50-44.4,1946,1946,1946,1946,2048,2048
83025,IDLE,-0.29,0.07,180.08,-0.06,0.29,0.53,-0.6502,-0.6502,-0.6502,-0.6502,-0.12,0.03,0.00,26.712141,84.305093,50-44.4,1918,1918,1918,1918,2048,2048
83050,IDLE,-0.29,0.07,180.08,-0.30,0.22,0.37,-0.4532,-0.4532,-0.4532,-0.4532,-0.12,0.03,0.00,26.712141,84.305093,50-44.4,1957,1957,1957,1957,2048,2048
83074,IDLE,-0.28,0.07,180.09,-0.04,0.25,0.36,-0.4415,-0.4415,-0.4415,-0.4415,-0.12,0.03,0.00,26.712141,84.305093,50-44.4,1960,1960,1960,1960,2048,2048
83100,IDLE,-0.28,0.08,180.10,-0.14,0.27,0.39,-0.4817,-0.4817,-0.4817,-0.4817,-0.12,0.04,0.00,26.712141,84.305093,50-44.4,1952,1952,1952,1952,2048,2048
83119,IDLE,-0.27,0.08,180.11,-0.22,0.15,0.35,-0.4309,-0.4309,-0.4309,-0.4309,-0.11,0.05,0.00,26.712141,84.305093,50-44.4,1962,1962,1962,1962,2048,2048
83147,IDLE,-0.27,0.08,180.11,-0.11,-0.04,0.19,-0.2258,-0.2258,-0.2258,-0.2258,-0.11,0.06,0.00,26.712141,84.305093,50-44.4,2003,2003,2003,2003,2048,2048
83168,IDLE,-0.26,0.08,180.12,0.03,-0.03,0.24,-0.2923,-0.2923,-0.2923,-0.2923,-0.11,0.07,0.00,26.712141,84.305093,50-44.4,1990,1990,1990,1990,2048,2048
83199,IDLE,-0.26,0.08,180.12,-0.27,-0.02,-0.01,0.0185,0.0185,0.0185,0.0185,-0.11,0.08,0.00,26.712141,84.305093,50-44.4,2052,2052,2052,2052,2048,2048
83222,IDLE,-0.26,0.08,180.12,-0.12,0.10,0.05,-0.0626,-0.0626,-0.0626,-0.0626,-0.11,0.08,0.00,26.712141,84.305093,50-44.4,2035,2035,2035,2035,2048,2048
83244,IDLE,-0.26,0.08,180.12,-0.32,0.12,0.06,-0.0652,-0.0652,-0.0652,-0.0652,-0.10,0.07,0.00,26.712141,84.305093,50-44.4,2035,2035,2035,2035,2048,2048
83269,IDLE,-0.26,0.08,180.12,-0.44,-0.12,0.10,-0.1053,-0.1053,-0.1053,-0.1053,-0.10,0.07,0.00,26.712141,84.305093,50-44.4,2027,2027,2027,2027,2048,2048
83292,IDLE,-0.26,0.07,180.12,-0.33,-0.23,-0.04,0.0560,0.0560,0.0560,0.0560,-0.10,0.06,0.00,26.712141,84.305093,50-44.4,2059,2059,2059,2059,2048,2048
83318,IDLE,-0.27,0.07,180.12,-0.63,-0.09,0.09,-0.0960,-0.0960,-0.0960,-0.0960,-0.10,0.05,0.00,26.712141,84.305093,50-44.4,2029,2029,2029,2029,2048,2048
83337,IDLE,-0.27,0.07,180.12,-0.54,-0.00,0.13,-0.1472,-0.1472,-0.1472,-0.1472,-0.10,0.04,0.00,26.712141,84.305093,50-44.4,2019,2019,2019,2019,2048,2048
83365,IDLE,-0.27,0.07,180.13,-0.39,0.13,0.24,-0.2922,-0.2922,-0.2922,-0.2922,-0.10,0.03,0.00,26.712141,84.305093,50-44.4,1990,1990,1990,1990,2048,2048
83385,IDLE,-0.29,0.07,180.13,-0.73,0.09,0.20,-0.2257,-0.2257,-0.2257,-0.2257,-0.10,0.03,0.00,26.712141,84.305093,50-44.4,2003,2003,2003,2003,2048,2048
83409,IDLE,-0.29,0.07,180.13,-0.46,-0.04,0.19,-0.2155,-0.2155,-0.2155,-0.2155,-0.10,0.03,0.00,26.712141,84.305093,50-44.4,2005,2005,2005,2005,2048,2048
83431,IDLE,-0.29,0.07,180.14,-0.39,-0.20,0.16,-0.1824,-0.1824,-0.1824,-0.1824,-0.10,0.03,0.00,26.712141,84.305093,50-44.4,2012,2012,2012,2012,2048,2048
83455,IDLE,-0.29,0.06,180.14,-0.39,-0.14,0.07,-0.0688,-0.0688,-0.0688,-0.0688,-0.10,0.02,0.00,26.712141,84.305093,50-44.4,2034,2034,2034,2034,2048,2048
83478,IDLE,-0.29,0.06,180.14,-0.45,0.08,0.01,-0.0001,-0.0001,-0.0001,-0.0001,-0.10,0.03,0.00,26.712141,84.305093,50-44.4,2048,2048,2048,2048,2048,2048
83504,IDLE,-0.30,0.06,180.13,-0.45,0.12,-0.13,0.1691,0.1691,0.1691,0.1691,-0.10,0.04,0.00,26.712141,84.305093,50-44.4,2082,2082,2082,2082,2048,2048
83523,IDLE,-0.30,0.06,180.13,-0.37,-0.08,-0.07,0.0894,0.0894,0.0894,0.0894,-0.10,0.07,0.00,26.712141,84.305093,50-44.4,2066,2066,2066,2066,2048,2048
83550,IDLE,-0.30,0.05,180.12,-0.34,-0.21,-0.24,0.2997,0.2997,0.2997,0.2997,-0.09,0.09,0.00,26.712141,84.305093,50-44.4,2108,2108,2108,2108,2048,2048
83571,IDLE,-0.29,0.05,180.12,-0.11,-0.17,-0.19,0.2375,0.2375,0.2375,0.2375,-0.09,0.11,0.00,26.712141,84.305093,50-44.4,2096,2096,2096,2096,2048,2048
83595,IDLE,-0.28,0.04,180.11,-0.01,-0.21,-0.24,0.2920,0.2920,0.2920,0.2920,-0.08,0.12,0.00,26.712141,84.305093,50-44.4,2106,2106,2106,2106,2048,2048
83617,IDLE,-0.28,0.04,180.11,-0.10,-0.12,-0.04,0.0577,0.0577,0.0577,0.0577,-0.08,0.13,0.00,26.712141,84.305093,50-44.4,2060,2060,2060,2060,2048,2048
83643,IDLE,-0.28,0.04,180.11,-0.31,-0.13,-0.23,0.2914,0.2914,0.2914,0.2914,-0.08,0.13,0.00,26.712141,84.305093,50-44.4,2106,2106,2106,2106,2048,2048
83661,IDLE,-0.28,0.04,180.10,-0.11,-0.09,-0.17,0.2133,0.2133,0.2133,0.2133,-0.08,0.12,0.00,26.712141,84.305093,50-44.4,2091,2091,2091,2091,2048,2048
83688,IDLE,-0.27,0.03,180.10,-0.19,-0.27,-0.19,0.2402,0.2402,0.2402,0.2402,-0.08,0.10,0.00,26.712141,84.305093,50-44.4,2096,2096,2096,2096,2048,2048
83709,IDLE,-0.27,0.03,180.09,-0.10,-0.20,-0.01,0.0163,0.0163,0.0163,0.0163,-0.08,0.09,0.00,26.712141,84.305093,50-44.4,2051,2051,2051,2051,2048,2048
83732,IDLE,-0.26,0.02,180.09,-0.18,-0.20,-0.20,0.2525,0.2525,0.2525,0.2525,-0.08,0.08,0.00,26.712141,84.305093,50-44.4,2099,2099,2099,2099,2048,2048
83754,IDLE,-0.26,0.02,180.09,-0.18,-0.10,-0.02,0.0245,0.0245,0.0245,0.0245,-0.07,0.08,0.00,26.712141,84.305093,50-44.4,2053,2053,2053,2053,2048,2048
83779,IDLE,-0.26,0.02,180.08,-0.18,-0.30,-0.21,0.2638,0.2638,0.2638,0.2638,-0.07,0.08,0.00,26.712141,84.305093,50-44.4,2101,2101,2101,2101,2048,2048
83797,IDLE,-0.26,0.01,180.08,-0.23,-0.43,-0.19,0.2414,0.2414,0.2414,0.2414,-0.07,0.08,0.00,26.712141,84.305093,50-44.4,2096,2096,2096,2096,2048,2048
83824,IDLE,-0.25,0.00,180.07,-0.17,-0.24,-0.27,0.3410,0.3410,0.3410,0.3410,-0.07,0.07,0.00,26.712141,84.305093,50-44.4,2116,2116,2116,2116,2048,2048
83844,IDLE,-0.24,0.00,180.07,0.09,-0.24,-0.19,0.2402,0.2402,0.2402,0.2402,-0.07,0.08,0.00,26.712141,84.305093,50-44.4,2096,2096,2096,2096,2048,2048
83873,IDLE,-0.24,0.00,180.07,-0.07,-0.05,-0.10,0.1227,0.1227,0.1227,0.1227,-0.07,0.07,0.00,26.712141,84.305093,50-44.4,2073,2073,2073,2073,2048,2048
83899,IDLE,-0.24,0.00,180.05,-0.29,0.01,-0.38,0.4758,0.4758,0.4758,0.4758,-0.07,0.06,0.00,26.712141,84.305093,50-44.4,2143,2143,2143,2143,2048,2048
83919,IDLE,-0.23,0.00,180.05,-0.08,-0.03,-0.28,0.3404,0.3404,0.3404,0.3404,-0.07,0.05,0.00,26.712141,84.305093,50-44.4,2116,2116,2116,2116,2048,2048
83948,IDLE,-0.23,0.00,180.04,-0.29,0.06,-0.38,0.4737,0.4737,0.4737,0.4737,-0.07,0.05,0.00,26.712141,84.305093,50-44.4,2143,2143,2143,2143,2048,2048
83975,IDLE,-0.23,0.01,180.03,-0.12,0.08,-0.29,0.3561,0.3561,0.3561,0.3561,-0.07,0.04,0.00,26.712141,84.305093,50-44.4,2119,2119,2119,2119,2048,2048
83994,IDLE,-0.23,0.01,180.02,-0.20,0.06,-0.22,0.2707,0.2707,0.2707,0.2707,-0.06,0.05,0.00,26.712141,84.305093,50-44.4,2102,2102,2102,2102,2048,2048
84023,IDLE,-0.23,0.01,180.02,-0.19,-0.08,-0.35,0.4379,0.4379,0.4379,0.4379,-0.06,0.03,0.00,26.712141,84.305093,50-44.4,2136,2136,2136,2136,2048,2048
84050,IDLE,-0.23,0.01,180.01,-0.23,0.02,-0.28,0.3488,0.3488,0.3488,0.3488,-0.07,0.02,0.00,26.712141,84.305093,50-44.4,2118,2118,2118,2118,2048,2048
84069,IDLE,-0.23,0.01,180.00,-0.27,0.06,-0.42,0.5134,0.5134,0.5134,0.5134,-0.06,0.02,0.00,26.712141,84.305093,50-44.4,2151,2151,2151,2151,2048,2048
84098,IDLE,-0.22,0.01,179.99,-0.07,0.10,-0.42,0.5118,0.5118,0.5118,0.5118,-0.06,0.03,0.00,26.712141,84.305093,50-44.4,2150,2150,2150,2150,2048,2048
84125,IDLE,-0.22,0.01,179.98,-0.16,0.07,-0.26,0.3149,0.3149,0.3149,0.3149,-0.06,0.03,0.00,26.712141,84.305093,50-44.4,2111,2111,2111,2111,2048,2048
84145,IDLE,-0.22,0.01,179.97,-0.09,-0.01,-0.34,0.4171,0.4171,0.4171,0.4171,-0.06,0.02,0.00,26.712141,84.305093,50-44.4,2131,2131,2131,2131,2048,2048
84173,IDLE,-0.22,0.02,179.97,-0.27,0.08,-0.22,0.2779,0.2779,0.2779,0.2779,-0.07,-0.00,0.00,26.712141,84.305093,50-44.4,2104,2104,2104,2104,2048,2048
84200,IDLE,-0.22,0.02,179.96,-0.34,0.19,-0.25,0.3045,0.3045,0.3045,0.3045,-0.07,-0.01,0.00,26.712141,84.305093,50-44.4,2109,2109,2109,2109,2048,2048
84220,IDLE,-0.22,0.02,179.96,-0.21,0.04,-0.14,0.1708,0.1708,0.1708,0.1708,-0.07,-0.02,0.00,26.712141,84.305093,50-44.4,2082,2082,2082,2082,2048,2048
84248,IDLE,-0.22,0.02,179.95,-0.41,-0.01,-0.24,0.3047,0.3047,0.3047,0.3047,-0.07,-0.00,0.00,26.712141,84.305093,50-44.4,2109,2109,2109,2109,2048,2048
84275,IDLE,-0.22,0.02,179.95,-0.27,-0.04,-0.24,0.3034,0.3034,0.3034,0.3034,-0.06,0.01,0.00,26.712141,84.305093,50-44.4,2109,2109,2109,2109,2048,2048
84294,IDLE,-0.22,0.02,179.95,-0.22,0.04,-0.05,0.0670,0.0670,0.0670,0.0670,-0.06,0.02,0.00,26.712141,84.305093,50-44.4,2061,2061,2061,2061,2048,2048
84322,IDLE,-0.22,0.02,179.94,-0.15,-0.06,-0.15,0.1836,0.1836,0.1836,0.1836,-0.06,0.03,0.00,26.712141,84.305093,50-44.4,2085,2085,2085,2085,2048,2048
84349,IDLE,-0.22,0.02,179.94,-0.18,-0.05,-0.22,0.2774,0.2774,0.2774,0.2774,-0.06,0.04,0.00,26.712141,84.305093,50-44.4,2103,2103,2103,2103,2048,2048
84368,IDLE,-0.21,0.02,179.94,-0.09,-0.07,-0.06,0.0824,0.0824,0.0824,0.0824,-0.06,0.05,0.00,26.712141,84.305093,50-44.4,2064,2064,2064,2064,2048,2048
84396,IDLE,-0.21,0.02,179.94,0.07,0.01,-0.00,0.0028,0.0028,0.0028,0.0028,-0.06,0.05,0.00,26.712141,84.305093,50-44.4,2049,2049,2049,2049,2048,2048
84426,IDLE,-0.20,0.02,179.94,-0.10,0.09,-0.05,0.0649,0.0649,0.0649,0.0649,-0.06,0.06,0.00,26.712141,84.305093,50-44.4,2061,2061,2061,2061,2048,2048
84453,IDLE,-0.20,0.02,179.93,-0.15,-0.02,-0.14,0.1752,0.1752,0.1752,0.1752,-0.05,0.07,0.00,26.712141,84.305093,50-44.4,2083,2083,2083,2083,2048,2048
84472,IDLE,-0.20,0.02,179.94,-0.21,0.07,0.06,-0.0664,-0.0664,-0.0664,-0.0664,-0.05,0.07,0.00,26.712141,84.305093,50-44.4,2035,2035,2035,2035,2048,2048
84500,IDLE,-0.20,0.02,179.94,-0.30,-0.07,0.01,-0.0053,-0.0053,-0.0053,-0.0053,-0.05,0.07,0.00,26.712141,84.305093,50-44.4,2047,2047,2047,2047,2048,2048
84521,IDLE,-0.20,0.02,179.94,-0.23,-0.01,0.13,-0.1591,-0.1591,-0.1591,-0.1591,-0.05,0.07,0.00,26.712141,84.305093,50-44.4,2016,2016,2016,2016,2048,2048
84545,IDLE,-0.20,0.02,179.94,-0.08,-0.27,0.05,-0.0556,-0.0556,-0.0556,-0.0556,-0.05,0.06,0.00,26.712141,84.305093,50-44.4,2037,2037,2037,2037,2048,2048
84568,IDLE,-0.20,0.01,179.94,-0.17,-0.12,0.09,-0.1022,-0.1022,-0.1022,-0.1022,-0.05,0.06,0.00,26.712141,84.305093,50-44.4,2028,2028,2028,2028,2048,2048
84593,IDLE,-0.20,0.02,179.95,-0.22,0.08,0.06,-0.0640,-0.0640,-0.0640,-0.0640,-0.05,0.06,0.00,26.712141,84.305093,50-44.4,2035,2035,2035,2035,2048,2048
84616,IDLE,-0.20,0.02,179.95,-0.21,0.09,0.07,-0.0824,-0.0824,-0.0824,-0.0824,-0.05,0.04,0.00,26.712141,84.305093,50-44.4,2032,2032,2032,2032,2048,2048
84642,IDLE,-0.20,0.02,179.95,-0.12,-0.02,0.02,-0.0227,-0.0227,-0.0227,-0.0227,-0.05,0.02,0.00,26.712141,84.305093,50-44.4,2043,2043,2043,2043,2048,2048
84662,IDLE,-0.19,0.02,179.95,-0.01,0.04,0.13,-0.1630,-0.1630,-0.1630,-0.1630,-0.05,-0.00,0.00,26.712141,84.305093,50-44.4,2015,2015,2015,2015,2048,2048
84689,IDLE,-0.19,0.02,179.95,-0.12,-0.07,-0.07,0.0833,0.0833,0.0833,0.0833,-0.05,-0.02,0.00,26.712141,84.305093,50-44.4,2065,2065,2065,2065,2048,2048
84710,IDLE,-0.19,0.02,179.95,-0.23,-0.06,0.03,-0.0334,-0.0334,-0.0334,-0.0334,-0.05,-0.03,0.00,26.712140,84.305094,50-44.4,2041,2041,2041,2041,2048,2048
84734,IDLE,-0.20,0.01,179.95,-0.44,-0.11,0.08,-0.0872,-0.0872,-0.0872,-0.0872,-0.05,-0.04,0.00,26.712140,84.305094,50-44.4,2031,2031,2031,2031,2048,2048
84756,IDLE,-0.21,0.02,179.96,-0.53,0.18,0.04,-0.0395,-0.0395,-0.0395,-0.0395,-0.05,-0.03,0.00,26.712140,84.305094,50-44.4,2040,2040,2040,2040,2048,2048
84780,IDLE,-0.21,0.02,179.96,-0.67,0.13,0.01,0.0020,0.0020,0.0020,0.0020,-0.05,-0.02,0.00,26.712140,84.305094,50-44.4,2048,2048,2048,2048,2048,2048
84803,IDLE,-0.23,0.02,179.96,-0.83,0.09,-0.04,0.0603,0.0603,0.0603,0.0603,-0.05,-0.02,0.00,26.712140,84.305094,50-44.4,2060,2060,2060,2060,2048,2048
84829,IDLE,-0.24,0.02,179.96,-0.65,0.11,0.03,-0.0260,-0.0260,-0.0260,-0.0260,-0.05,-0.01,0.00,26.712140,84.305094,50-44.4,2043,2043,2043,2043,2048,2048
84849,IDLE,-0.25,0.02,179.95,-0.78,0.07,-0.34,0.4269,0.4269,0.4269,0.4269,-0.06,-0.03,0.00,26.712140,84.305094,50-44.4,2133,2133,2133,2133,2048,2048
84876,IDLE,-0.26,0.02,179.95,-0.57,0.08,-0.08,0.1086,0.1086,0.1086,0.1086,-0.06,-0.05,0.00,26.712140,84.305094,50-44.4,2070,2070,2070,2070,2048,2048
84897,IDLE,-0.26,0.01,179.94,-0.65,-0.06,-0.17,0.2285,0.2285,0.2285,0.2285,-0.06,-0.05,0.00,26.712140,84.305094,50-44.4,2094,2094,2094,2094,2048,2048
84921,IDLE,-0.26,0.01,179.94,-0.33,-0.00,-0.02,0.0328,0.0328,0.0328,0.0328,-0.06,-0.05,0.00,26.712140,84.305094,50-44.4,2055,2055,2055,2055,2048,2048
84943,IDLE,-0.26,0.01,179.94,-0.35,-0.11,-0.05,0.0758,0.0758,0.0758,0.0758,-0.06,-0.05,0.00,26.712140,84.305094,50-44.4,2063,2063,2063,2063,2048,2048
84968,IDLE,-0.26,0.01,179.95,-0.07,-0.03,0.19,-0.2329,-0.2329,-0.2329,-0.2329,-0.06,-0.05,0.00,26.712140,84.305094,50-44.4,2001,2001,2001,2001,2048,2048
84992,IDLE,-0.25,0.01,179.95,0.10,-0.06,0.23,-0.2833,-0.2833,-0.2833,-0.2833,-0.06,-0.04,0.00,26.712140,84.305094,50-44.4,1991,1991,1991,1991,2048,2048
85019,IDLE,-0.24,0.01,179.96,0.01,-0.04,0.09,-0.1139,-0.1139,-0.1139,-0.1139,-0.06,-0.03,0.00,26.712140,84.305094,50-44.4,2025,2025,2025,2025,2048,2048
85039,IDLE,-0.22,0.00,179.96,0.30,-0.04,0.07,-0.0967,-0.0967,-0.0967,-0.0967,-0.06,-0.03,0.00,26.712140,84.305094,50-44.4,2029,2029,2029,2029,2048,2048
85066,IDLE,-0.22,0.00,179.96,0.03,-0.03,-0.00,0.0059,0.0059,0.0059,0.0059,-0.06,-0.03,0.00,26.712140,84.305094,50-44.4,2049,2049,2049,2049,2048,2048
85087,IDLE,-0.21,0.01,179.96,-0.14,0.14,0.10,-0.1155,-0.1155,-0.1155,-0.1155,-0.06,-0.02,0.00,26.712140,84.305094,50-44.4,2025,2025,2025,2025,2048,2048
85111,IDLE,-0.22,0.01,179.96,-0.33,0.28,-0.02,0.0328,0.0328,0.0328,0.0328,-0.06,-0.02,0.00,26.712140,84.305094,50-44.4,2055,2055,2055,2055,2048,2048
85133,IDLE,-0.22,0.02,179.96,-0.38,0.23,-0.07,0.0893,0.0893,0.0893,0.0893,-0.06,-0.01,0.00,26.712140,84.305094,50-44.4,2066,2066,2066,2066,2048,2048
85158,IDLE,-0.22,0.03,179.96,-0.57,0.27,-0.01,0.0264,0.0264,0.0264,0.0264,-0.06,-0.00,0.00,26.712140,84.305094,50-44.4,2053,2053,2053,2053,2048,2048
85177,IDLE,-0.23,0.04,179.96,-0.60,0.43,-0.08,0.1051,0.1051,0.1051,0.1051,-0.06,0.00,0.00,26.712140,84.305094,50-44.4,2069,2069,2069,2069,2048,2048
85211,IDLE,-0.25,0.05,179.95,-0.81,0.46,-0.11,0.1500,0.1500,0.1500,0.1500,-0.06,0.01,0.00,26.712140,84.305094,50-44.4,2078,2078,2078,2078,2048,2048
85238,IDLE,-0.26,0.06,179.95,-0.82,0.37,-0.03,0.0534,0.0534,0.0534,0.0534,-0.06,0.02,0.00,26.712140,84.305094,50-44.4,2059,2059,2059,2059,2048,2048
85258,IDLE,-0.27,0.07,179.95,-0.70,0.38,0.01,-0.0074,-0.0074,-0.0074,-0.0074,-0.06,0.00,0.00,26.712140,84.305094,50-44.4,2047,2047,2047,2047,2048,2048
85282,IDLE,-0.28,0.07,179.95,-0.65,0.50,0.01,-0.0061,-0.0061,-0.0061,-0.0061,-0.06,-0.01,0.00,26.712140,84.305094,50-44.4,2047,2047,2047,2047,2048,2048
85304,IDLE,-0.29,0.08,179.96,-0.65,0.36,0.08,-0.0864,-0.0864,-0.0864,-0.0864,-0.06,-0.00,0.00,26.712140,84.305094,50-44.4,2031,2031,2031,2031,2048,2048
85328,IDLE,-0.29,0.08,179.96,-0.44,0.15,0.23,-0.2758,-0.2758,-0.2758,-0.2758,-0.06,0.00,0.00,26.712140,84.305094,50-44.4,1993,1993,1993,1993,2048,2048
85351,IDLE,-0.29,0.08,179.96,-0.40,0.07,0.06,-0.0628,-0.0628,-0.0628,-0.0628,-0.06,0.01,0.00,26.712140,84.305094,50-44.4,2035,2035,2035,2035,2048,2048
85377,IDLE,-0.29,0.08,179.97,-0.33,0.06,0.20,-0.2395,-0.2395,-0.2395,-0.2395,-0.06,0.02,0.00,26.712140,84.305094,50-44.4,2000,2000,2000,2000,2048,2048
85396,IDLE,-0.30,0.08,179.98,-0.61,-0.00,0.30,-0.3574,-0.3574,-0.3574,-0.3574,-0.06,0.02,0.00,26.712140,84.305094,50-44.4,1977,1977,1977,1977,2048,2048
85423,IDLE,-0.30,0.08,179.98,-0.51,0.17,0.27,-0.3170,-0.3170,-0.3170,-0.3170,-0.06,0.02,0.00,26.712140,84.305094,50-44.4,1985,1985,1985,1985,2048,2048
85443,IDLE,-0.30,0.08,179.99,-0.55,0.24,0.21,-0.2511,-0.2511,-0.2511,-0.2511,-0.06,0.03,0.00,26.712140,84.305094,50-44.4,1998,1998,1998,1998,2048,2048
85472,IDLE,-0.31,0.08,179.99,-0.62,0.14,0.31,-0.3613,-0.3613,-0.3613,-0.3613,-0.06,0.04,0.00,26.712140,84.305094,50-44.4,1976,1976,1976,1976,2048,2048
85499,IDLE,-0.31,0.08,180.01,-0.58,0.13,0.47,-0.5631,-0.5631,-0.5631,-0.5631,-0.05,0.04,0.00,26.712140,84.305094,50-44.4,1935,1935,1935,1935,2048,2048
85518,IDLE,-0.32,0.09,180.02,-0.64,0.23,0.36,-0.4238,-0.4238,-0.4238,-0.4238,-0.05,0.05,0.00,26.712140,84.305094,50-44.4,1963,1963,1963,1963,2048,2048
85546,IDLE,-0.32,0.09,180.02,-0.45,0.19,0.31,-0.3720,-0.3720,-0.3720,-0.3720,-0.05,0.06,0.00,26.712140,84.305094,50-44.4,1974,1974,1974,1974,2048,2048
85567,IDLE,-0.32,0.09,180.03,-0.45,0.23,0.27,-0.3284,-0.3284,-0.3284,-0.3284,-0.05,0.07,0.00,26.712140,84.305094,50-44.4,1982,1982,1982,1982,2048,2048
85591,IDLE,-0.32,0.09,180.03,-0.36,0.20,0.22,-0.2619,-0.2619,-0.2619,-0.2619,-0.05,0.07,0.00,26.712140,84.305094,50-44.4,1996,1996,1996,1996,2048,2048
85613,IDLE,-0.32,0.10,180.04,-0.45,0.19,0.13,-0.1514,-0.1514,-0.1514,-0.1514,-0.05,0.06,0.00,26.712140,84.305094,50-44.4,2018,2018,2018,2018,2048,2048
85638,IDLE,-0.32,0.10,180.04,-0.39,0.27,0.14,-0.1689,-0.1689,-0.1689,-0.1689,-0.05,0.05,0.00,26.712140,84.305094,50-44.4,2014,2014,2014,2014,2048,2048
85662,IDLE,-0.32,0.10,180.04,-0.31,0.12,0.08,-0.0875,-0.0875,-0.0875,-0.0875,-0.05,0.05,0.00,26.712140,84.305094,50-44.4,2030,2030,2030,2030,2048,2048
85688,IDLE,-0.31,0.10,180.04,-0.11,0.04,-0.08,0.1047,0.1047,0.1047,0.1047,-0.05,0.05,0.00,26.712140,84.305094,50-44.4,2069,2069,2069,2069,2048,2048
85708,IDLE,-0.31,0.10,180.04,-0.24,0.06,-0.06,0.0819,0.0819,0.0819,0.0819,-0.04,0.04,0.00,26.712140,84.305094,50-44.4,2064,2064,2064,2064,2048,2048
85736,IDLE,-0.31,0.10,180.03,-0.30,0.02,-0.09,0.1204,0.1204,0.1204,0.1204,-0.05,0.03,0.00,26.712140,84.305094,50-44.4,2072,2072,2072,2072,2048,2048
85762,IDLE,-0.30,0.09,180.03,-0.20,-0.08,-0.15,0.1875,0.1875,0.1875,0.1875,-0.05,0.01,0.00,26.712140,84.305094,50-44.4,2086,2086,2086,2086,2048,2048
85782,IDLE,-0.29,0.09,180.03,0.02,-0.09,-0.13,0.1623,0.1623,0.1623,0.1623,-0.05,0.02,0.00,26.712140,84.305094,50-44.4,2080,2080,2080,2080,2048,2048
85810,IDLE,-0.28,0.08,180.02,0.10,-0.15,-0.31,0.3747,0.3747,0.3747,0.3747,-0.04,0.03,0.00,26.712140,84.305094,50-44.4,2123,2123,2123,2123,2048,2048
85837,IDLE,-0.27,0.07,180.02,0.06,-0.16,-0.14,0.1679,0.1679,0.1679,0.1679,-0.04,0.04,0.00,26.712140,84.305094,50-44.4,2082,2082,2082,2082,2048,2048
85856,IDLE,-0.26,0.07,180.01,0.05,-0.09,-0.23,0.2867,0.2867,0.2867,0.2867,-0.04,0.03,0.00,26.712140,84.305094,50-44.4,2105,2105,2105,2105,2048,2048
85885,IDLE,-0.25,0.07,180.00,0.03,-0.06,-0.36,0.4418,0.4418,0.4418,0.4418,-0.04,0.01,0.00,26.712140,84.305094,50-44.4,2136,2136,2136,2136,2048,2048
85911,IDLE,-0.25,0.06,180.00,0.09,-0.14,-0.23,0.2861,0.2861,0.2861,0.2861,-0.04,0.00,0.00,26.712140,84.305094,50-44.4,2105,2105,2105,2105,2048,2048
85931,IDLE,-0.24,0.06,179.99,0.01,-0.13,-0.05,0.0591,0.0591,0.0591,0.0591,-0.05,0.00,0.00,26.712140,84.305094,50-44.4,2060,2060,2060,2060,2048,2048
85959,IDLE,-0.23,0.05,179.99,-0.11,-0.21,-0.06,0.0827,0.0827,0.0827,0.0827,-0.05,-0.01,0.00,26.712140,84.305094,50-44.4,2065,2065,2065,2065,2048,2048
85986,IDLE,-0.23,0.05,179.99,-0.06,-0.04,-0.05,0.0583,0.0583,0.0583,0.0583,-0.05,-0.01,0.00,26.712140,84.305094,50-44.4,2060,2060,2060,2060,2048,2048
86005,IDLE,-0.22,0.05,179.99,-0.07,-0.01,-0.05,0.0628,0.0628,0.0628,0.0628,-0.05,-0.00,0.00,26.712140,84.305094,50-44.4,2061,2061,2061,2061,2048,2048
86033,IDLE,-0.21,0.05,179.99,0.04,-0.04,-0.08,0.1034,0.1034,0.1034,0.1034,-0.05,0.01,0.00,26.712140,84.305094,50-44.4,2069,2069,2069,2069,2048,2048
86055,IDLE,-0.21,0.05,179.99,-0.12,0.09,-0.05,0.0642,0.0642,0.0642,0.0642,-0.04,0.01,0.00,26.712140,84.305094,50-44.4,2061,2061,2061,2061,2048,2048
86079,IDLE,-0.20,0.05,179.99,0.05,-0.10,0.04,-0.0489,-0.0489,-0.0489,-0.0489,-0.04,0.01,0.00,26.712140,84.305094,50-44.4,2038,2038,2038,2038,2048,2048
86102,IDLE,-0.20,0.04,179.99,0.12,-0.15,0.04,-0.0536,-0.0536,-0.0536,-0.0536,-0.04,0.02,0.00,26.712140,84.305094,50-44.4,2037,2037,2037,2037,2048,2048
86128,IDLE,-0.19,0.04,179.99,0.17,-0.27,-0.01,0.0100,0.0100,0.0100,0.0100,-0.04,0.03,0.00,26.712140,84.305094,50-44.4,2050,2050,2050,2050,2048,2048
86147,IDLE,-0.18,0.03,179.99,-0.06,-0.16,-0.12,0.1464,0.1464,0.1464,0.1464,-0.04,0.03,0.00,26.712140,84.305094,50-44.4,2077,2077,2077,2077,2048,2048
86174,IDLE,-0.18,0.03,179.99,-0.20,-0.23,-0.07,0.0997,0.0997,0.0997,0.0997,-0.04,0.04,0.00,26.712140,84.305094,50-44.4,2068,2068,2068,2068,2048,2048
86195,IDLE,-0.18,0.02,179.98,-0.22,-0.16,-0.04,0.0608,0.0608,0.0608,0.0608,-0.04,0.05,0.00,26.712140,84.305094,50-44.4,2060,2060,2060,2060,2048,2048
86219,IDLE,-0.18,0.02,179.98,-0.25,-0.12,-0.05,0.0724,0.0724,0.0724,0.0724,-0.04,0.05,0.00,26.712140,84.305094,50-44.4,2062,2062,2062,2062,2048,2048
86241,IDLE,-0.18,0.02,179.98,-0.08,-0.20,0.04,-0.0462,-0.0462,-0.0462,-0.0462,-0.04,0.05,0.00,26.712140,84.305094,50-44.4,2039,2039,2039,2039,2048,2048
86267,IDLE,-0.18,0.01,179.99,-0.17,-0.10,0.04,-0.0403,-0.0403,-0.0403,-0.0403,-0.04,0.04,0.00,26.712140,84.305094,50-44.4,2040,2040,2040,2040,2048,2048
86290,IDLE,-0.17,0.01,179.99,-0.00,-0.05,0.19,-0.2283,-0.2283,-0.2283,-0.2283,-0.04,0.02,0.00,26.712140,84.305094,50-44.4,2002,2002,2002,2002,2048,2048
86317,IDLE,-0.17,0.01,179.99,-0.03,0.02,0.01,-0.0062,-0.0062,-0.0062,-0.0062,-0.04,0.00,0.00,26.712140,84.305094,50-44.4,2047,2047,2047,2047,2048,2048
86337,IDLE,-0.17,0.01,179.99,-0.30,0.02,-0.06,0.0797,0.0797,0.0797,0.0797,-0.04,-0.01,0.00,26.712140,84.305094,50-44.4,2064,2064,2064,2064,2048,2048
86365,IDLE,-0.17,0.01,179.99,-0.19,-0.06,0.06,-0.0688,-0.0688,-0.0688,-0.0688,-0.04,-0.01,0.00,26.712140,84.305094,50-44.4,2034,2034,2034,2034,2048,2048
86386,IDLE,-0.17,0.01,180.00,0.01,-0.15,0.15,-0.1779,-0.1779,-0.1779,-0.1779,-0.04,-0.01,0.00,26.712140,84.305094,50-44.4,2012,2012,2012,2012,2048,2048
86410,IDLE,-0.17,0.00,180.00,-0.05,-0.24,0.06,-0.0634,-0.0634,-0.0634,-0.0634,-0.04,-0.01,0.00,26.712140,84.305094,50-44.4,2035,2035,2035,2035,2048,2048
86446,IDLE,-0.17,0.00,179.99,-0.34,0.01,-0.11,0.1474,0.1474,0.1474,0.1474,-0.04,0.00,0.00,26.712140,84.305094,50-44.4,2077,2077,2077,2077,2048,2048
86473,IDLE,-0.18,0.00,179.99,-0.31,-0.11,-0.08,0.1039,0.1039,0.1039,0.1039,-0.04,0.01,0.00,26.712140,84.305094,50-44.4,2069,2069,2069,2069,2048,2048
86493,IDLE,-0.18,0.00,179.99,-0.30,-0.04,0.01,0.0012,0.0012,0.0012,0.0012,-0.04,0.01,0.00,26.712140,84.305094,50-44.4,2048,2048,2048,2048,2048,2048
86516,IDLE,-0.18,0.00,179.99,-0.19,0.08,0.00,-0.0010,-0.0010,-0.0010,-0.0010,-0.04,0.02,0.00,26.712140,84.305094,50-44.4,2048,2048,2048,2048,2048,2048
86538,IDLE,-0.18,0.01,179.99,-0.17,0.08,0.04,-0.0471,-0.0471,-0.0471,-0.0471,-0.04,0.00,0.00,26.712140,84.305094,50-44.4,2039,2039,2039,2039,2048,2048
86563,IDLE,-0.18,0.01,179.99,-0.23,0.17,0.16,-0.1940,-0.1940,-0.1940,-0.1940,-0.04,-0.01,0.00,26.712140,84.305094,50-44.4,2009,2009,2009,2009,2048,2048
86586,IDLE,-0.19,0.02,180.00,-0.33,0.18,0.27,-0.3242,-0.3242,-0.3242,-0.3242,-0.04,-0.01,0.00,26.712140,84.305094,50-44.4,1983,1983,1983,1983,2048,2048
86612,IDLE,-0.19,0.02,180.01,-0.34,0.06,0.13,-0.1508,-0.1508,-0.1508,-0.1508,-0.04,-0.02,0.00,26.712140,84.305094,50-44.4,2018,2018,2018,2018,2048,2048
86631,IDLE,-0.19,0.02,180.00,-0.32,0.14,-0.02,0.0348,0.0348,0.0348,0.0348,-0.04,-0.01,0.00,26.712140,84.305094,50-44.4,2055,2055,2055,2055,2048,2048
86658,IDLE,-0.19,0.02,180.00,-0.23,0.24,-0.20,0.2493,0.2493,0.2493,0.2493,-0.04,-0.01,0.00,26.712140,84.305094,50-44.4,2098,2098,2098,2098,2048,2048
86678,IDLE,-0.19,0.03,180.00,-0.15,0.24,-0.07,0.0798,0.0798,0.0798,0.0798,-0.04,-0.02,0.00,26.712140,84.305094,50-44.4,2064,2064,2064,2064,2048,2048
86702,IDLE,-0.19,0.03,180.00,-0.11,0.22,0.04,-0.0547,-0.0547,-0.0547,-0.0547,-0.04,-0.02,0.00,26.712140,84.305094,50-44.4,2037,2037,2037,2037,2048,2048
86724,IDLE,-0.19,0.04,180.01,-0.31,0.39,0.24,-0.2945,-0.2945,-0.2945,-0.2945,-0.04,-0.02,0.00,26.712140,84.305094,50-44.4,1989,1989,1989,1989,2048,2048
86749,IDLE,-0.20,0.05,180.01,-0.50,0.48,0.29,-0.3507,-0.3507,-0.3507,-0.3507,-0.04,-0.01,0.00,26.712140,84.305094,50-44.4,1978,1978,1978,1978,2048,2048
86772,IDLE,-0.20,0.06,180.02,-0.51,0.44,0.43,-0.5218,-0.5218,-0.5218,-0.5218,-0.04,-0.03,0.00,26.712140,84.305094,M,1944,1944,1944,1944,2048,2048
86799,IDLE,-0.21,0.07,180.03,-0.45,0.49,0.31,-0.3790,-0.3790,-0.3790,-0.3790,-0.05,-0.05,0.00,26.712140,84.305094,M,1972,1972,1972,1972,2048,2048
86818,IDLE,-0.21,0.07,180.04,-0.36,0.42,0.23,-0.2816,-0.2816,-0.2816,-0.2816,-0.05,-0.06,0.00,26.712140,84.305094,M,1992,1992,1992,1992,2048,2048
86846,IDLE,-0.21,0.08,180.04,-0.29,0.25,0.17,-0.2047,-0.2047,-0.2047,-0.2047,-0.05,-0.07,0.00,26.712140,84.305094,M,2007,2007,2007,2007,2048,2048
86873,IDLE,-0.21,0.08,180.04,-0.17,0.13,0.12,-0.1478,-0.1478,-0.1478,-0.1478,-0.05,-0.07,0.00,26.712140,84.305094,M,2018,2018,2018,2018,2048,2048
86893,IDLE,-0.21,0.08,180.05,-0.08,0.04,0.14,-0.1737,-0.1737,-0.1737,-0.1737,-0.06,-0.09,0.00,26.712140,84.305094,M,2013,2013,2013,2013,2048,2048
86917,IDLE,-0.20,0.07,180.04,-0.16,-0.02,-0.07,0.0946,0.0946,0.0946,0.0946,-0.06,-0.09,0.00,26.712140,84.305094,M,2067,2067,2067,2067,2048,2048
86939,IDLE,-0.20,0.07,180.04,-0.25,-0.03,-0.05,0.0680,0.0680,0.0680,0.0680,-0.06,-0.09,0.00,26.712140,84.305094,M,2062,2062,2062,2062,2048,2048
86965,IDLE,-0.20,0.07,180.04,-0.27,-0.11,-0.04,0.0618,0.0618,0.0618,0.0618,-0.06,-0.09,0.00,26.712140,84.305094,M,2060,2060,2060,2060,2048,2048
86984,IDLE,-0.20,0.06,180.04,-0.25,-0.11,-0.02,0.0340,0.0340,0.0340,0.0340,-0.06,-0.08,0.00,26.712140,84.305094,M,2055,2055,2055,2055,2048,2048
87008,IDLE,-0.20,0.06,180.04,-0.25,0.03,0.01,-0.0024,-0.0024,-0.0024,-0.0024,-0.06,-0.07,0.00,26.712140,84.305094,M,2048,2048,2048,2048,2048,2048
87029,IDLE,-0.20,0.06,180.04,-0.31,0.16,-0.06,0.0827,0.0827,0.0827,0.0827,-0.06,-0.06,0.00,26.712140,84.305094,M,2065,2065,2065,2065,2048,2048
87055,IDLE,-0.21,0.06,180.04,-0.35,0.10,-0.05,0.0673,0.0673,0.0673,0.0673,-0.06,-0.05,0.00,26.712140,84.305094,M,2061,2061,2061,2061,2048,2048
87074,IDLE,-0.21,0.07,180.03,-0.22,0.10,-0.12,0.1487,0.1487,0.1487,0.1487,-0.06,-0.04,0.00,26.712140,84.305094,M,2078,2078,2078,2078,2048,2048
87102,IDLE,-0.21,0.07,180.03,-0.41,0.00,-0.14,0.1862,0.1862,0.1862,0.1862,-0.06,-0.04,0.00,26.712140,84.305094,M,2085,2085,2085,2085,2048,2048
87124,IDLE,-0.22,0.07,180.03,-0.57,0.21,-0.06,0.0776,0.0776,0.0776,0.0776,-0.06,-0.01,0.00,26.712140,84.305094,M,2064,2064,2064,2064,2048,2048
87149,IDLE,-0.22,0.07,180.03,-0.52,0.15,-0.07,0.0949,0.0949,0.0949,0.0949,-0.06,0.00,0.00,26.712140,84.305094,M,2067,2067,2067,2067,2048,2048
87168,IDLE,-0.22,0.07,180.02,-0.15,0.05,-0.07,0.0872,0.0872,0.0872,0.0872,-0.06,0.02,0.00,26.712140,84.305094,M,2065,2065,2065,2065,2048,2048
87204,IDLE,-0.21,0.07,180.02,-0.26,0.23,-0.11,0.1385,0.1385,0.1385,0.1385,-0.06,0.04,0.00,26.712140,84.305094,M,2076,2076,2076,2076,2048,2048
87227,IDLE,-0.21,0.08,180.02,-0.32,0.24,-0.08,0.0986,0.0986,0.0986,0.0986,-0.06,0.04,0.00,26.712140,84.305094,M,2068,2068,2068,2068,2048,2048
87249,IDLE,-0.22,0.07,180.02,-0.35,0.05,-0.02,0.0281,0.0281,0.0281,0.0281,-0.05,0.05,0.00,26.712140,84.305094,M,2054,2054,2054,2054,2048,2048
87275,IDLE,-0.22,0.08,180.02,-0.51,0.23,0.06,-0.0638,-0.0638,-0.0638,-0.0638,-0.05,0.06,0.00,26.712140,84.305094,M,2035,2035,2035,2035,2048,2048
87295,IDLE,-0.22,0.08,180.02,-0.33,0.25,0.13,-0.1570,-0.1570,-0.1570,-0.1570,-0.05,0.07,0.00,26.712140,84.305094,M,2017,2017,2017,2017,2048,2048
87318,IDLE,-0.22,0.08,180.03,-0.39,0.21,0.15,-0.1811,-0.1811,-0.1811,-0.1811,-0.05,0.07,0.00,26.712140,84.305094,M,2012,2012,2012,2012,2048,2048
87341,IDLE,-0.23,0.08,180.03,-0.37,0.13,0.08,-0.0880,-0.0880,-0.0880,-0.0880,-0.05,0.06,0.00,26.712140,84.305094,M,2030,2030,2030,2030,2048,2048
87366,IDLE,-0.23,0.08,180.03,-0.38,-0.08,0.07,-0.0789,-0.0789,-0.0789,-0.0789,-0.05,0.05,0.00,26.712140,84.305094,M,2032,2032,2032,2032,2048,2048
87385,IDLE,-0.23,0.08,180.03,-0.35,0.01,0.10,-0.1189,-0.1189,-0.1189,-0.1189,-0.05,0.05,0.00,26.712140,84.305094,M,2024,2024,2024,2024,2048,2048
87413,IDLE,-0.23,0.07,180.03,-0.31,0.06,0.09,-0.1058,-0.1058,-0.1058,-0.1058,-0.05,0.05,0.00,26.712140,84.305094,M,2027,2027,2027,2027,2048,2048
87435,IDLE,-0.24,0.07,180.03,-0.39,0.11,0.01,-0.0039,-0.0039,-0.0039,-0.0039,-0.04,0.06,0.00,26.712140,84.305094,M,2047,2047,2047,2047,2048,2048
87460,IDLE,-0.24,0.08,180.03,-0.43,0.25,0.00,0.0039,0.0039,0.0039,0.0039,-0.04,0.06,0.00,26.712140,84.305094,M,2049,2049,2049,2049,2048,2048
87478,IDLE,-0.24,0.08,180.03,-0.29,0.28,-0.02,0.0314,0.0314,0.0314,0.0314,-0.04,0.06,0.00,26.712140,84.305094,M,2054,2054,2054,2054,2048,2048
87506,IDLE,-0.24,0.08,180.03,-0.35,0.04,-0.05,0.0682,0.0682,0.0682,0.0682,-0.04,0.06,0.00,26.712140,84.305094,M,2062,2062,2062,2062,2048,2048
87527,IDLE,-0.24,0.08,180.03,-0.22,0.12,0.07,-0.0841,-0.0841,-0.0841,-0.0841,-0.04,0.07,0.00,26.712140,84.305094,M,2031,2031,2031,2031,2048,2048
87552,IDLE,-0.23,0.08,180.03,-0.19,0.12,0.04,-0.0425,-0.0425,-0.0425,-0.0425,-0.04,0.07,0.00,26.712140,84.305094,M,2039,2039,2039,2039,2048,2048
87571,IDLE,-0.23,0.08,180.03,-0.16,0.15,0.02,-0.0186,-0.0186,-0.0186,-0.0186,-0.04,0.06,0.00,26.712140,84.305094,M,2044,2044,2044,2044,2048,2048
87598,IDLE,-0.23,0.08,180.04,-0.13,0.09,0.19,-0.2364,-0.2364,-0.2364,-0.2364,-0.03,0.06,0.00,26.712140,84.305094,M,2001,2001,2001,2001,2048,2048
87619,IDLE,-0.22,0.08,180.04,-0.09,-0.06,0.16,-0.1887,-0.1887,-0.1887,-0.1887,-0.03,0.05,0.00,26.712140,84.305094,M,2010,2010,2010,2010,2048,2048
87644,IDLE,-0.22,0.08,180.04,-0.07,-0.17,0.08,-0.0969,-0.0969,-0.0969,-0.0969,-0.03,0.05,0.00,26.712140,84.305094,M,2029,2029,2029,2029,2048,2048
87667,IDLE,-0.22,0.07,180.05,-0.13,-0.14,0.19,-0.2293,-0.2293,-0.2293,-0.2293,-0.04,0.02,0.00,26.712140,84.305094,M,2002,2002,2002,2002,2048,2048
87693,IDLE,-0.21,0.07,180.05,-0.12,-0.10,0.04,-0.0422,-0.0422,-0.0422,-0.0422,-0.04,0.01,0.00,26.712140,84.305094,M,2040,2040,2040,2040,2048,2048
87713,IDLE,-0.21,0.07,180.05,-0.06,-0.06,-0.00,0.0051,0.0051,0.0051,0.0051,-0.04,0.00,0.00,26.712140,84.305094,M,2049,2049,2049,2049,2048,2048
87737,IDLE,-0.20,0.06,180.05,0.06,-0.12,-0.06,0.0696,0.0696,0.0696,0.0696,-0.04,-0.00,0.00,26.712140,84.305094,M,2062,2062,2062,2062,2048,2048
87759,IDLE,-0.19,0.06,180.04,0.13,-0.17,-0.14,0.1665,0.1665,0.1665,0.1665,-0.04,-0.00,0.00,26.712140,84.305094,M,2081,2081,2081,2081,2048,2048
87786,IDLE,-0.19,0.05,180.04,0.02,-0.24,-0.14,0.1769,0.1769,0.1769,0.1769,-0.04,-0.00,0.00,26.712140,84.305094,M,2083,2083,2083,2083,2048,2048
87805,IDLE,-0.18,0.05,180.04,-0.01,-0.10,-0.17,0.2133,0.2133,0.2133,0.2133,-0.04,-0.00,0.00,26.712140,84.305094,M,2091,2091,2091,2091,2048,2048
87829,IDLE,-0.18,0.05,180.03,-0.20,-0.01,-0.27,0.3355,0.3355,0.3355,0.3355,-0.04,-0.00,0.00,26.712140,84.305094,M,2115,2115,2115,2115,2048,2048
87851,IDLE,-0.18,0.05,180.03,-0.16,-0.06,-0.17,0.2139,0.2139,0.2139,0.2139,-0.04,-0.01,0.00,26.712140,84.305094,M,2091,2091,2091,2091,2048,2048
87877,IDLE,-0.18,0.05,180.02,-0.14,0.02,-0.24,0.2903,0.2903,0.2903,0.2903,-0.04,-0.01,0.00,26.712140,84.305094,M,2106,2106,2106,2106,2048,2048
87897,IDLE,-0.18,0.05,180.02,-0.15,-0.02,-0.15,0.1905,0.1905,0.1905,0.1905,-0.04,-0.00,0.00,26.712140,84.305094,M,2086,2086,2086,2086,2048,2048
87920,IDLE,-0.17,0.04,180.01,-0.01,-0.16,-0.15,0.1923,0.1923,0.1923,0.1923,-0.04,0.00,0.00,26.712140,84.305094,M,2086,2086,2086,2086,2048,2048
87942,IDLE,-0.17,0.04,180.01,-0.09,-0.25,-0.03,0.0460,0.0460,0.0460,0.0460,-0.04,0.01,0.00,26.712140,84.305094,M,2057,2057,2057,2057,2048,2048
87968,IDLE,-0.16,0.03,180.01,0.03,-0.22,-0.10,0.1252,0.1252,0.1252,0.1252,-0.04,0.01,0.00,26.712140,84.305094,M,2073,2073,2073,2073,2048,2048
87987,IDLE,-0.16,0.03,180.01,0.00,-0.25,-0.13,0.1627,0.1627,0.1627,0.1627,-0.04,-0.00,0.00,26.712140,84.305094,M,2081,2081,2081,2081,2048,2048
88011,IDLE,-0.16,0.02,180.00,-0.09,-0.13,-0.15,0.1857,0.1857,0.1857,0.1857,-0.04,-0.01,0.00,26.712140,84.305094,M,2085,2085,2085,2085,2048,2048
88033,IDLE,-0.15,0.02,180.00,-0.02,-0.11,-0.13,0.1634,0.1634,0.1634,0.1634,-0.04,-0.02,0.00,26.712140,84.305094,M,2081,2081,2081,2081,2048,2048
88059,IDLE,-0.15,0.02,180.00,-0.10,-0.02,-0.21,0.2546,0.2546,0.2546,0.2546,-0.04,-0.02,0.00,26.712140,84.305094,M,2099,2099,2099,2099,2048,2048
88078,IDLE,-0.15,0.02,179.99,-0.16,0.03,-0.09,0.1136,0.1136,0.1136,0.1136,-0.04,-0.01,0.00,26.712140,84.305094,M,2071,2071,2071,2071,2048,2048
88101,IDLE,-0.15,0.02,179.99,-0.21,0.13,-0.02,0.0296,0.0296,0.0296,0.0296,-0.04,-0.00,0.00,26.712140,84.305094,M,2054,2054,2054,2054,2048,2048
88123,IDLE,-0.15,0.02,179.99,-0.19,0.03,0.00,0.0027,0.0027,0.0027,0.0027,-0.04,-0.00,0.00,26.712140,84.305094,M,2049,2049,2049,2049,2048,2048
88149,IDLE,-0.16,0.03,179.99,-0.36,0.05,-0.08,0.1058,0.1058,0.1058,0.1058,-0.04,0.00,0.00,26.712140,84.305094,M,2069,2069,2069,2069,2048,2048
88168,IDLE,-0.16,0.03,179.99,-0.42,0.08,0.04,-0.0371,-0.0371,-0.0371,-0.0371,-0.04,-0.00,0.00,26.712140,84.305094,M,2041,2041,2041,2041,2048,2048
88191,IDLE,-0.17,0.03,179.99,-0.45,0.30,-0.07,0.0921,0.0921,0.0921,0.0921,-0.04,-0.00,0.00,26.712140,84.305094,M,2066,2066,2066,2066,2048,2048
88213,IDLE,-0.17,0.04,179.99,-0.36,0.20,-0.03,0.0427,0.0427,0.0427,0.0427,-0.04,0.00,0.00,26.712140,84.305094,M,2057,2057,2057,2057,2048,2048
88238,IDLE,-0.18,0.04,179.99,-0.51,0.17,-0.18,0.2307,0.2307,0.2307,0.2307,-0.04,0.01,0.00,26.712140,84.305094,M,2094,2094,2094,2094,2048,2048
88258,IDLE,-0.19,0.05,179.99,-0.59,0.17,-0.09,0.1147,0.1147,0.1147,0.1147,-0.04,0.02,0.00,26.712140,84.305094,M,2071,2071,2071,2071,2048,2048
88281,IDLE,-0.19,0.05,179.98,-0.50,0.03,-0.19,0.2385,0.2385,0.2385,0.2385,-0.04,0.02,0.00,26.712140,84.305094,M,2096,2096,2096,2096,2048,2048
88303,IDLE,-0.20,0.04,179.98,-0.38,-0.03,-0.05,0.0731,0.0731,0.0731,0.0731,-0.04,0.02,0.00,26.712140,84.305094,M,2063,2063,2063,2063,2048,2048
88329,IDLE,-0.20,0.04,179.98,-0.43,0.02,-0.06,0.0766,0.0766,0.0766,0.0766,-0.04,0.02,0.00,26.712140,84.305094,M,2063,2063,2063,2063,2048,2048
88348,IDLE,-0.20,0.04,179.98,-0.18,-0.03,0.05,-0.0594,-0.0594,-0.0594,-0.0594,-0.04,0.02,0.00,26.712140,84.305094,M,2036,2036,2036,2036,2048,2048
88380,IDLE,-0.21,0.04,179.98,-0.54,-0.03,0.02,-0.0078,-0.0078,-0.0078,-0.0078,-0.03,0.02,0.00,26.712140,84.305094,M,2046,2046,2046,2046,2048,2048
88404,IDLE,-0.21,0.04,179.98,-0.44,-0.16,0.06,-0.0620,-0.0620,-0.0620,-0.0620,-0.03,0.02,0.00,26.712140,84.305094,M,2036,2036,2036,2036,2048,2048
88426,IDLE,-0.22,0.04,179.99,-0.40,-0.02,0.10,-0.1147,-0.1147,-0.1147,-0.1147,-0.03,0.01,0.00,26.712140,84.305094,M,2025,2025,2025,2025,2048,2048
88451,IDLE,-0.22,0.04,179.99,-0.31,0.05,0.10,-0.1099,-0.1099,-0.1099,-0.1099,-0.03,0.01,0.00,26.712140,84.305094,M,2026,2026,2026,2026,2048,2048
88470,IDLE,-0.21,0.04,179.99,-0.10,-0.18,0.03,-0.0356,-0.0356,-0.0356,-0.0356,-0.03,0.02,0.00,26.712140,84.305094,M,2041,2041,2041,2041,2048,2048
88498,IDLE,-0.21,0.03,179.99,-0.30,-0.11,-0.15,0.1972,0.1972,0.1972,0.1972,-0.03,0.03,0.00,26.712140,84.305094,M,2087,2087,2087,2087,2048,2048
88519,IDLE,-0.21,0.03,179.98,-0.17,-0.18,-0.19,0.2423,0.2423,0.2423,0.2423,-0.03,0.04,0.00,26.712140,84.305094,M,2096,2096,2096,2096,2048,2048
88544,IDLE,-0.21,0.03,179.98,-0.14,-0.19,-0.19,0.2435,0.2435,0.2435,0.2435,-0.03,0.04,0.00,26.712140,84.305094,M,2097,2097,2097,2097,2048,2048
88563,IDLE,-0.20,0.02,179.97,-0.08,-0.21,-0.16,0.2050,0.2050,0.2050,0.2050,-0.03,0.04,0.00,26.712140,84.305094,M,2089,2089,2089,2089,2048,2048
88591,IDLE,-0.20,0.02,179.97,-0.29,-0.09,-0.16,0.2017,0.2017,0.2017,0.2017,-0.03,0.03,0.00,26.712140,84.305094,M,2088,2088,2088,2088,2048,2048
88612,IDLE,-0.21,0.02,179.97,-0.30,0.06,-0.13,0.1617,0.1617,0.1617,0.1617,-0.03,0.02,0.00,26.712140,84.305094,M,2080,2080,2080,2080,2048,2048
88637,IDLE,-0.21,0.02,179.97,-0.53,0.19,-0.10,0.1345,0.1345,0.1345,0.1345,-0.03,0.01,0.00,26.712140,84.305094,M,2075,2075,2075,2075,2048,2048
88656,IDLE,-0.22,0.03,179.96,-0.46,0.12,-0.08,0.1101,0.1101,0.1101,0.1101,-0.03,-0.01,0.00,26.712140,84.305094,M,2070,2070,2070,2070,2048,2048
88683,IDLE,-0.22,0.03,179.96,-0.34,0.06,-0.03,0.0382,0.0382,0.0382,0.0382,-0.03,-0.02,0.00,26.712140,84.305094,M,2056,2056,2056,2056,2048,2048
88705,IDLE,-0.22,0.03,179.96,-0.29,0.00,-0.10,0.1283,0.1283,0.1283,0.1283,-0.03,-0.03,0.00,26.712140,84.305094,M,2074,2074,2074,2074,2048,2048
88730,IDLE,-0.22,0.03,179.96,-0.24,-0.04,-0.14,0.1731,0.1731,0.1731,0.1731,-0.04,-0.03,0.00,26.712140,84.305094,M,2083,2083,2083,2083,2048,2048
88749,IDLE,-0.22,0.03,179.96,-0.32,0.04,-0.15,0.1918,0.1918,0.1918,0.1918,-0.04,-0.05,0.00,26.712140,84.305094,M,2086,2086,2086,2086,2048,2048
88777,IDLE,-0.22,0.02,179.95,-0.25,-0.08,-0.17,0.2099,0.2099,0.2099,0.2099,-0.04,-0.05,0.00,26.712140,84.305095,M,2090,2090,2090,2090,2048,2048
88798,IDLE,-0.22,0.02,179.95,-0.31,-0.00,-0.06,0.0781,0.0781,0.0781,0.0781,-0.04,-0.06,0.00,26.712140,84.305095,M,2064,2064,2064,2064,2048,2048
88823,IDLE,-0.22,0.02,179.95,-0.31,0.00,0.15,-0.1732,-0.1732,-0.1732,-0.1732,-0.04,-0.05,0.00,26.712140,84.305095,M,2013,2013,2013,2013,2048,2048
88841,IDLE,-0.22,0.02,179.96,-0.18,-0.12,0.10,-0.1192,-0.1192,-0.1192,-0.1192,-0.04,-0.04,0.00,26.712140,84.305095,M,2024,2024,2024,2024,2048,2048
88869,IDLE,-0.22,0.02,179.96,-0.35,-0.09,0.06,-0.0659,-0.0659,-0.0659,-0.0659,-0.04,-0.03,0.00,26.712140,84.305095,M,2035,2035,2035,2035,2048,2048
88889,IDLE,-0.22,0.01,179.96,-0.23,-0.19,-0.02,0.0385,0.0385,0.0385,0.0385,-0.04,-0.01,0.00,26.712140,84.305095,M,2056,2056,2056,2056,2048,2048
88913,IDLE,-0.22,0.01,179.96,-0.32,-0.18,-0.01,0.0177,0.0177,0.0177,0.0177,-0.04,0.00,0.00,26.712140,84.305095,M,2052,2052,2052,2052,2048,2048
88936,IDLE,-0.23,0.01,179.96,-0.55,-0.08,0.01,-0.0029,-0.0029,-0.0029,-0.0029,-0.04,0.01,0.00,26.712140,84.305095,M,2047,2047,2047,2047,2048,2048
88963,IDLE,-0.24,0.01,179.96,-0.63,-0.08,0.06,-0.0562,-0.0562,-0.0562,-0.0562,-0.04,0.01,0.00,26.712140,84.305095,M,2037,2037,2037,2037,2048,2048
88983,IDLE,-0.24,0.00,179.96,-0.40,-0.09,-0.10,0.1327,0.1327,0.1327,0.1327,-0.04,0.01,0.00,26.712140,84.305095,M,2075,2075,2075,2075,2048,2048
89006,IDLE,-0.24,0.00,179.96,-0.23,-0.10,0.00,0.0015,0.0015,0.0015,0.0015,-0.04,0.01,0.00,26.712140,84.305095,M,2048,2048,2048,2048,2048,2048
89029,IDLE,-0.24,0.00,179.96,-0.20,-0.02,0.01,-0.0134,-0.0134,-0.0134,-0.0134,-0.04,0.01,0.00,26.712140,84.305095,M,2045,2045,2045,2045,2048,2048
89055,IDLE,-0.23,0.00,179.96,-0.20,-0.10,0.19,-0.2305,-0.2305,-0.2305,-0.2305,-0.04,0.01,0.00,26.712140,84.305095,M,2002,2002,2002,2002,2048,2048
89074,IDLE,-0.23,-0.00,179.97,-0.27,-0.17,0.19,-0.2267,-0.2267,-0.2267,-0.2267,-0.04,0.02,0.00,26.712140,84.305095,M,2003,2003,2003,2003,2048,2048
89103,IDLE,-0.23,-0.00,179.98,-0.03,-0.15,0.29,-0.3479,-0.3479,-0.3479,-0.3479,-0.04,0.02,0.00,26.712140,84.305095,M,1978,1978,1978,1978,2048,2048
89129,IDLE,-0.23,-0.00,179.98,-0.21,0.02,0.32,-0.3858,-0.3858,-0.3858,-0.3858,-0.03,0.02,0.00,26.712140,84.305095,M,1971,1971,1971,1971,2048,2048
89149,IDLE,-0.22,-0.00,180.00,-0.08,0.01,0.44,-0.5323,-0.5323,-0.5323,-0.5323,-0.03,0.01,0.00,26.712140,84.305095,M,1942,1942,1942,1942,2048,2048
89173,IDLE,-0.22,-0.00,180.00,-0.15,0.09,0.41,-0.5047,-0.5047,-0.5047,-0.5047,-0.03,0.01,0.00,26.712140,84.305095,M,1947,1947,1947,1947,2048,2048
89195,IDLE,-0.22,-0.00,180.01,-0.13,-0.06,0.40,-0.4804,-0.4804,-0.4804,-0.4804,-0.03,0.03,0.00,26.712140,84.305095,M,1952,1952,1952,1952,2048,2048
89229,IDLE,-0.22,-0.01,180.02,-0.09,-0.10,0.28,-0.3378,-0.3378,-0.3378,-0.3378,-0.03,0.04,0.00,26.712140,84.305095,M,1980,1980,1980,1980,2048,2048
89254,IDLE,-0.21,-0.01,180.03,-0.19,-0.02,0.22,-0.2674,-0.2674,-0.2674,-0.2674,-0.03,0.04,0.00,26.712140,84.305095,M,1995,1995,1995,1995,2048,2048
89273,IDLE,-0.21,-0.01,180.03,-0.19,-0.02,0.06,-0.0628,-0.0628,-0.0628,-0.0628,-0.03,0.04,0.00,26.712140,84.305095,M,2035,2035,2035,2035,2048,2048
89301,IDLE,-0.21,-0.01,180.03,-0.26,-0.00,0.08,-0.0946,-0.0946,-0.0946,-0.0946,-0.03,0.03,0.00,26.712140,84.305095,M,2029,2029,2029,2029,2048,2048
89322,IDLE,-0.21,-0.01,180.03,-0.13,-0.03,0.18,-0.2127,-0.2127,-0.2127,-0.2127,-0.03,0.03,0.00,26.712140,84.305095,M,2005,2005,2005,2005,2048,2048
89346,IDLE,-0.21,-0.00,180.04,-0.41,0.13,0.17,-0.2002,-0.2002,-0.2002,-0.2002,-0.03,0.03,0.00,26.712140,84.305095,M,2008,2008,2008,2008,2048,2048
89369,IDLE,-0.22,0.00,180.04,-0.32,0.19,0.13,-0.1607,-0.1607,-0.1607,-0.1607,-0.03,0.04,0.00,26.712140,84.305095,M,2016,2016,2016,2016,2048,2048
89395,IDLE,-0.22,0.00,180.04,-0.28,0.06,0.13,-0.1548,-0.1548,-0.1548,-0.1548,-0.03,0.04,0.00,26.712140,84.305095,M,2017,2017,2017,2017,2048,2048
89415,IDLE,-0.22,0.00,180.05,-0.40,0.10,0.13,-0.1553,-0.1553,-0.1553,-0.1553,-0.02,0.05,0.00,26.712140,84.305095,M,2017,2017,2017,2017,2048,2048
89438,IDLE,-0.22,0.00,180.05,-0.33,0.04,0.12,-0.1400,-0.1400,-0.1400,-0.1400,-0.02,0.05,0.00,26.712140,84.305095,M,2020,2020,2020,2020,2048,2048
89461,IDLE,-0.22,0.01,180.05,-0.42,0.18,0.15,-0.1723,-0.1723,-0.1723,-0.1723,-0.02,0.05,0.00,26.712140,84.305095,M,2014,2014,2014,2014,2048,2048
89486,IDLE,-0.23,0.01,180.06,-0.58,0.17,0.36,-0.4322,-0.4322,-0.4322,-0.4322,-0.02,0.04,0.00,26.712140,84.305095,M,1962,1962,1962,1962,2048,2048
89505,IDLE,-0.23,0.01,180.07,-0.34,0.14,0.35,-0.4187,-0.4187,-0.4187,-0.4187,-0.02,0.03,0.00,26.712140,84.305095,M,1964,1964,1964,1964,2048,2048
89533,IDLE,-0.23,0.01,180.07,-0.07,-0.01,0.28,-0.3419,-0.3419,-0.3419,-0.3419,-0.02,0.02,0.00,26.712140,84.305095,M,1980,1980,1980,1980,2048,2048
89555,IDLE,-0.22,0.01,180.08,-0.03,0.05,0.26,-0.3184,-0.3184,-0.3184,-0.3184,-0.02,0.01,0.00,26.712140,84.305095,M,1984,1984,1984,1984,2048,2048
89580,IDLE,-0.22,0.01,180.08,-0.07,-0.09,0.18,-0.2174,-0.2174,-0.2174,-0.2174,-0.02,-0.00,0.00,26.712140,84.305095,M,2005,2005,2005,2005,2048,2048
89598,IDLE,-0.21,0.01,180.08,-0.04,-0.11,0.11,-0.1276,-0.1276,-0.1276,-0.1276,-0.03,-0.01,0.00,26.712140,84.305095,M,2022,2022,2022,2022,2048,2048
89625,IDLE,-0.20,0.01,180.09,0.07,-0.15,0.07,-0.0872,-0.0872,-0.0872,-0.0872,-0.03,-0.02,0.00,26.712140,84.305095,M,2031,2031,2031,2031,2048,2048
89646,IDLE,-0.20,0.00,180.09,-0.06,-0.17,0.12,-0.1480,-0.1480,-0.1480,-0.1480,-0.03,-0.03,0.00,26.712140,84.305095,M,2018,2018,2018,2018,2048,2048
89670,IDLE,-0.20,-0.00,180.09,-0.15,-0.30,0.04,-0.0345,-0.0345,-0.0345,-0.0345,-0.03,-0.03,0.00,26.712140,84.305095,M,2041,2041,2041,2041,2048,2048
89692,IDLE,-0.20,-0.01,180.09,-0.33,-0.16,-0.03,0.0516,0.0516,0.0516,0.0516,-0.03,-0.03,0.00,26.712140,84.305095,M,2058,2058,2058,2058,2048,2048
89718,IDLE,-0.20,-0.01,180.09,-0.23,-0.23,0.07,-0.0725,-0.0725,-0.0725,-0.0725,-0.03,-0.03,0.00,26.712140,84.305095,M,2034,2034,2034,2034,2048,2048
89737,IDLE,-0.20,-0.01,180.09,-0.29,-0.12,0.12,-0.1357,-0.1357,-0.1357,-0.1357,-0.03,-0.05,0.00,26.712140,84.305095,M,2021,2021,2021,2021,2048,2048
89765,IDLE,-0.20,-0.01,180.09,-0.23,-0.03,-0.02,0.0254,0.0254,0.0254,0.0254,-0.03,-0.06,0.00,26.712140,84.305095,M,2053,2053,2053,2053,2048,2048
89786,IDLE,-0.20,-0.01,180.09,-0.26,-0.00,-0.02,0.0349,0.0349,0.0349,0.0349,-0.04,-0.06,0.00,26.712140,84.305095,M,2055,2055,2055,2055,2048,2048
89811,IDLE,-0.20,-0.00,180.09,-0.32,0.20,0.05,-0.0610,-0.0610,-0.0610,-0.0610,-0.04,-0.07,0.00,26.712140,84.305095,10,2036,2036,2036,2036,2048,2048
89834,IDLE,-0.21,0.00,180.09,-0.44,0.18,-0.01,0.0159,0.0159,0.0159,0.0159,-0.04,-0.08,0.00,26.712140,84.305095,10,2051,2051,2051,2051,2048,2048
89861,IDLE,-0.22,0.01,180.09,-0.50,0.26,0.03,-0.0294,-0.0294,-0.0294,-0.0294,-0.04,-0.09,0.00,26.712140,84.305095,10,2042,2042,2042,2042,2048,2048
89881,IDLE,-0.22,0.01,180.09,-0.38,0.10,0.13,-0.1545,-0.1545,-0.1545,-0.1545,-0.04,-0.08,0.00,26.712140,84.305095,10,2017,2017,2017,2017,2048,2048
89905,IDLE,-0.22,0.02,180.09,-0.35,0.16,0.07,-0.0812,-0.0812,-0.0812,-0.0812,-0.04,-0.07,0.00,26.712140,84.305095,10,2032,2032,2032,2032,2048,2048
89927,IDLE,-0.22,0.02,180.09,-0.48,0.27,0.09,-0.1061,-0.1061,-0.1061,-0.1061,-0.05,-0.07,0.00,26.712140,84.305095,10,2027,2027,2027,2027,2048,2048
89953,IDLE,-0.23,0.03,180.09,-0.45,0.33,0.07,-0.0870,-0.0870,-0.0870,-0.0870,-0.05,-0.07,0.00,26.712140,84.305095,10,2031,2031,2031,2031,2048,2048
89972,IDLE,-0.23,0.04,180.10,-0.30,0.28,0.18,-0.2155,-0.2155,-0.2155,-0.2155,-0.05,-0.07,0.00,26.712140,84.305095,10,2005,2005,2005,2005,2048,2048
90000,IDLE,-0.22,0.04,180.10,-0.10,0.05,0.38,-0.4570,-0.4570,-0.4570,-0.4570,-0.05,-0.07,0.00,26.712140,84.305095,10,1957,1957,1957,1957,2048,2048
90021,IDLE,-0.22,0.04,180.11,-0.11,0.01,0.20,-0.2409,-0.2409,-0.2409,-0.2409,-0.05,-0.05,0.00,26.712140,84.305095,10,2000,2000,2000,2000,2048,2048
90045,IDLE,-0.22,0.04,180.11,-0.34,0.06,0.17,-0.1954,-0.1954,-0.1954,-0.1954,-0.05,-0.04,0.00,26.712140,84.305095,10,2009,2009,2009,2009,2048,2048
90068,IDLE,-0.22,0.04,180.12,-0.18,-0.01,0.25,-0.2988,-0.2988,-0.2988,-0.2988,-0.05,-0.04,0.00,26.712140,84.305095,10,1988,1988,1988,1988,2048,2048
90094,IDLE,-0.22,0.04,180.12,-0.41,0.07,0.28,-0.3372,-0.3372,-0.3372,-0.3372,-0.05,-0.03,0.00,26.712140,84.305095,10,1981,1981,1981,1981,2048,2048
90114,IDLE,-0.22,0.04,180.13,-0.32,0.05,0.27,-0.3248,-0.3248,-0.3248,-0.3248,-0.05,-0.04,0.00,26.712140,84.305095,10,1983,1983,1983,1983,2048,2048
90142,IDLE,-0.22,0.05,180.13,-0.47,0.11,0.25,-0.3022,-0.3022,-0.3022,-0.3022,-0.05,-0.04,0.00,26.712140,84.305095,10,1988,1988,1988,1988,2048,2048
90169,IDLE,-0.23,0.05,180.14,-0.52,0.05,0.24,-0.2870,-0.2870,-0.2870,-0.2870,-0.05,-0.04,0.00,26.712140,84.305095,10,1991,1991,1991,1991,2048,2048
90188,IDLE,-0.23,0.04,180.15,-0.40,-0.08,0.30,-0.3574,-0.3574,-0.3574,-0.3574,-0.05,-0.03,0.00,26.712140,84.305095,10,1977,1977,1977,1977,2048,2048
90212,IDLE,-0.23,0.04,180.15,-0.39,-0.04,0.38,-0.4526,-0.4526,-0.4526,-0.4526,-0.05,-0.03,0.00,26.712140,84.305095,10,1957,1957,1957,1957,2048,2048
90233,IDLE,-0.24,0.03,180.16,-0.31,-0.12,0.33,-0.3889,-0.3889,-0.3889,-0.3889,-0.05,-0.03,0.00,26.712140,84.305095,10,1970,1970,1970,1970,2048,2048
90258,IDLE,-0.23,0.03,180.16,-0.21,-0.16,0.32,-0.3837,-0.3837,-0.3837,-0.3837,-0.05,-0.03,0.00,26.712140,84.305095,10,1971,1971,1971,1971,2048,2048
90277,IDLE,-0.23,0.02,180.17,-0.05,-0.26,0.13,-0.1569,-0.1569,-0.1569,-0.1569,-0.06,-0.03,0.00,26.712140,84.305095,10,2017,2017,2017,2017,2048,2048
90303,IDLE,-0.22,0.02,180.17,0.00,-0.22,0.11,-0.1336,-0.1336,-0.1336,-0.1336,-0.06,-0.03,0.00,26.712140,84.305095,10,2021,2021,2021,2021,2048,2048
90323,IDLE,-0.22,0.01,180.17,0.04,-0.23,0.06,-0.0666,-0.0666,-0.0666,-0.0666,-0.05,-0.01,0.00,26.712140,84.305095,10,2035,2035,2035,2035,2048,2048
90347,IDLE,-0.21,0.01,180.16,0.04,-0.05,-0.20,0.2435,0.2435,0.2435,0.2435,-0.05,-0.00,0.00,26.712140,84.305095,10,2097,2097,2097,2097,2048,2048
90369,IDLE,-0.21,0.01,180.15,-0.10,0.00,-0.38,0.4605,0.4605,0.4605,0.4605,-0.05,0.01,0.00,26.712140,84.305095,10,2140,2140,2140,2140,2048,2048
90395,IDLE,-0.20,0.01,180.14,-0.10,0.08,-0.29,0.3510,0.3510,0.3510,0.3510,-0.05,0.02,0.00,26.712140,84.305095,10,2118,2118,2118,2118,2048,2048
90423,IDLE,-0.21,0.02,180.14,-0.38,0.22,-0.17,0.2120,0.2120,0.2120,0.2120,-0.05,0.02,0.00,26.712140,84.305095,10,2090,2090,2090,2090,2048,2048
90448,IDLE,-0.21,0.02,180.13,-0.33,0.15,-0.20,0.2494,0.2494,0.2494,0.2494,-0.05,0.02,0.00,26.712140,84.305095,10,2098,2098,2098,2098,2048,2048
90466,IDLE,-0.21,0.02,180.13,-0.37,0.12,-0.23,0.2837,0.2837,0.2837,0.2837,-0.05,0.01,0.00,26.712140,84.305095,10,2105,2105,2105,2105,2048,2048
90494,IDLE,-0.22,0.02,180.12,-0.48,0.20,-0.16,0.2008,0.2008,0.2008,0.2008,-0.05,0.01,0.00,26.712140,84.305095,10,2088,2088,2088,2088,2048,2048
90515,IDLE,-0.22,0.03,180.12,-0.40,0.11,-0.12,0.1576,0.1576,0.1576,0.1576,-0.05,0.01,0.00,26.712140,84.305095,10,2080,2080,2080,2080,2048,2048
90540,IDLE,-0.22,0.03,180.12,-0.31,0.04,-0.06,0.0835,0.0835,0.0835,0.0835,-0.05,0.01,0.00,26.712140,84.305095,10,2065,2065,2065,2065,2048,2048
90558,IDLE,-0.22,0.02,180.12,-0.21,-0.10,-0.02,0.0310,0.0310,0.0310,0.0310,-0.05,0.01,0.00,26.712140,84.305095,10,2054,2054,2054,2054,2048,2048
90586,IDLE,-0.22,0.02,180.11,-0.27,0.05,0.02,-0.0155,-0.0155,-0.0155,-0.0155,-0.05,0.01,0.00,26.712140,84.305095,10,2045,2045,2045,2045,2048,2048
90607,IDLE,-0.23,0.03,180.11,-0.39,0.23,-0.08,0.0999,0.0999,0.0999,0.0999,-0.05,0.02,0.00,26.712140,84.305095,10,2068,2068,2068,2068,2048,2048
90631,IDLE,-0.23,0.03,180.11,-0.38,0.12,-0.03,0.0454,0.0454,0.0454,0.0454,-0.05,0.03,0.00,26.712140,84.305095,10,2057,2057,2057,2057,2048,2048
90649,IDLE,-0.23,0.03,180.11,-0.42,0.08,0.10,-0.1082,-0.1082,-0.1082,-0.1082,-0.05,0.04,0.00,26.712140,84.305095,10,2026,2026,2026,2026,2048,2048
90676,IDLE,-0.24,0.03,180.11,-0.42,0.10,-0.07,0.0948,0.0948,0.0948,0.0948,-0.05,0.04,0.00,26.712140,84.305095,10,2067,2067,2067,2067,2048,2048
90697,IDLE,-0.23,0.03,180.11,-0.03,-0.04,0.08,-0.0915,-0.0915,-0.0915,-0.0915,-0.04,0.04,0.00,26.712140,84.305095,10,2030,2030,2030,2030,2048,2048
90721,IDLE,-0.23,0.03,180.11,-0.09,0.03,0.03,-0.0353,-0.0353,-0.0353,-0.0353,-0.04,0.05,0.00,26.712140,84.305095,10,2041,2041,2041,2041,2048,2048
90744,IDLE,-0.22,0.03,180.11,-0.11,-0.07,0.07,-0.0837,-0.0837,-0.0837,-0.0837,-0.04,0.04,0.00,26.712140,84.305095,10,2031,2031,2031,2031,2048,2048
90770,IDLE,-0.22,0.03,180.11,-0.16,0.02,0.01,-0.0057,-0.0057,-0.0057,-0.0057,-0.04,0.04,0.00,26.712140,84.305095,10,2047,2047,2047,2047,2048,2048
90790,IDLE,-0.22,0.03,180.11,-0.25,0.07,-0.00,0.0046,0.0046,0.0046,0.0046,-0.04,0.05,0.00,26.712139,84.305096,10,2049,2049,2049,2049,2048,2048
90813,IDLE,-0.22,0.04,180.11,-0.23,0.08,-0.01,0.0204,0.0204,0.0204,0.0204,-0.04,0.05,0.00,26.712139,84.305096,M,2052,2052,2052,2052,2048,2048
90835,IDLE,-0.22,0.04,180.11,-0.43,0.15,0.04,-0.0406,-0.0406,-0.0406,-0.0406,-0.04,0.06,0.00,26.712139,84.305096,M,2040,2040,2040,2040,2048,2048
90861,IDLE,-0.23,0.04,180.11,-0.45,0.13,0.13,-0.1539,-0.1539,-0.1539,-0.1539,-0.04,0.07,0.00,26.712139,84.305096,M,2017,2017,2017,2017,2048,2048
90880,IDLE,-0.23,0.04,180.11,-0.35,0.01,0.07,-0.0784,-0.0784,-0.0784,-0.0784,-0.03,0.07,0.00,26.712139,84.305096,M,2032,2032,2032,2032,2048,2048
90908,IDLE,-0.23,0.04,180.11,-0.29,-0.04,0.12,-0.1346,-0.1346,-0.1346,-0.1346,-0.03,0.04,0.00,26.712139,84.305096,M,2021,2021,2021,2021,2048,2048
90935,IDLE,-0.23,0.04,180.12,-0.20,-0.13,0.22,-0.2601,-0.2601,-0.2601,-0.2601,-0.04,0.03,0.00,26.712139,84.305096,M,1996,1996,1996,1996,2048,2048
90955,IDLE,-0.22,0.03,180.13,-0.14,-0.06,0.32,-0.3863,-0.3863,-0.3863,-0.3863,-0.04,0.01,0.00,26.712139,84.305096,M,1971,1971,1971,1971,2048,2048
90978,IDLE,-0.22,0.03,180.13,-0.11,-0.14,0.25,-0.2971,-0.2971,-0.2971,-0.2971,-0.04,0.00,0.00,26.712139,84.305096,M,1989,1989,1989,1989,2048,2048
91001,IDLE,-0.22,0.03,180.14,-0.12,-0.11,0.22,-0.2651,-0.2651,-0.2651,-0.2651,-0.04,-0.01,0.00,26.712139,84.305096,M,1995,1995,1995,1995,2048,2048
91026,IDLE,-0.22,0.02,180.14,-0.20,-0.13,0.25,-0.2968,-0.2968,-0.2968,-0.2968,-0.04,-0.01,0.00,26.712139,84.305096,M,1989,1989,1989,1989,2048,2048
91045,IDLE,-0.22,0.02,180.15,-0.37,-0.03,0.30,-0.3633,-0.3633,-0.3633,-0.3633,-0.04,-0.02,0.00,26.712139,84.305096,M,1975,1975,1975,1975,2048,2048
91073,IDLE,-0.22,0.02,180.15,-0.24,-0.10,0.33,-0.3899,-0.3899,-0.3899,-0.3899,-0.04,-0.02,0.00,26.712139,84.305096,M,1970,1970,1970,1970,2048,2048
91094,IDLE,-0.22,0.02,180.16,-0.21,0.02,0.24,-0.2849,-0.2849,-0.2849,-0.2849,-0.04,-0.02,0.00,26.712139,84.305096,M,1991,1991,1991,1991,2048,2048
91118,IDLE,-0.22,0.02,180.16,-0.20,-0.00,0.20,-0.2402,-0.2402,-0.2402,-0.2402,-0.04,-0.02,0.00,26.712139,84.305096,M,2000,2000,2000,2000,2048,2048
91141,IDLE,-0.21,0.02,180.17,-0.06,-0.13,0.26,-0.3096,-0.3096,-0.3096,-0.3096,-0.04,-0.04,0.00,26.712139,84.305096,M,1986,1986,1986,1986,2048,2048
91168,IDLE,-0.21,0.02,180.17,-0.04,-0.11,0.23,-0.2758,-0.2758,-0.2758,-0.2758,-0.05,-0.05,0.00,26.712139,84.305096,M,1993,1993,1993,1993,2048,2048
91187,IDLE,-0.20,0.02,180.17,0.11,-0.13,0.11,-0.1324,-0.1324,-0.1324,-0.1324,-0.05,-0.05,0.00,26.712139,84.305096,M,2022,2022,2022,2022,2048,2048
91221,IDLE,-0.19,0.01,180.17,0.09,-0.01,0.14,-0.1674,-0.1674,-0.1674,-0.1674,-0.05,-0.06,0.00,26.712139,84.305096,M,2015,2015,2015,2015,2048,2048
91244,IDLE,-0.18,0.01,180.18,0.30,-0.07,0.13,-0.1662,-0.1662,-0.1662,-0.1662,-0.05,-0.06,0.00,26.712139,84.305096,M,2015,2015,2015,2015,2048,2048
91266,IDLE,-0.17,0.01,180.18,0.23,-0.15,0.09,-0.1115,-0.1115,-0.1115,-0.1115,-0.05,-0.05,0.00,26.712139,84.305096,M,2026,2026,2026,2026,2048,2048
91291,IDLE,-0.16,0.01,180.18,0.13,-0.19,0.14,-0.1713,-0.1713,-0.1713,-0.1713,-0.05,-0.05,0.00,26.712139,84.305096,M,2014,2014,2014,2014,2048,2048
91310,IDLE,-0.15,0.00,180.18,0.29,-0.19,0.15,-0.1895,-0.1895,-0.1895,-0.1895,-0.05,-0.03,0.00,26.712139,84.305096,M,2010,2010,2010,2010,2048,2048
91338,IDLE,-0.14,-0.00,180.18,0.21,-0.29,0.23,-0.2750,-0.2750,-0.2750,-0.2750,-0.05,-0.01,0.00,26.712139,84.305096,M,1993,1993,1993,1993,2048,2048
91358,IDLE,-0.13,-0.01,180.19,0.09,-0.20,0.18,-0.2171,-0.2171,-0.2171,-0.2171,-0.05,-0.01,0.00,26.712139,84.305096,M,2005,2005,2005,2005,2048,2048
91383,IDLE,-0.13,-0.01,180.19,-0.06,-0.12,0.19,-0.2262,-0.2262,-0.2262,-0.2262,-0.05,-0.00,0.00,26.712139,84.305096,M,2003,2003,2003,2003,2048,2048
91406,IDLE,-0.13,-0.01,180.19,-0.09,0.01,0.07,-0.0879,-0.0879,-0.0879,-0.0879,-0.05,-0.00,0.00,26.712139,84.305096,M,2030,2030,2030,2030,2048,2048
91432,IDLE,-0.13,-0.01,180.19,-0.09,0.05,-0.04,0.0472,0.0472,0.0472,0.0472,-0.05,-0.00,0.00,26.712139,84.305096,M,2057,2057,2057,2057,2048,2048
91451,IDLE,-0.13,-0.00,180.19,-0.12,0.11,-0.09,0.1137,0.1137,0.1137,0.1137,-0.05,-0.00,0.00,26.712139,84.305096,M,2071,2071,2071,2071,2048,2048
91475,IDLE,-0.12,-0.00,180.18,-0.12,0.16,-0.02,0.0265,0.0265,0.0265,0.0265,-0.05,-0.00,0.00,26.712139,84.305096,M,2053,2053,2053,2053,2048,2048
91497,IDLE,-0.12,0.00,180.19,-0.07,0.17,0.09,-0.1125,-0.1125,-0.1125,-0.1125,-0.05,0.00,0.00,26.712139,84.305096,M,2026,2026,2026,2026,2048,2048
91522,IDLE,-0.12,0.01,180.19,-0.21,0.20,0.06,-0.0739,-0.0739,-0.0739,-0.0739,-0.05,0.00,0.00,26.712139,84.305096,M,2033,2033,2033,2033,2048,2048
91541,IDLE,-0.13,0.02,180.19,-0.59,0.37,0.11,-0.1230,-0.1230,-0.1230,-0.1230,-0.05,-0.01,0.00,26.712139,84.305096,M,2023,2023,2023,2023,2048,2048
91569,IDLE,-0.14,0.03,180.19,-0.53,0.44,0.17,-0.2021,-0.2021,-0.2021,-0.2021,-0.05,-0.01,0.00,26.712139,84.305096,M,2008,2008,2008,2008,2048,2048
91591,IDLE,-0.15,0.03,180.19,-0.63,0.34,0.08,-0.0897,-0.0897,-0.0897,-0.0897,-0.05,-0.01,0.00,26.712139,84.305096,M,2030,2030,2030,2030,2048,2048
91615,IDLE,-0.15,0.04,180.19,-0.33,0.24,-0.03,0.0456,0.0456,0.0456,0.0456,-0.05,0.00,0.00,26.712139,84.305096,M,2057,2057,2057,2057,2048,2048
91633,IDLE,-0.16,0.04,180.18,-0.50,0.31,-0.09,0.1129,0.1129,0.1129,0.1129,-0.05,-0.00,0.00,26.712139,84.305096,M,2071,2071,2071,2071,2048,2048
91661,IDLE,-0.16,0.05,180.18,-0.37,0.27,-0.05,0.0612,0.0612,0.0612,0.0612,-0.05,-0.00,0.00,26.712139,84.305096,M,2060,2060,2060,2060,2048,2048
91682,IDLE,-0.17,0.05,180.18,-0.44,0.26,-0.08,0.0978,0.0978,0.0978,0.0978,-0.05,-0.00,0.00,26.712139,84.305096,M,2068,2068,2068,2068,2048,2048
91706,IDLE,-0.17,0.06,180.18,-0.43,0.28,0.00,0.0030,0.0030,0.0030,0.0030,-0.05,-0.00,0.00,26.712139,84.305096,M,2049,2049,2049,2049,2048,2048
91724,IDLE,-0.17,0.06,180.17,-0.44,0.26,-0.09,0.1098,0.1098,0.1098,0.1098,-0.05,-0.01,0.00,26.712139,84.305096,M,2070,2070,2070,2070,2048,2048
91752,IDLE,-0.17,0.06,180.17,-0.29,0.21,-0.00,0.0078,0.0078,0.0078,0.0078,-0.05,-0.01,0.00,26.712139,84.305096,M,2050,2050,2050,2050,2048,2048
91773,IDLE,-0.17,0.07,180.17,-0.24,0.27,-0.02,0.0212,0.0212,0.0212,0.0212,-0.05,-0.02,0.00,26.712139,84.305096,M,2052,2052,2052,2052,2048,2048
91798,IDLE,-0.17,0.07,180.17,-0.26,0.17,0.01,-0.0148,-0.0148,-0.0148,-0.0148,-0.05,-0.03,0.00,26.712138,84.305097,M,2045,2045,2045,2045,2048,2048
91816,IDLE,-0.17,0.07,180.17,-0.21,0.10,0.03,-0.0362,-0.0362,-0.0362,-0.0362,-0.05,-0.04,0.00,26.712138,84.305097,M,2041,2041,2041,2041,2048,2048
91843,IDLE,-0.17,0.07,180.17,-0.20,0.06,0.07,-0.0827,-0.0827,-0.0827,-0.0827,-0.05,-0.04,0.00,26.712138,84.305097,51.4SA,2031,2031,2031,2031,2048,2048
91864,IDLE,-0.17,0.07,180.17,-0.33,0.05,0.06,-0.0667,-0.0667,-0.0667,-0.0667,-0.05,-0.03,0.00,26.712138,84.305097,51.4SA,2035,2035,2035,2035,2048,2048
91887,IDLE,-0.17,0.07,180.17,-0.25,0.07,-0.02,0.0339,0.0339,0.0339,0.0339,-0.05,-0.02,0.00,26.712138,84.305097,51.4SA,2055,2055,2055,2055,2048,2048
91909,IDLE,-0.17,0.07,180.16,-0.22,0.04,-0.22,0.2707,0.2707,0.2707,0.2707,-0.05,0.00,0.00,26.712138,84.305097,51.4SA,2102,2102,2102,2102,2048,2048
91934,IDLE,-0.17,0.07,180.16,-0.31,0.10,0.01,-0.0093,-0.0093,-0.0093,-0.0093,-0.05,0.02,0.00,26.712138,84.305097,51.4SA,2046,2046,2046,2046,2048,2048
91953,IDLE,-0.17,0.07,180.16,-0.12,0.05,0.03,-0.0318,-0.0318,-0.0318,-0.0318,-0.05,0.01,0.00,26.712138,84.305097,51.4SA,2042,2042,2042,2042,2048,2048
91979,IDLE,-0.17,0.07,180.16,-0.25,0.20,-0.04,0.0484,0.0484,0.0484,0.0484,-0.05,0.00,0.00,26.712138,84.305097,51.4SA,2058,2058,2058,2058,2048,2048
91999,IDLE,-0.17,0.07,180.16,-0.30,0.17,-0.03,0.0367,0.0367,0.0367,0.0367,-0.05,0.01,0.00,26.712138,84.305097,51.4SA,2055,2055,2055,2055,2048,2048
92023,IDLE,-0.17,0.07,180.15,-0.30,0.09,-0.21,0.2562,0.2562,0.2562,0.2562,-0.05,0.01,0.00,26.712138,84.305097,51.4SA,2099,2099,2099,2099,2048,2048
92045,IDLE,-0.17,0.07,180.15,-0.22,0.01,-0.15,0.1923,0.1923,0.1923,0.1923,-0.05,-0.00,0.00,26.712138,84.305097,51.4SA,2086,2086,2086,2086,2048,2048
92070,IDLE,-0.17,0.07,180.15,-0.30,-0.03,-0.07,0.0936,0.0936,0.0936,0.0936,-0.05,-0.01,0.00,26.712138,84.305097,51.4SA,2067,2067,2067,2067,2048,2048
92089,IDLE,-0.17,0.07,180.14,-0.13,-0.05,-0.14,0.1786,0.1786,0.1786,0.1786,-0.05,0.01,0.00,26.712138,84.305097,51.4SA,2084,2084,2084,2084,2048,2048
92116,IDLE,-0.17,0.07,180.14,-0.16,-0.01,-0.04,0.0560,0.0560,0.0560,0.0560,-0.05,0.01,0.00,26.712138,84.305097,51.4SA,2059,2059,2059,2059,2048,2048
92136,IDLE,-0.17,0.06,180.14,-0.02,0.01,0.02,-0.0217,-0.0217,-0.0217,-0.0217,-0.05,0.02,0.00,26.712138,84.305097,51.4SA,2044,2044,2044,2044,2048,2048
92159,IDLE,-0.17,0.06,180.14,-0.19,0.03,0.18,-0.2206,-0.2206,-0.2206,-0.2206,-0.05,0.03,0.00,26.712138,84.305097,51.4SA,2004,2004,2004,2004,2048,2048
92181,IDLE,-0.17,0.06,180.14,-0.28,-0.10,0.05,-0.0474,-0.0474,-0.0474,-0.0474,-0.05,0.02,0.00,26.712138,84.305097,51.4SA,2039,2039,2039,2039,2048,2048
92206,IDLE,-0.17,0.06,180.14,-0.24,-0.17,0.05,-0.0553,-0.0553,-0.0553,-0.0553,-0.05,0.01,0.00,26.712138,84.305097,51.4SA,2037,2037,2037,2037,2048,2048
92230,IDLE,-0.17,0.05,180.14,-0.12,-0.20,0.00,0.0017,0.0017,0.0017,0.0017,-0.05,0.01,0.00,26.712138,84.305097,51.4SA,2048,2048,2048,2048,2048,2048
92256,IDLE,-0.16,0.05,180.14,-0.06,-0.22,0.09,-0.1010,-0.1010,-0.1010,-0.1010,-0.05,0.01,0.00,26.712138,84.305097,51.4SA,2028,2028,2028,2028,2048,2048
92276,IDLE,-0.16,0.04,180.14,0.00,-0.31,0.02,-0.0183,-0.0183,-0.0183,-0.0183,-0.05,0.00,0.00,26.712138,84.305097,51.4SA,2044,2044,2044,2044,2048,2048
92304,IDLE,-0.16,0.03,180.14,-0.04,-0.27,0.08,-0.0862,-0.0862,-0.0862,-0.0862,-0.05,-0.00,0.00,26.712138,84.305097,51.4SA,2031,2031,2031,2031,2048,2048
92325,IDLE,-0.15,0.03,180.14,0.11,-0.20,0.03,-0.0348,-0.0348,-0.0348,-0.0348,-0.05,-0.00,0.00,26.712138,84.305097,51.4SA,2041,2041,2041,2041,2048,2048
92349,IDLE,-0.15,0.02,180.14,0.02,-0.27,0.07,-0.0853,-0.0853,-0.0853,-0.0853,-0.05,-0.00,0.00,26.712138,84.305097,51.4SA,2031,2031,2031,2031,2048,2048
92371,IDLE,-0.15,0.02,180.14,-0.19,-0.08,0.05,-0.0494,-0.0494,-0.0494,-0.0494,-0.05,0.01,0.00,26.712138,84.305097,51.4SA,2038,2038,2038,2038,2048,2048
92406,IDLE,-0.15,0.02,180.14,-0.20,0.10,0.09,-0.1022,-0.1022,-0.1022,-0.1022,-0.05,0.01,0.00,26.712138,84.305097,51.4SA,2028,2028,2028,2028,2048,2048
92431,IDLE,-0.15,0.03,180.14,-0.17,0.09,0.02,-0.0202,-0.0202,-0.0202,-0.0202,-0.05,0.02,0.00,26.712138,84.305097,51.4SA,2044,2044,2044,2044,2048,2048
92454,IDLE,-0.15,0.03,180.14,-0.17,0.07,0.05,-0.0554,-0.0554,-0.0554,-0.0554,-0.05,0.02,0.00,26.712138,84.305097,51.4SA,2037,2037,2037,2037,2048,2048
92481,IDLE,-0.15,0.03,180.14,-0.27,0.08,-0.00,0.0076,0.0076,0.0076,0.0076,-0.05,0.03,0.00,26.712138,84.305097,51.4SA,2050,2050,2050,2050,2048,2048
92501,IDLE,-0.16,0.03,180.14,-0.40,0.12,0.09,-0.1052,-0.1052,-0.1052,-0.1052,-0.04,0.03,0.00,26.712138,84.305097,51.4SA,2027,2027,2027,2027,2048,2048
92529,IDLE,-0.16,0.03,180.14,-0.40,0.00,0.05,-0.0551,-0.0551,-0.0551,-0.0551,-0.04,0.02,0.00,26.712138,84.305097,51.4SA,2037,2037,2037,2037,2048,2048
92556,IDLE,-0.17,0.04,180.14,-0.31,0.17,0.02,-0.0159,-0.0159,-0.0159,-0.0159,-0.05,0.01,0.00,26.712138,84.305097,51.4SA,2045,2045,2045,2045,2048,2048
92575,IDLE,-0.17,0.04,180.14,-0.27,0.09,0.06,-0.0661,-0.0661,-0.0661,-0.0661,-0.04,0.02,0.00,26.712138,84.305097,51.4SA,2035,2035,2035,2035,2048,2048
92603,IDLE,-0.16,0.04,180.15,-0.05,-0.08,0.14,-0.1713,-0.1713,-0.1713,-0.1713,-0.04,0.01,0.00,26.712138,84.305097,51.4SA,2014,2014,2014,2014,2048,2048
92624,IDLE,-0.16,0.04,180.15,-0.18,0.01,0.22,-0.2673,-0.2673,-0.2673,-0.2673,-0.04,0.02,0.00,26.712138,84.305097,51.4SA,1995,1995,1995,1995,2048,2048
92648,IDLE,-0.16,0.04,180.15,-0.12,-0.09,0.15,-0.1842,-0.1842,-0.1842,-0.1842,-0.04,0.03,0.00,26.712138,84.305097,51.4SA,2011,2011,2011,2011,2048,2048
92671,IDLE,-0.16,0.04,180.15,-0.15,0.02,0.11,-0.1251,-0.1251,-0.1251,-0.1251,-0.04,0.05,0.00,26.712138,84.305097,51.4SA,2023,2023,2023,2023,2048,2048
92696,IDLE,-0.16,0.04,180.16,-0.15,0.06,0.27,-0.3277,-0.3277,-0.3277,-0.3277,-0.04,0.05,0.00,26.712138,84.305097,51.4SA,1982,1982,1982,1982,2048,2048
92715,IDLE,-0.16,0.04,180.16,0.00,0.09,0.13,-0.1566,-0.1566,-0.1566,-0.1566,-0.04,0.06,0.00,26.712138,84.305097,51.4SA,2017,2017,2017,2017,2048,2048
92741,IDLE,-0.15,0.04,180.16,0.10,-0.04,0.18,-0.2162,-0.2162,-0.2162,-0.2162,-0.04,0.06,0.00,26.712138,84.305097,51.4SA,2005,2005,2005,2005,2048,2048
92762,IDLE,-0.15,0.04,180.17,0.05,0.04,0.16,-0.2014,-0.2014,-0.2014,-0.2014,-0.03,0.07,0.00,26.712138,84.305097,51.4SA,2008,2008,2008,2008,2048,2048
92790,IDLE,-0.14,0.04,180.17,0.08,0.13,0.03,-0.0400,-0.0400,-0.0400,-0.0400,-0.03,0.08,0.00,26.712138,84.305097,51.4SA,2040,2040,2040,2040,2048,2048
92817,IDLE,-0.14,0.04,180.17,-0.04,0.03,0.12,-0.1455,-0.1455,-0.1455,-0.1455,-0.03,0.08,0.00,26.712138,84.305097,51.4SA,2019,2019,2019,2019,2048,2048
92837,IDLE,-0.14,0.04,180.17,-0.17,0.09,0.18,-0.2168,-0.2168,-0.2168,-0.2168,-0.03,0.08,0.00,26.712138,84.305097,51.4SA,2005,2005,2005,2005,2048,2048
92865,IDLE,-0.14,0.04,180.17,-0.25,0.11,0.07,-0.0865,-0.0865,-0.0865,-0.0865,-0.03,0.07,0.00,26.712138,84.305097,51.4SA,2031,2031,2031,2031,2048,2048
92891,IDLE,-0.15,0.04,180.17,-0.30,0.07,0.06,-0.0678,-0.0678,-0.0678,-0.0678,-0.03,0.06,0.00,26.712138,84.305097,51.4SA,2034,2034,2034,2034,2048,2048
92911,IDLE,-0.15,0.04,180.18,-0.37,0.16,0.15,-0.1820,-0.1820,-0.1820,-0.1820,-0.03,0.05,0.00,26.712138,84.305097,51.4SA,2012,2012,2012,2012,2048,2048
92939,IDLE,-0.16,0.04,180.18,-0.51,0.10,0.16,-0.1832,-0.1832,-0.1832,-0.1832,-0.03,0.04,0.00,26.712138,84.305097,51.4SA,2011,2011,2011,2011,2048,2048
92960,IDLE,-0.16,0.04,180.18,-0.29,-0.10,0.17,-0.2009,-0.2009,-0.2009,-0.2009,-0.03,0.03,0.00,26.712138,84.305097,51.4SA,2008,2008,2008,2008,2048,2048
92984,IDLE,-0.16,0.04,180.18,-0.07,0.01,0.17,-0.2087,-0.2087,-0.2087,-0.2087,-0.03,0.02,0.00,26.712138,84.305097,51.4SA,2006,2006,2006,2006,2048,2048
93006,IDLE,-0.16,0.03,180.18,-0.15,-0.07,-0.06,0.0765,0.0765,0.0765,0.0765,-0.03,0.02,0.00,26.712138,84.305097,51.4SA,2063,2063,2063,2063,2048,2048
93032,IDLE,-0.15,0.03,180.18,0.02,-0.17,-0.10,0.1304,0.1304,0.1304,0.1304,-0.03,0.01,0.00,26.712138,84.305097,51.4SA,2074,2074,2074,2074,2048,2048
93050,IDLE,-0.16,0.02,180.17,-0.40,-0.24,-0.17,0.2216,0.2216,0.2216,0.2216,-0.03,0.01,0.00,26.712138,84.305097,51.4SA,2092,2092,2092,2092,2048,2048
93078,IDLE,-0.17,0.02,180.17,-0.49,-0.26,0.00,0.0143,0.0143,0.0143,0.0143,-0.03,0.01,0.00,26.712138,84.305097,51.4SA,2051,2051,2051,2051,2048,2048
93098,IDLE,-0.17,0.01,180.17,-0.44,-0.16,-0.02,0.0376,0.0376,0.0376,0.0376,-0.03,0.01,0.00,26.712138,84.305097,51.4SA,2056,2056,2056,2056,2048,2048
93123,IDLE,-0.17,0.01,180.17,-0.29,-0.15,-0.02,0.0337,0.0337,0.0337,0.0337,-0.03,0.01,0.00,26.712138,84.305097,51.4SA,2055,2055,2055,2055,2048,2048
93145,IDLE,-0.17,0.01,180.17,0.00,-0.21,0.10,-0.1208,-0.1208,-0.1208,-0.1208,-0.03,0.00,0.00,26.712138,84.305097,51.4SA,2024,2024,2024,2024,2048,2048
93171,IDLE,-0.16,0.00,180.17,0.01,-0.05,0.10,-0.1268,-0.1268,-0.1268,-0.1268,-0.03,0.00,0.00,26.712138,84.305097,51.4SA,2023,2023,2023,2023,2048,2048
93190,IDLE,-0.16,0.00,180.17,0.10,-0.05,0.18,-0.2175,-0.2175,-0.2175,-0.2175,-0.03,0.00,0.00,26.712138,84.305097,51.4SA,2004,2004,2004,2004,2048,2048
93217,IDLE,-0.15,0.00,180.17,0.12,-0.07,0.15,-0.1874,-0.1874,-0.1874,-0.1874,-0.03,0.00,0.00,26.712138,84.305097,51.4SA,2011,2011,2011,2011,2048,2048
93245,IDLE,-0.15,0.01,180.18,-0.18,0.07,0.05,-0.0577,-0.0577,-0.0577,-0.0577,-0.03,0.01,0.00,26.712138,84.305097,51.4SA,2036,2036,2036,2036,2048,2048
93270,IDLE,-0.15,0.01,180.17,-0.08,0.12,-0.03,0.0364,0.0364,0.0364,0.0364,-0.03,0.01,0.00,26.712138,84.305097,51.4SA,2055,2055,2055,2055,2048,2048
93288,IDLE,-0.15,0.01,180.17,-0.08,0.16,-0.20,0.2415,0.2415,0.2415,0.2415,-0.03,0.01,0.00,26.712138,84.305097,51.4SA,2096,2096,2096,2096,2048,2048
93315,IDLE,-0.14,0.01,180.16,-0.12,0.08,-0.20,0.2506,0.2506,0.2506,0.2506,-0.03,0.00,0.00,26.712138,84.305097,51.4SA,2098,2098,2098,2098,2048,2048
93335,IDLE,-0.14,0.01,180.16,-0.07,0.08,-0.12,0.1420,0.1420,0.1420,0.1420,-0.03,-0.01,0.00,26.712138,84.305097,51.4SA,2076,2076,2076,2076,2048,2048
93359,IDLE,-0.14,0.01,180.15,-0.05,0.02,-0.20,0.2411,0.2411,0.2411,0.2411,-0.03,-0.01,0.00,26.712138,84.305097,51.4SA,2096,2096,2096,2096,2048,2048
93381,IDLE,-0.14,0.01,180.15,-0.11,-0.03,-0.15,0.1852,0.1852,0.1852,0.1852,-0.03,-0.01,0.00,26.712138,84.305097,51.4SA,2085,2085,2085,2085,2048,2048
93407,IDLE,-0.13,0.01,180.15,-0.09,-0.00,-0.04,0.0454,0.0454,0.0454,0.0454,-0.03,-0.01,0.00,26.712138,84.305097,51.4SA,2057,2057,2057,2057,2048,2048
93425,IDLE,-0.13,0.01,180.15,-0.17,0.04,0.11,-0.1361,-0.1361,-0.1361,-0.1361,-0.03,-0.01,0.00,26.712138,84.305097,51.4SA,2021,2021,2021,2021,2048,2048
93452,IDLE,-0.13,0.01,180.15,-0.06,0.05,-0.02,0.0248,0.0248,0.0248,0.0248,-0.03,-0.00,0.00,26.712138,84.305097,51.4SA,2053,2053,2053,2053,2048,2048
93472,IDLE,-0.13,0.02,180.15,-0.09,0.10,0.07,-0.0797,-0.0797,-0.0797,-0.0797,-0.03,0.01,0.00,26.712138,84.305097,51.4SA,2032,2032,2032,2032,2048,2048
93496,IDLE,-0.13,0.02,180.15,-0.08,0.10,-0.01,0.0063,0.0063,0.0063,0.0063,-0.03,0.01,0.00,26.712138,84.305097,51.4SA,2049,2049,2049,2049,2048,2048
93518,IDLE,-0.13,0.02,180.15,-0.06,0.18,0.04,-0.0456,-0.0456,-0.0456,-0.0456,-0.03,0.01,0.00,26.712138,84.305097,51.4SA,2039,2039,2039,2039,2048,2048
93543,IDLE,-0.12,0.03,180.15,-0.14,0.20,0.00,-0.0008,-0.0008,-0.0008,-0.0008,-0.03,0.01,0.00,26.712138,84.305097,51.4SA,2048,2048,2048,2048,2048,2048
93566,IDLE,-0.12,0.03,180.15,-0.04,0.14,0.03,-0.0417,-0.0417,-0.0417,-0.0417,-0.02,0.03,0.00,26.712138,84.305097,51.4SA,2040,2040,2040,2040,2048,2048
93593,IDLE,-0.12,0.03,180.14,-0.08,0.10,-0.15,0.1779,0.1779,0.1779,0.1779,-0.02,0.04,0.00,26.712138,84.305097,51.4SA,2084,2084,2084,2084,2048,2048
93613,IDLE,-0.11,0.03,180.14,0.09,0.12,-0.14,0.1698,0.1698,0.1698,0.1698,-0.02,0.05,0.00,26.712138,84.305097,51.4SA,2082,2082,2082,2082,2048,2048
93636,IDLE,-0.11,0.04,180.13,0.25,0.07,-0.07,0.0745,0.0745,0.0745,0.0745,-0.02,0.06,0.00,26.712138,84.305097,51.4SA,2063,2063,2063,2063,2048,2048
93657,IDLE,-0.10,0.03,180.13,0.20,-0.04,-0.02,0.0243,0.0243,0.0243,0.0243,-0.02,0.06,0.00,26.712138,84.305097,51.4SA,2053,2053,2053,2053,2048,2048
93683,IDLE,-0.10,0.04,180.13,-0.01,0.12,-0.10,0.1235,0.1235,0.1235,0.1235,-0.02,0.05,0.00,26.712138,84.305097,51.4SA,2073,2073,2073,2073,2048,2048
93701,IDLE,-0.10,0.04,180.13,-0.12,0.00,-0.07,0.0900,0.0900,0.0900,0.0900,-0.02,0.04,0.00,26.712138,84.305097,51.4SA,2066,2066,2066,2066,2048,2048
93728,IDLE,-0.10,0.04,180.13,-0.12,0.17,0.04,-0.0506,-0.0506,-0.0506,-0.0506,-0.02,0.03,0.00,26.712138,84.305097,51.4SA,2038,2038,2038,2038,2048,2048
93749,IDLE,-0.10,0.04,180.13,-0.12,0.27,0.16,-0.1984,-0.1984,-0.1984,-0.1984,-0.02,0.04,0.00,26.712138,84.305097,51.4SA,2008,2008,2008,2008,2048,2048
93772,IDLE,-0.10,0.05,180.13,0.01,0.36,0.13,-0.1708,-0.1708,-0.1708,-0.1708,-0.02,0.04,0.00,26.712138,84.305097,51.4SA,2014,2014,2014,2014,2048,2048
93794,IDLE,-0.09,0.06,180.14,0.06,0.31,0.19,-0.2406,-0.2406,-0.2406,-0.2406,-0.02,0.02,0.00,26.712138,84.305097,51.4SA,2000,2000,2000,2000,2048,2048
93820,IDLE,-0.08,0.06,180.14,0.26,0.12,0.13,-0.1693,-0.1693,-0.1693,-0.1693,-0.02,0.01,0.00,26.712137,84.305099,51.4SA,2014,2014,2014,2014,2048,2048
93838,IDLE,-0.07,0.06,180.14,0.38,-0.01,0.04,-0.0524,-0.0524,-0.0524,-0.0524,-0.02,0.00,0.00,26.712137,84.305099,51.4SA,2038,2038,2038,2038,2048,2048
93865,IDLE,-0.06,0.06,180.14,0.17,-0.00,0.01,-0.0133,-0.0133,-0.0133,-0.0133,-0.02,-0.01,0.00,26.712137,84.305099,51.4SA,2045,2045,2045,2045,2048,2048
93885,IDLE,-0.06,0.06,180.14,0.02,0.03,0.14,-0.1704,-0.1704,-0.1704,-0.1704,-0.02,-0.00,0.00,26.712137,84.305099,51.4SA,2014,2014,2014,2014,2048,2048
93913,IDLE,-0.06,0.05,180.14,0.12,-0.04,0.04,-0.0553,-0.0553,-0.0553,-0.0553,-0.02,0.00,0.00,26.712137,84.305099,51.4SA,2037,2037,2037,2037,2048,2048
93940,IDLE,-0.06,0.06,180.14,-0.10,0.12,0.14,-0.1748,-0.1748,-0.1748,-0.1748,-0.02,0.00,0.00,26.712137,84.305099,51.4SA,2013,2013,2013,2013,2048,2048
93959,IDLE,-0.06,0.06,180.14,-0.09,0.23,0.09,-0.1104,-0.1104,-0.1104,-0.1104,-0.02,-0.00,0.00,26.712137,84.305099,51.4SA,2026,2026,2026,2026,2048,2048
93987,IDLE,-0.05,0.06,180.14,0.06,0.19,0.04,-0.0478,-0.0478,-0.0478,-0.0478,-0.02,-0.00,0.00,26.712137,84.305099,51.4SA,2038,2038,2038,2038,2048,2048
94008,IDLE,-0.05,0.07,180.14,-0.06,0.08,0.06,-0.0744,-0.0744,-0.0744,-0.0744,-0.02,0.00,0.00,26.712137,84.305099,51.4SA,2033,2033,2033,2033,2048,2048
94032,IDLE,-0.05,0.06,180.14,0.06,0.01,0.06,-0.0710,-0.0710,-0.0710,-0.0710,-0.02,0.00,0.00,26.712137,84.305099,51.4SA,2034,2034,2034,2034,2048,2048
94054,IDLE,-0.05,0.06,180.14,-0.07,-0.00,-0.03,0.0430,0.0430,0.0430,0.0430,-0.02,0.02,0.00,26.712137,84.305099,51.4SA,2057,2057,2057,2057,2048,2048
94080,IDLE,-0.05,0.06,180.14,-0.08,-0.02,-0.07,0.0848,0.0848,0.0848,0.0848,-0.01,0.03,0.00,26.712137,84.305099,51.4SA,2065,2065,2065,2065,2048,2048
94099,IDLE,-0.05,0.06,180.14,0.11,-0.08,0.03,-0.0374,-0.0374,-0.0374,-0.0374,-0.01,0.04,0.00,26.712137,84.305099,51.4SA,2041,2041,2041,2041,2048,2048
94126,IDLE,-0.05,0.05,180.14,0.06,-0.17,0.08,-0.0938,-0.0938,-0.0938,-0.0938,-0.01,0.05,0.00,26.712137,84.305099,51.4SA,2029,2029,2029,2029,2048,2048
94146,IDLE,-0.05,0.05,180.14,0.01,-0.24,0.04,-0.0498,-0.0498,-0.0498,-0.0498,-0.01,0.06,0.00,26.712137,84.305099,51.4SA,2038,2038,2038,2038,2048,2048
94170,IDLE,-0.04,0.04,180.14,0.02,-0.19,0.04,-0.0472,-0.0472,-0.0472,-0.0472,-0.01,0.07,0.00,26.712137,84.305099,51.4SA,2039,2039,2039,2039,2048,2048
94192,IDLE,-0.04,0.04,180.14,0.07,-0.17,-0.06,0.0735,0.0735,0.0735,0.0735,-0.01,0.07,0.00,26.712137,84.305099,51.4SA,2063,2063,2063,2063,2048,2048
94217,IDLE,-0.04,0.03,180.14,0.00,-0.28,0.05,-0.0608,-0.0608,-0.0608,-0.0608,-0.00,0.07,0.00,26.712137,84.305099,51.4SA,2036,2036,2036,2036,2048,2048
94235,IDLE,-0.04,0.02,180.14,0.06,-0.37,0.12,-0.1409,-0.1409,-0.1409,-0.1409,-0.00,0.06,0.00,26.712137,84.305099,51.4SA,2020,2020,2020,2020,2048,2048
94262,IDLE,-0.04,0.02,180.14,-0.12,-0.26,0.01,-0.0003,-0.0003,-0.0003,-0.0003,-0.00,0.06,0.00,26.712137,84.305099,51.4SA,2048,2048,2048,2048,2048,2048
94282,IDLE,-0.04,0.01,180.14,-0.04,-0.30,0.23,-0.2749,-0.2749,-0.2749,-0.2749,-0.00,0.05,0.00,26.712137,84.305099,51.4SA,1993,1993,1993,1993,2048,2048
94310,IDLE,-0.04,0.01,180.15,-0.09,-0.16,0.22,-0.2628,-0.2628,-0.2628,-0.2628,-0.00,0.04,0.00,26.712137,84.305099,51.4SA,1995,1995,1995,1995,2048,2048
94336,IDLE,-0.05,0.00,180.16,-0.18,-0.14,0.38,-0.4616,-0.4616,-0.4616,-0.4616,-0.00,0.02,0.00,26.712137,84.305099,51.4SA,1956,1956,1956,1956,2048,2048
94355,IDLE,-0.05,0.00,180.16,-0.27,-0.03,0.27,-0.3212,-0.3212,-0.3212,-0.3212,-0.00,0.00,0.00,26.712137,84.305099,51.4SA,1984,1984,1984,1984,2048,2048
94383,IDLE,-0.06,0.00,180.17,-0.23,-0.07,0.31,-0.3759,-0.3759,-0.3759,-0.3759,-0.01,-0.01,0.00,26.712137,84.305099,51.4SA,1973,1973,1973,1973,2048,2048
94404,IDLE,-0.06,-0.00,180.17,-0.18,-0.14,0.30,-0.3599,-0.3599,-0.3599,-0.3599,-0.01,-0.03,0.00,26.712137,84.305099,51.4SA,1976,1976,1976,1976,2048,2048
94441,IDLE,-0.08,0.00,180.18,-0.53,0.02,0.15,-0.1753,-0.1753,-0.1753,-0.1753,-0.01,-0.05,0.00,26.712137,84.305099,51.4SA,2013,2013,2013,2013,2048,2048
94470,IDLE,-0.09,0.00,180.18,-0.37,0.14,0.15,-0.1774,-0.1774,-0.1774,-0.1774,-0.01,-0.06,0.00,26.712137,84.305099,51.4SA,2013,2013,2013,2013,2048,2048
94496,IDLE,-0.09,0.01,180.18,-0.38,0.21,0.13,-0.1576,-0.1576,-0.1576,-0.1576,-0.02,-0.07,0.00,26.712137,84.305099,51.4SA,2016,2016,2016,2016,2048,2048
94516,IDLE,-0.10,0.02,180.18,-0.44,0.27,-0.02,0.0290,0.0290,0.0290,0.0290,-0.02,-0.06,0.00,26.712137,84.305099,51.4SA,2054,2054,2054,2054,2048,2048
94543,IDLE,-0.11,0.02,180.18,-0.54,0.08,0.15,-0.1734,-0.1734,-0.1734,-0.1734,-0.02,-0.05,0.00,26.712137,84.305099,51.4SA,2013,2013,2013,2013,2048,2048
94564,IDLE,-0.12,0.02,180.19,-0.51,0.16,0.18,-0.2143,-0.2143,-0.2143,-0.2143,-0.02,-0.05,0.00,26.712137,84.305099,51.4SA,2005,2005,2005,2005,2048,2048
94588,IDLE,-0.13,0.02,180.19,-0.25,0.16,0.01,-0.0097,-0.0097,-0.0097,-0.0097,-0.02,-0.04,0.00,26.712137,84.305099,51.4SA,2046,2046,2046,2046,2048,2048
94610,IDLE,-0.13,0.02,180.19,-0.22,-0.01,0.12,-0.1459,-0.1459,-0.1459,-0.1459,-0.02,-0.03,0.00,26.712137,84.305099,51.4SA,2019,2019,2019,2019,2048,2048
94636,IDLE,-0.13,0.02,180.19,-0.17,0.08,0.12,-0.1433,-0.1433,-0.1433,-0.1433,-0.02,-0.03,0.00,26.712137,84.305099,51.4SA,2019,2019,2019,2019,2048,2048
94659,IDLE,-0.13,0.03,180.19,-0.13,0.05,-0.09,0.1108,0.1108,0.1108,0.1108,-0.02,-0.03,0.00,26.712137,84.305099,51.4SA,2070,2070,2070,2070,2048,2048
94686,IDLE,-0.13,0.03,180.18,0.14,0.13,-0.26,0.3156,0.3156,0.3156,0.3156,-0.02,-0.03,0.00,26.712137,84.305099,51.4SA,2111,2111,2111,2111,2048,2048
94706,IDLE,-0.12,0.03,180.17,0.19,0.02,-0.26,0.3078,0.3078,0.3078,0.3078,-0.02,-0.04,0.00,26.712137,84.305099,51.4SA,2110,2110,2110,2110,2048,2048
94729,IDLE,-0.11,0.03,180.17,0.11,0.01,-0.20,0.2372,0.2372,0.2372,0.2372,-0.02,-0.04,0.00,26.712137,84.305099,51.4SA,2095,2095,2095,2095,2048,2048
94751,IDLE,-0.11,0.03,180.16,0.21,-0.08,-0.03,0.0327,0.0327,0.0327,0.0327,-0.02,-0.04,0.00,26.712137,84.305099,51.4SA,2055,2055,2055,2055,2048,2048
94776,IDLE,-0.11,0.03,180.17,-0.13,-0.04,0.11,-0.1291,-0.1291,-0.1291,-0.1291,-0.02,-0.04,0.00,26.712137,84.305099,51.4SA,2022,2022,2022,2022,2048,2048
94799,IDLE,-0.11,0.03,180.17,-0.05,-0.05,0.11,-0.1320,-0.1320,-0.1320,-0.1320,-0.02,-0.04,0.00,26.712137,84.305099,51.4SA,2022,2022,2022,2022,2048,2048
94826,IDLE,-0.10,0.03,180.17,0.01,-0.18,0.14,-0.1619,-0.1619,-0.1619,-0.1619,-0.02,-0.04,0.00,26.712137,84.305099,51.4SA,2016,2016,2016,2016,2048,2048
94846,IDLE,-0.11,0.02,180.17,-0.17,-0.33,-0.03,0.0435,0.0435,0.0435,0.0435,-0.03,-0.05,0.00,26.712137,84.305099,51.4SA,2057,2057,2057,2057,2048,2048
94874,IDLE,-0.11,0.02,180.17,-0.10,-0.14,-0.01,0.0188,0.0188,0.0188,0.0188,-0.03,-0.05,0.00,26.712137,84.305099,M,2052,2052,2052,2052,2048,2048
94895,IDLE,-0.11,0.02,180.17,-0.21,-0.07,0.04,-0.0402,-0.0402,-0.0402,-0.0402,-0.03,-0.06,0.00,26.712137,84.305099,M,2040,2040,2040,2040,2048,2048
94919,IDLE,-0.11,0.02,180.17,-0.23,-0.15,0.14,-0.1582,-0.1582,-0.1582,-0.1582,-0.03,-0.06,0.00,26.712137,84.305099,M,2016,2016,2016,2016,2048,2048
94943,IDLE,-0.11,0.01,180.17,-0.15,-0.19,0.13,-0.1536,-0.1536,-0.1536,-0.1536,-0.03,-0.07,0.00,26.712137,84.305099,M,2017,2017,2017,2017,2048,2048
94969,IDLE,-0.11,0.01,180.17,-0.08,-0.07,0.05,-0.0549,-0.0549,-0.0549,-0.0549,-0.03,-0.07,0.00,26.712137,84.305099,M,2037,2037,2037,2037,2048,2048
94989,IDLE,-0.11,0.01,180.17,0.05,-0.02,0.06,-0.0690,-0.0690,-0.0690,-0.0690,-0.04,-0.08,0.00,26.712137,84.305099,M,2034,2034,2034,2034,2048,2048
95013,IDLE,-0.11,0.02,180.17,-0.03,0.05,0.12,-0.1511,-0.1511,-0.1511,-0.1511,-0.04,-0.09,0.00,26.712137,84.305099,M,2018,2018,2018,2018,2048,2048
95035,IDLE,-0.11,0.02,180.17,-0.10,0.09,-0.06,0.0694,0.0694,0.0694,0.0694,-0.04,-0.08,0.00,26.712137,84.305099,M,2062,2062,2062,2062,2048,2048
95060,IDLE,-0.10,0.02,180.17,0.00,0.05,-0.02,0.0175,0.0175,0.0175,0.0175,-0.04,-0.08,0.00,26.712137,84.305099,M,2052,2052,2052,2052,2048,2048
95079,IDLE,-0.10,0.03,180.16,-0.10,0.16,-0.11,0.1353,0.1353,0.1353,0.1353,-0.04,-0.09,0.00,26.712137,84.305099,M,2075,2075,2075,2075,2048,2048
95102,IDLE,-0.10,0.03,180.16,-0.10,0.15,-0.13,0.1576,0.1576,0.1576,0.1576,-0.05,-0.09,0.00,26.712137,84.305099,M,2080,2080,2080,2080,2048,2048
95124,IDLE,-0.11,0.03,180.16,-0.25,0.12,-0.04,0.0577,0.0577,0.0577,0.0577,-0.05,-0.09,0.00,26.712137,84.305099,M,2060,2060,2060,2060,2048,2048
95150,IDLE,-0.11,0.04,180.15,-0.28,0.15,-0.16,0.1978,0.1978,0.1978,0.1978,-0.05,-0.09,0.00,26.712137,84.305099,M,2088,2088,2088,2088,2048,2048
95169,IDLE,-0.11,0.04,180.15,-0.22,0.13,-0.03,0.0379,0.0379,0.0379,0.0379,-0.05,-0.09,0.00,26.712137,84.305099,M,2056,2056,2056,2056,2048,2048
95192,IDLE,-0.11,0.04,180.15,-0.09,0.10,-0.16,0.1909,0.1909,0.1909,0.1909,-0.05,-0.09,0.00,26.712137,84.305099,M,2086,2086,2086,2086,2048,2048
95213,IDLE,-0.11,0.04,180.15,-0.12,0.00,0.03,-0.0303,-0.0303,-0.0303,-0.0303,-0.06,-0.10,0.00,26.712137,84.305099,M,2042,2042,2042,2042,2048,2048
95246,IDLE,-0.11,0.05,180.14,-0.02,0.04,-0.15,0.1837,0.1837,0.1837,0.1837,-0.06,-0.10,0.00,26.712137,84.305099,M,2085,2085,2085,2085,2048,2048
95272,IDLE,-0.11,0.05,180.14,0.03,0.04,-0.10,0.1180,0.1180,0.1180,0.1180,-0.06,-0.10,0.00,26.712137,84.305099,M,2072,2072,2072,2072,2048,2048
95291,IDLE,-0.11,0.04,180.14,-0.17,-0.02,-0.00,0.0063,0.0063,0.0063,0.0063,-0.06,-0.09,0.00,26.712137,84.305099,M,2049,2049,2049,2049,2048,2048
95314,IDLE,-0.11,0.04,180.14,-0.12,0.00,0.08,-0.0979,-0.0979,-0.0979,-0.0979,-0.06,-0.08,0.00,26.712137,84.305099,M,2028,2028,2028,2028,2048,2048
95336,IDLE,-0.11,0.04,180.14,0.04,-0.02,0.05,-0.0643,-0.0643,-0.0643,-0.0643,-0.06,-0.08,0.00,26.712137,84.305099,M,2035,2035,2035,2035,2048,2048
95361,IDLE,-0.10,0.04,180.14,0.01,0.06,-0.00,0.0002,0.0002,0.0002,0.0002,-0.06,-0.07,0.00,26.712137,84.305099,M,2048,2048,2048,2048,2048,2048
95380,IDLE,-0.10,0.05,180.14,-0.16,0.05,0.11,-0.1308,-0.1308,-0.1308,-0.1308,-0.06,-0.06,0.00,26.712137,84.305099,M,2022,2022,2022,2022,2048,2048
95408,IDLE,-0.11,0.05,180.14,-0.26,-0.01,0.03,-0.0244,-0.0244,-0.0244,-0.0244,-0.07,-0.06,0.00,26.712137,84.305099,M,2043,2043,2043,2043,2048,2048
95430,IDLE,-0.11,0.05,180.14,-0.34,0.05,-0.07,0.0974,0.0974,0.0974,0.0974,-0.07,-0.06,0.00,26.712137,84.305099,M,2067,2067,2067,2067,2048,2048
95454,IDLE,-0.12,0.05,180.13,-0.38,0.13,-0.04,0.0540,0.0540,0.0540,0.0540,-0.07,-0.05,0.00,26.712137,84.305099,M,2059,2059,2059,2059,2048,2048
95472,IDLE,-0.13,0.05,180.13,-0.50,0.14,-0.04,0.0608,0.0608,0.0608,0.0608,-0.07,-0.05,0.00,26.712137,84.305099,M,2060,2060,2060,2060,2048,2048
95500,IDLE,-0.13,0.06,180.13,-0.54,0.32,-0.10,0.1304,0.1304,0.1304,0.1304,-0.07,-0.05,0.00,26.712137,84.305099,M,2074,2074,2074,2074,2048,2048
95521,IDLE,-0.14,0.07,180.12,-0.51,0.35,-0.16,0.1987,0.1987,0.1987,0.1987,-0.07,-0.06,0.00,26.712137,84.305099,M,2088,2088,2088,2088,2048,2048
95546,IDLE,-0.15,0.07,180.12,-0.42,0.25,-0.07,0.0932,0.0932,0.0932,0.0932,-0.07,-0.06,0.00,26.712137,84.305099,M,2067,2067,2067,2067,2048,2048
95564,IDLE,-0.15,0.08,180.12,-0.39,0.28,-0.05,0.0703,0.0703,0.0703,0.0703,-0.07,-0.05,0.00,26.712137,84.305099,M,2062,2062,2062,2062,2048,2048
95591,IDLE,-0.16,0.09,180.12,-0.41,0.40,-0.20,0.2417,0.2417,0.2417,0.2417,-0.07,-0.05,0.00,26.712137,84.305099,M,2096,2096,2096,2096,2048,2048
95612,IDLE,-0.17,0.10,180.11,-0.38,0.44,-0.22,0.2716,0.2716,0.2716,0.2716,-0.07,-0.03,0.00,26.712137,84.305099,M,2102,2102,2102,2102,2048,2048
95637,IDLE,-0.17,0.11,180.10,-0.41,0.55,-0.32,0.3909,0.3909,0.3909,0.3909,-0.07,-0.02,0.00,26.712137,84.305099,M,2126,2126,2126,2126,2048,2048
95655,IDLE,-0.18,0.11,180.10,-0.50,0.43,-0.25,0.3037,0.3037,0.3037,0.3037,-0.07,-0.01,0.00,26.712137,84.305099,M,2109,2109,2109,2109,2048,2048
95683,IDLE,-0.18,0.12,180.09,-0.48,0.34,-0.28,0.3477,0.3477,0.3477,0.3477,-0.07,-0.01,0.00,26.712137,84.305099,M,2118,2118,2118,2118,2048,2048
95704,IDLE,-0.19,0.12,180.08,-0.51,0.38,-0.17,0.2157,0.2157,0.2157,0.2157,-0.07,0.01,0.00,26.712137,84.305099,M,2091,2091,2091,2091,2048,2048
95728,IDLE,-0.19,0.12,180.08,-0.27,0.25,-0.01,0.0083,0.0083,0.0083,0.0083,-0.07,0.01,0.00,26.712137,84.305099,M,2050,2050,2050,2050,2048,2048
95747,IDLE,-0.19,0.13,180.09,-0.16,0.22,0.19,-0.2312,-0.2312,-0.2312,-0.2312,-0.07,0.03,0.00,26.712137,84.305099,M,2002,2002,2002,2002,2048,2048
95774,IDLE,-0.19,0.13,180.09,-0.17,0.26,0.20,-0.2492,-0.2492,-0.2492,-0.2492,-0.07,0.04,0.00,26.712137,84.305099,M,1998,1998,1998,1998,2048,2048
95795,IDLE,-0.18,0.13,180.09,-0.11,0.22,0.11,-0.1355,-0.1355,-0.1355,-0.1355,-0.06,0.05,0.00,26.712137,84.305099,M,2021,2021,2021,2021,2048,2048
95820,IDLE,-0.18,0.13,180.09,-0.25,0.17,0.09,-0.1119,-0.1119,-0.1119,-0.1119,-0.06,0.05,0.00,26.712137,84.305099,M,2026,2026,2026,2026,2048,2048
95838,IDLE,-0.18,0.13,180.10,-0.18,0.26,0.13,-0.1646,-0.1646,-0.1646,-0.1646,-0.06,0.05,0.00,26.712137,84.305099,M,2015,2015,2015,2015,2048,2048
95865,IDLE,-0.18,0.13,180.10,-0.12,0.16,0.22,-0.2633,-0.2633,-0.2633,-0.2633,-0.06,0.05,0.00,26.712137,84.305099,M,1995,1995,1995,1995,2048,2048
95885,IDLE,-0.17,0.13,180.10,-0.06,0.11,0.11,-0.1379,-0.1379,-0.1379,-0.1379,-0.06,0.06,0.00,26.712137,84.305099,51.7,2020,2020,2020,2020,2048,2048
95909,IDLE,-0.16,0.13,180.10,0.23,0.04,-0.05,0.0500,0.0500,0.0500,0.0500,-0.06,0.06,0.00,26.712137,84.305099,51.7,2058,2058,2058,2058,2048,2048
95932,IDLE,-0.16,0.13,180.10,0.09,-0.03,0.13,-0.1663,-0.1663,-0.1663,-0.1663,-0.06,0.05,0.00,26.712137,84.305099,51.7,2015,2015,2015,2015,2048,2048
95958,IDLE,-0.15,0.12,180.11,0.02,-0.07,0.15,-0.1769,-0.1769,-0.1769,-0.1769,-0.06,0.04,0.00,26.712137,84.305099,51.7,2013,2013,2013,2013,2048,2048
95977,IDLE,-0.15,0.11,180.11,-0.08,-0.19,0.17,-0.2063,-0.2063,-0.2063,-0.2063,-0.06,0.02,0.00,26.712137,84.305099,51.7,2007,2007,2007,2007,2048,2048
96005,IDLE,-0.15,0.11,180.11,-0.23,-0.07,0.12,-0.1459,-0.1459,-0.1459,-0.1459,-0.06,0.01,0.00,26.712137,84.305099,51.7,2019,2019,2019,2019,2048,2048
96026,IDLE,-0.15,0.11,180.11,-0.26,0.05,0.11,-0.1267,-0.1267,-0.1267,-0.1267,-0.06,0.01,0.00,26.712137,84.305099,51.7,2023,2023,2023,2023,2048,2048
96050,IDLE,-0.15,0.11,180.11,-0.28,0.06,0.08,-0.0983,-0.0983,-0.0983,-0.0983,-0.06,0.01,0.00,26.712137,84.305099,51.7,2028,2028,2028,2028,2048,2048
96073,IDLE,-0.16,0.11,180.11,-0.40,0.00,-0.08,0.1010,0.1010,0.1010,0.1010,-0.06,-0.00,0.00,26.712137,84.305099,51.7,2068,2068,2068,2068,2048,2048
96099,IDLE,-0.16,0.11,180.11,-0.38,-0.04,-0.22,0.2782,0.2782,0.2782,0.2782,-0.06,-0.01,0.00,26.712137,84.305099,51.7,2104,2104,2104,2104,2048,2048
96119,IDLE,-0.16,0.10,180.10,-0.33,-0.06,-0.26,0.3266,0.3266,0.3266,0.3266,-0.06,-0.02,0.00,26.712137,84.305099,51.7,2113,2113,2113,2113,2048,2048
96147,IDLE,-0.16,0.10,180.09,-0.19,0.05,-0.20,0.2451,0.2451,0.2451,0.2451,-0.06,-0.02,0.00,26.712137,84.305099,51.7,2097,2097,2097,2097,2048,2048
96174,IDLE,-0.16,0.10,180.09,-0.15,0.07,-0.10,0.1226,0.1226,0.1226,0.1226,-0.06,-0.02,0.00,26.712137,84.305099,51.7,2073,2073,2073,2073,2048,2048
96193,IDLE,-0.16,0.10,180.09,-0.01,0.00,0.03,-0.0323,-0.0323,-0.0323,-0.0323,-0.06,-0.02,0.00,26.712137,84.305099,51.7,2042,2042,2042,2042,2048,2048
96217,IDLE,-0.15,0.10,180.09,-0.03,0.03,-0.02,0.0236,0.0236,0.0236,0.0236,-0.06,-0.02,0.00,26.712137,84.305099,51.7,2053,2053,2053,2053,2048,2048
96239,IDLE,-0.15,0.11,180.09,-0.12,0.24,-0.07,0.0817,0.0817,0.0817,0.0817,-0.06,-0.00,0.00,26.712137,84.305099,51.7,2064,2064,2064,2064,2048,2048
96264,IDLE,-0.15,0.11,180.09,0.07,0.10,0.02,-0.0244,-0.0244,-0.0244,-0.0244,-0.06,0.01,0.00,26.712137,84.305099,51.7,2043,2043,2043,2043,2048,2048
96282,IDLE,-0.14,0.11,180.08,0.21,0.08,-0.15,0.1726,0.1726,0.1726,0.1726,-0.06,0.01,0.00,26.712137,84.305099,51.7,2083,2083,2083,2083,2048,2048
96309,IDLE,-0.13,0.11,180.08,0.06,0.04,-0.25,0.3063,0.3063,0.3063,0.3063,-0.06,0.00,0.00,26.712137,84.305099,51.7,2109,2109,2109,2109,2048,2048
96330,IDLE,-0.12,0.10,180.07,0.20,-0.08,-0.26,0.3198,0.3198,0.3198,0.3198,-0.06,-0.01,0.00,26.712137,84.305099,51.7,2112,2112,2112,2112,2048,2048
96355,IDLE,-0.12,0.10,180.07,0.14,-0.10,-0.23,0.2796,0.2796,0.2796,0.2796,-0.06,-0.02,0.00,26.712137,84.305099,51.7,2104,2104,2104,2104,2048,2048
96378,IDLE,-0.11,0.10,180.05,0.14,0.08,-0.36,0.4364,0.4364,0.4364,0.4364,-0.07,-0.03,0.00,26.712137,84.305099,51.7,2135,2135,2135,2135,2048,2048
96405,IDLE,-0.10,0.10,180.05,0.25,-0.05,-0.24,0.2902,0.2902,0.2902,0.2902,-0.07,-0.04,0.00,26.712137,84.305099,51.7,2106,2106,2106,2106,2048,2048
96436,IDLE,-0.09,0.09,180.04,0.08,-0.10,-0.29,0.3598,0.3598,0.3598,0.3598,-0.07,-0.03,0.00,26.712137,84.305099,51.7,2120,2120,2120,2120,2048,2048
96462,IDLE,-0.09,0.09,180.03,0.06,-0.15,-0.17,0.2106,0.2106,0.2106,0.2106,-0.07,-0.03,0.00,26.712137,84.305099,51.7,2090,2090,2090,2090,2048,2048
96480,IDLE,-0.09,0.09,180.03,-0.17,-0.00,-0.18,0.2177,0.2177,0.2177,0.2177,-0.07,-0.02,0.00,26.712137,84.305099,51.7,2092,2092,2092,2092,2048,2048
96508,IDLE,-0.09,0.08,180.03,-0.25,-0.04,-0.13,0.1701,0.1701,0.1701,0.1701,-0.07,-0.02,0.00,26.712137,84.305099,51.7,2082,2082,2082,2082,2048,2048
96529,IDLE,-0.10,0.08,180.03,-0.31,-0.02,0.00,0.0063,0.0063,0.0063,0.0063,-0.07,-0.03,0.00,26.712137,84.305099,51.7,2049,2049,2049,2049,2048,2048
96553,IDLE,-0.10,0.08,180.03,-0.26,-0.05,0.04,-0.0428,-0.0428,-0.0428,-0.0428,-0.07,-0.04,0.00,26.712137,84.305099,51.7,2039,2039,2039,2039,2048,2048
96576,IDLE,-0.11,0.08,180.03,-0.37,0.12,0.02,-0.0167,-0.0167,-0.0167,-0.0167,-0.07,-0.04,0.00,26.712137,84.305099,51.7,2045,2045,2045,2045,2048,2048
96602,IDLE,-0.11,0.08,180.03,-0.40,0.09,0.08,-0.0953,-0.0953,-0.0953,-0.0953,-0.07,-0.04,0.00,26.712137,84.305099,51.7,2029,2029,2029,2029,2048,2048
96621,IDLE,-0.12,0.09,180.03,-0.50,0.26,0.04,-0.0382,-0.0382,-0.0382,-0.0382,-0.07,-0.03,0.00,26.712137,84.305099,51.7,2040,2040,2040,2040,2048,2048
96648,IDLE,-0.13,0.10,180.03,-0.43,0.32,0.02,-0.0150,-0.0150,-0.0150,-0.0150,-0.07,-0.03,0.00,26.712137,84.305099,51.7,2045,2045,2045,2045,2048,2048
96669,IDLE,-0.14,0.10,180.03,-0.50,0.30,0.14,-0.1594,-0.1594,-0.1594,-0.1594,-0.07,-0.03,0.00,26.712137,84.305099,51.7,2016,2016,2016,2016,2048,2048
96693,IDLE,-0.14,0.10,180.03,-0.31,0.15,0.02,-0.0220,-0.0220,-0.0220,-0.0220,-0.07,-0.02,0.00,26.712137,84.305099,51.7,2044,2044,2044,2044,2048,2048
96715,IDLE,-0.14,0.11,180.04,-0.35,0.21,0.13,-0.1518,-0.1518,-0.1518,-0.1518,-0.07,-0.03,0.00,26.712137,84.305099,51.7,2018,2018,2018,2018,2048,2048
96741,IDLE,-0.14,0.11,180.04,-0.23,0.08,0.16,-0.1878,-0.1878,-0.1878,-0.1878,-0.08,-0.04,0.00,26.712137,84.305099,51.7,2010,2010,2010,2010,2048,2048
96760,IDLE,-0.14,0.11,180.04,-0.15,0.05,0.22,-0.2679,-0.2679,-0.2679,-0.2679,-0.07,-0.02,0.00,26.712137,84.305099,51.7,1994,1994,1994,1994,2048,2048
96787,IDLE,-0.14,0.10,180.05,0.05,-0.05,0.16,-0.1999,-0.1999,-0.1999,-0.1999,-0.07,-0.01,0.00,26.712137,84.305099,51.7,2008,2008,2008,2008,2048,2048
96807,IDLE,-0.13,0.10,180.05,0.09,-0.11,0.08,-0.0953,-0.0953,-0.0953,-0.0953,-0.07,0.00,0.00,26.712137,84.305099,51.7,2029,2029,2029,2029,2048,2048
96831,IDLE,-0.13,0.10,180.05,-0.01,0.08,0.12,-0.1471,-0.1471,-0.1471,-0.1471,-0.07,0.01,0.00,26.712137,84.305099,51.7,2019,2019,2019,2019,2048,2048
96853,IDLE,-0.13,0.10,180.05,-0.05,0.10,0.08,-0.0946,-0.0946,-0.0946,-0.0946,-0.07,-0.00,0.00,26.712137,84.305099,51.7,2029,2029,2029,2029,2048,2048
96879,IDLE,-0.12,0.10,180.05,-0.02,0.02,0.09,-0.1060,-0.1060,-0.1060,-0.1060,-0.07,-0.01,0.00,26.712137,84.305099,51.7,2027,2027,2027,2027,2048,2048
96897,IDLE,-0.12,0.10,180.06,-0.06,0.06,0.09,-0.1154,-0.1154,-0.1154,-0.1154,-0.07,-0.02,0.00,26.712137,84.305099,-44.4,2025,2025,2025,2025,2048,2048
96924,IDLE,-0.12,0.10,180.06,-0.19,0.12,0.11,-0.1270,-0.1270,-0.1270,-0.1270,-0.08,-0.02,0.00,26.712137,84.305099,-44.4,2023,2023,2023,2023,2048,2048
96945,IDLE,-0.13,0.10,180.06,-0.26,0.10,-0.03,0.0454,0.0454,0.0454,0.0454,-0.08,-0.02,0.00,26.712137,84.305099,-44.4,2057,2057,2057,2057,2048,2048
96968,IDLE,-0.13,0.10,180.06,-0.36,0.30,-0.04,0.0556,0.0556,0.0556,0.0556,-0.08,-0.02,0.00,26.712137,84.305099,-44.4,2059,2059,2059,2059,2048,2048
96990,IDLE,-0.13,0.11,180.05,-0.28,0.29,-0.04,0.0452,0.0452,0.0452,0.0452,-0.07,-0.01,0.00,26.712137,84.305099,-44.4,2057,2057,2057,2057,2048,2048
97015,IDLE,-0.14,0.11,180.05,-0.31,0.32,-0.04,0.0446,0.0446,0.0446,0.0446,-0.07,0.00,0.00,26.712137,84.305099,-44.4,2057,2057,2057,2057,2048,2048
97034,IDLE,-0.14,0.12,180.06,-0.30,0.29,0.19,-0.2269,-0.2269,-0.2269,-0.2269,-0.07,0.01,0.00,26.712137,84.305099,-44.4,2003,2003,2003,2003,2048,2048
97061,IDLE,-0.14,0.12,180.06,-0.22,0.15,0.22,-0.2651,-0.2651,-0.2651,-0.2651,-0.07,0.02,0.00,26.712137,84.305099,-44.4,1995,1995,1995,1995,2048,2048
97082,IDLE,-0.14,0.12,180.07,-0.26,0.04,0.18,-0.2157,-0.2157,-0.2157,-0.2157,-0.07,0.01,0.00,26.712137,84.305099,-44.4,2005,2005,2005,2005,2048,2048
97106,IDLE,-0.15,0.12,180.07,-0.38,0.07,0.16,-0.1824,-0.1824,-0.1824,-0.1824,-0.07,0.01,0.00,26.712137,84.305099,-44.4,2012,2012,2012,2012,2048,2048
97128,IDLE,-0.16,0.12,180.07,-0.49,0.14,0.10,-0.1143,-0.1143,-0.1143,-0.1143,-0.07,0.00,0.00,26.712137,84.305099,-44.4,2025,2025,2025,2025,2048,2048
97153,IDLE,-0.16,0.12,180.07,-0.50,0.11,0.08,-0.0900,-0.0900,-0.0900,-0.0900,-0.07,-0.00,0.00,26.712137,84.305099,-44.4,2030,2030,2030,2030,2048,2048
97172,IDLE,-0.17,0.12,180.07,-0.39,0.00,-0.03,0.0472,0.0472,0.0472,0.0472,-0.07,0.00,0.00,26.712137,84.305099,-44.4,2057,2057,2057,2057,2048,2048
97199,IDLE,-0.17,0.11,180.07,-0.25,-0.14,-0.03,0.0437,0.0437,0.0437,0.0437,-0.07,0.00,0.00,26.712137,84.305099,-44.4,2057,2057,2057,2057,2048,2048
97219,IDLE,-0.17,0.10,180.07,-0.11,-0.32,-0.01,0.0209,0.0209,0.0209,0.0209,-0.07,0.00,0.00,26.712137,84.305099,-44.4,2052,2052,2052,2052,2048,2048
97250,IDLE,-0.16,0.09,180.07,0.01,-0.23,-0.11,0.1347,0.1347,0.1347,0.1347,-0.07,0.02,0.00,26.712137,84.305099,-44.4,2075,2075,2075,2075,2048,2048
97274,IDLE,-0.16,0.09,180.06,-0.04,-0.15,-0.04,0.0476,0.0476,0.0476,0.0476,-0.07,0.02,0.00,26.712137,84.305099,-44.4,2058,2058,2058,2058,2048,2048
97297,IDLE,-0.15,0.08,180.06,0.05,-0.17,0.03,-0.0323,-0.0323,-0.0323,-0.0323,-0.07,-0.00,0.00,26.712137,84.305099,-44.4,2042,2042,2042,2042,2048,2048
97323,IDLE,-0.15,0.08,180.07,-0.06,-0.09,0.13,-0.1533,-0.1533,-0.1533,-0.1533,-0.07,-0.02,0.00,26.712137,84.305099,-44.4,2017,2017,2017,2017,2048,2048
97341,IDLE,-0.15,0.07,180.07,-0.09,-0.16,0.27,-0.3265,-0.3265,-0.3265,-0.3265,-0.07,-0.01,0.00,26.712137,84.305099,-44.4,1983,1983,1983,1983,2048,2048
97369,IDLE,-0.15,0.07,180.07,-0.16,-0.16,0.09,-0.0992,-0.0992,-0.0992,-0.0992,-0.07,-0.01,0.00,26.712137,84.305099,-44.4,2028,2028,2028,2028,2048,2048
97389,IDLE,-0.15,0.07,180.08,-0.16,-0.11,0.08,-0.0888,-0.0888,-0.0888,-0.0888,-0.07,0.00,0.00,26.712137,84.305099,-44.4,2030,2030,2030,2030,2048,2048
97418,IDLE,-0.15,0.06,180.08,-0.07,-0.19,0.12,-0.1429,-0.1429,-0.1429,-0.1429,-0.07,0.03,0.00,26.712137,84.305099,-44.4,2019,2019,2019,2019,2048,2048
97444,IDLE,-0.14,0.06,180.08,-0.04,-0.24,0.06,-0.0726,-0.0726,-0.0726,-0.0726,-0.07,0.05,0.00,26.712137,84.305099,-44.4,2033,2033,2033,2033,2048,2048
97464,IDLE,-0.14,0.05,180.08,-0.04,-0.37,0.05,-0.0499,-0.0499,-0.0499,-0.0499,-0.07,0.06,0.00,26.712137,84.305099,-44.4,2038,2038,2038,2038,2048,2048
97492,IDLE,-0.14,0.04,180.08,-0.08,-0.26,0.21,-0.2516,-0.2516,-0.2516,-0.2516,-0.06,0.07,0.00,26.712137,84.305099,-44.4,1998,1998,1998,1998,2048,2048
97519,IDLE,-0.14,0.03,180.09,-0.05,-0.18,0.23,-0.2747,-0.2747,-0.2747,-0.2747,-0.06,0.07,0.00,26.712137,84.305099,-44.4,1993,1993,1993,1993,2048,2048
97538,IDLE,-0.14,0.03,180.10,-0.09,-0.24,0.30,-0.3548,-0.3548,-0.3548,-0.3548,-0.06,0.08,0.00,26.712137,84.305099,-44.4,1977,1977,1977,1977,2048,2048
97566,IDLE,-0.14,0.03,180.10,-0.14,-0.13,0.22,-0.2634,-0.2634,-0.2634,-0.2634,-0.06,0.09,0.00,26.712137,84.305099,-44.4,1995,1995,1995,1995,2048,2048
97587,IDLE,-0.14,0.02,180.10,-0.14,-0.10,0.17,-0.2082,-0.2082,-0.2082,-0.2082,-0.06,0.07,0.00,26.712137,84.305099,-44.4,2006,2006,2006,2006,2048,2048
97610,IDLE,-0.13,0.02,180.11,0.01,-0.24,0.18,-0.2181,-0.2181,-0.2181,-0.2181,-0.06,0.05,0.00,26.712137,84.305099,-44.4,2004,2004,2004,2004,2048,2048
97633,IDLE,-0.12,0.01,180.11,0.20,-0.30,-0.02,0.0274,0.0274,0.0274,0.0274,-0.06,0.06,0.00,26.712137,84.305099,-44.4,2053,2053,2053,2053,2048,2048
97658,IDLE,-0.11,0.01,180.10,0.27,-0.22,-0.01,0.0091,0.0091,0.0091,0.0091,-0.06,0.06,0.00,26.712137,84.305099,-44.4,2050,2050,2050,2050,2048,2048
97677,IDLE,-0.11,0.01,180.10,0.08,-0.10,-0.01,0.0082,0.0082,0.0082,0.0082,-0.05,0.05,0.00,26.712137,84.305099,-44.4,2050,2050,2050,2050,2048,2048
97705,IDLE,-0.10,0.00,180.10,0.16,-0.17,0.09,-0.1081,-0.1081,-0.1081,-0.1081,-0.05,0.05,0.00,26.712137,84.305099,-44.4,2026,2026,2026,2026,2048,2048
97726,IDLE,-0.09,0.00,180.10,0.16,-0.12,-0.03,0.0336,0.0336,0.0336,0.0336,-0.05,0.04,0.00,26.712137,84.305099,-44.4,2055,2055,2055,2055,2048,2048
97750,IDLE,-0.09,0.00,180.10,0.10,-0.05,-0.13,0.1565,0.1565,0.1565,0.1565,-0.05,0.04,0.00,26.712137,84.305099,-44.4,2079,2079,2079,2079,2048,2048
97773,IDLE,-0.09,-0.00,180.10,0.05,-0.07,-0.08,0.0957,0.0957,0.0957,0.0957,-0.05,0.04,0.00,26.712137,84.305099,-44.4,2067,2067,2067,2067,2048,2048
97800,IDLE,-0.08,-0.00,180.10,0.15,-0.05,-0.05,0.0550,0.0550,0.0550,0.0550,-0.05,0.04,0.00,26.712137,84.305099,-44.4,2059,2059,2059,2059,2048,2048
97820,IDLE,-0.08,-0.00,180.09,0.15,0.04,-0.01,0.0114,0.0114,0.0114,0.0114,-0.05,0.02,0.00,26.712137,84.305099,-44.4,2050,2050,2050,2050,2048,2048
97843,IDLE,-0.07,-0.00,180.10,-0.02,-0.07,0.12,-0.1476,-0.1476,-0.1476,-0.1476,-0.05,0.01,0.00,26.712137,84.305099,-44.4,2018,2018,2018,2018,2048,2048
97865,IDLE,-0.07,-0.00,180.10,-0.03,-0.07,0.03,-0.0323,-0.0323,-0.0323,-0.0323,-0.05,0.00,0.00,26.712137,84.305099,-44.4,2042,2042,2042,2042,2048,2048
97890,IDLE,-0.07,-0.00,180.10,-0.14,-0.01,0.00,0.0018,0.0018,0.0018,0.0018,-0.05,-0.00,0.00,26.712136,84.305099,-44.4,2048,2048,2048,2048,2048,2048
97913,IDLE,-0.08,0.00,180.09,-0.23,-0.00,-0.02,0.0357,0.0357,0.0357,0.0357,-0.05,-0.00,0.00,26.712136,84.305099,-44.4,2055,2055,2055,2055,2048,2048
97939,IDLE,-0.08,-0.00,180.10,-0.12,-0.11,0.06,-0.0732,-0.0732,-0.0732,-0.0732,-0.05,0.00,0.00,26.712136,84.305099,-44.4,2033,2033,2033,2033,2048,2048
97959,IDLE,-0.08,-0.00,180.10,-0.06,-0.10,0.06,-0.0718,-0.0718,-0.0718,-0.0718,-0.06,-0.01,0.00,26.712136,84.305099,-44.4,2034,2034,2034,2034,2048,2048
97987,IDLE,-0.08,-0.00,180.10,-0.22,-0.02,0.02,-0.0169,-0.0169,-0.0169,-0.0169,-0.06,-0.02,0.00,26.712136,84.305099,-44.4,2045,2045,2045,2045,2048,2048
98008,IDLE,-0.09,-0.00,180.10,-0.32,0.02,0.07,-0.0834,-0.0834,-0.0834,-0.0834,-0.06,-0.03,0.00,26.712136,84.305099,-44.4,2031,2031,2031,2031,2048,2048
98032,IDLE,-0.09,-0.00,180.10,-0.31,0.02,0.18,-0.2155,-0.2155,-0.2155,-0.2155,-0.06,-0.04,0.00,26.712136,84.305099,-44.4,2005,2005,2005,2005,2048,2048
98054,IDLE,-0.09,-0.00,180.10,-0.19,-0.05,0.17,-0.1971,-0.1971,-0.1971,-0.1971,-0.06,-0.04,0.00,26.712136,84.305099,-44.4,2009,2009,2009,2009,2048,2048
98080,IDLE,-0.09,-0.00,180.11,-0.18,-0.03,0.29,-0.3547,-0.3547,-0.3547,-0.3547,-0.06,-0.04,0.00,26.712136,84.305099,-44.4,1977,1977,1977,1977,2048,2048
98103,IDLE,-0.10,-0.00,180.12,-0.26,-0.03,0.31,-0.3770,-0.3770,-0.3770,-0.3770,-0.06,-0.04,0.00,26.712136,84.305099,-44.4,1973,1973,1973,1973,2048,2048
98130,IDLE,-0.10,-0.00,180.12,-0.08,-0.14,0.24,-0.2855,-0.2855,-0.2855,-0.2855,-0.06,-0.04,0.00,26.712136,84.305099,-44.4,1991,1991,1991,1991,2048,2048
98149,IDLE,-0.10,-0.00,180.12,-0.23,-0.00,0.16,-0.1946,-0.1946,-0.1946,-0.1946,-0.06,-0.04,0.00,26.712136,84.305099,-44.4,2009,2009,2009,2009,2048,2048
98176,IDLE,-0.10,0.00,180.13,-0.07,0.09,0.10,-0.1281,-0.1281,-0.1281,-0.1281,-0.06,-0.04,0.00,26.712136,84.305099,-44.4,2022,2022,2022,2022,2048,2048
98197,IDLE,-0.10,0.01,180.12,0.02,0.08,-0.02,0.0167,0.0167,0.0167,0.0167,-0.06,-0.03,0.00,26.712136,84.305099,-44.4,2051,2051,2051,2051,2048,2048
98220,IDLE,-0.09,0.01,180.12,0.02,0.04,0.04,-0.0467,-0.0467,-0.0467,-0.0467,-0.06,-0.02,0.00,26.712136,84.305099,-44.4,2039,2039,2039,2039,2048,2048
98243,IDLE,-0.09,0.01,180.13,0.01,-0.02,0.15,-0.1830,-0.1830,-0.1830,-0.1830,-0.06,-0.02,0.00,26.712136,84.305099,-44.4,2011,2011,2011,2011,2048,2048
98268,IDLE,-0.09,0.01,180.13,-0.04,-0.01,0.13,-0.1613,-0.1613,-0.1613,-0.1613,-0.06,-0.02,0.00,26.712136,84.305099,-44.4,2016,2016,2016,2016,2048,2048
98287,IDLE,-0.09,0.01,180.13,-0.19,0.05,0.04,-0.0439,-0.0439,-0.0439,-0.0439,-0.06,-0.01,0.00,26.712136,84.305099,-44.4,2039,2039,2039,2039,2048,2048
98313,IDLE,-0.10,0.01,180.13,-0.35,-0.06,-0.03,0.0478,0.0478,0.0478,0.0478,-0.06,-0.01,0.00,26.712136,84.305099,-44.4,2058,2058,2058,2058,2048,2048
98333,IDLE,-0.10,0.01,180.13,-0.45,-0.09,-0.08,0.1043,0.1043,0.1043,0.1043,-0.06,-0.01,0.00,26.712136,84.305099,-44.4,2069,2069,2069,2069,2048,2048
98357,IDLE,-0.11,0.01,180.13,-0.52,0.03,0.05,-0.0495,-0.0495,-0.0495,-0.0495,-0.06,-0.01,0.00,26.712136,84.305099,-44.4,2038,2038,2038,2038,2048,2048
98378,IDLE,-0.12,0.01,180.13,-0.42,0.11,0.12,-0.1431,-0.1431,-0.1431,-0.1431,-0.07,-0.02,0.00,26.712136,84.305099,-44.4,2019,2019,2019,2019,2048,2048
98403,IDLE,-0.12,0.01,180.13,-0.39,0.03,0.12,-0.1369,-0.1369,-0.1369,-0.1369,-0.07,-0.02,0.00,26.712136,84.305099,-44.4,2021,2021,2021,2021,2048,2048
98426,IDLE,-0.13,0.01,180.13,-0.14,-0.02,0.16,-0.1879,-0.1879,-0.1879,-0.1879,-0.07,-0.01,0.00,26.712136,84.305099,-44.4,2010,2010,2010,2010,2048,2048
98462,IDLE,-0.13,0.02,180.14,-0.24,0.11,0.19,-0.2309,-0.2309,-0.2309,-0.2309,-0.07,-0.02,0.00,26.712136,84.305099,-44.4,2002,2002,2002,2002,2048,2048
98488,IDLE,-0.13,0.02,180.14,-0.23,0.13,-0.01,0.0111,0.0111,0.0111,0.0111,-0.07,-0.02,0.00,26.712136,84.305099,-44.4,2050,2050,2050,2050,2048,2048
98507,IDLE,-0.13,0.02,180.13,-0.12,0.19,-0.10,0.1210,0.1210,0.1210,0.1210,-0.07,-0.02,0.00,26.712136,84.305099,-44.4,2072,2072,2072,2072,2048,2048
98535,IDLE,-0.13,0.03,180.13,-0.08,0.25,-0.07,0.0848,0.0848,0.0848,0.0848,-0.07,-0.02,0.00,26.712136,84.305099,-44.4,2065,2065,2065,2065,2048,2048
98556,IDLE,-0.13,0.03,180.13,-0.21,0.14,-0.13,0.1639,0.1639,0.1639,0.1639,-0.07,-0.01,0.00,26.712136,84.305099,-44.4,2081,2081,2081,2081,2048,2048
98581,IDLE,-0.14,0.04,180.12,-0.38,0.21,-0.06,0.0738,0.0738,0.0738,0.0738,-0.07,-0.00,0.00,26.712136,84.305099,-44.4,2063,2063,2063,2063,2048,2048
98604,IDLE,-0.14,0.04,180.12,-0.28,-0.01,-0.02,0.0368,0.0368,0.0368,0.0368,-0.07,0.01,0.00,26.712136,84.305099,-44.4,2055,2055,2055,2055,2048,2048
98630,IDLE,-0.14,0.04,180.12,-0.33,0.12,-0.07,0.0942,0.0942,0.0942,0.0942,-0.06,0.02,0.00,26.712136,84.305099,-44.4,2067,2067,2067,2067,2048,2048
98650,IDLE,-0.15,0.04,180.12,-0.27,0.24,-0.17,0.2061,0.2061,0.2061,0.2061,-0.06,0.03,0.00,26.712136,84.305099,-44.4,2089,2089,2089,2089,2048,2048
98673,IDLE,-0.15,0.05,180.11,-0.31,0.25,-0.08,0.0965,0.0965,0.0965,0.0965,-0.06,0.03,0.00,26.712136,84.305099,-44.4,2067,2067,2067,2067,2048,2048
98695,IDLE,-0.15,0.05,180.11,-0.37,0.24,-0.01,0.0129,0.0129,0.0129,0.0129,-0.06,0.04,0.00,26.712136,84.305099,-44.4,2051,2051,2051,2051,2048,2048
98721,IDLE,-0.15,0.06,180.11,-0.25,0.20,0.03,-0.0366,-0.0366,-0.0366,-0.0366,-0.06,0.05,0.00,26.712136,84.305099,-44.4,2041,2041,2041,2041,2048,2048
98740,IDLE,-0.15,0.05,180.11,-0.13,-0.03,0.00,0.0015,0.0015,0.0015,0.0015,-0.06,0.05,0.00,26.712136,84.305099,-44.4,2048,2048,2048,2048,2048,2048
98767,IDLE,-0.15,0.05,180.11,-0.21,-0.11,0.10,-0.1148,-0.1148,-0.1148,-0.1148,-0.06,0.05,0.00,26.712136,84.305099,-44.4,2025,2025,2025,2025,2048,2048
98788,IDLE,-0.15,0.04,180.12,-0.13,-0.16,0.18,-0.2173,-0.2173,-0.2173,-0.2173,-0.06,0.06,0.00,26.712136,84.305099,-44.4,2005,2005,2005,2005,2048,2048
98812,IDLE,-0.15,0.04,180.12,-0.19,-0.04,0.14,-0.1623,-0.1623,-0.1623,-0.1623,-0.05,0.06,0.00,26.712136,84.305099,-44.4,2016,2016,2016,2016,2048,2048
98834,IDLE,-0.15,0.04,180.12,-0.20,-0.09,0.05,-0.0572,-0.0572,-0.0572,-0.0572,-0.05,0.06,0.00,26.712136,84.305099,-44.4,2037,2037,2037,2037,2048,2048
98859,IDLE,-0.14,0.04,180.12,-0.07,-0.09,-0.15,0.1898,0.1898,0.1898,0.1898,-0.05,0.06,0.00,26.712136,84.305099,-44.4,2086,2086,2086,2086,2048,2048
98878,IDLE,-0.14,0.03,180.11,0.01,-0.28,-0.14,0.1770,0.1770,0.1770,0.1770,-0.05,0.07,0.00,26.712136,84.305099,-44.4,2083,2083,2083,2083,2048,2048
98905,IDLE,-0.14,0.02,180.11,0.03,-0.40,-0.03,0.0419,0.0419,0.0419,0.0419,-0.05,0.07,0.00,26.712136,84.305100,-44.4,2056,2056,2056,2056,2048,2048
98926,IDLE,-0.14,0.01,180.11,-0.19,-0.35,-0.07,0.1005,0.1005,0.1005,0.1005,-0.05,0.07,0.00,26.712136,84.305100,-44.4,2068,2068,2068,2068,2048,2048
98950,IDLE,-0.13,0.01,180.10,-0.08,-0.40,-0.15,0.1902,0.1902,0.1902,0.1902,-0.04,0.07,0.00,26.712136,84.305100,-44.4,2086,2086,2086,2086,2048,2048
98972,IDLE,-0.13,0.00,180.10,-0.22,-0.29,-0.15,0.1931,0.1931,0.1931,0.1931,-0.04,0.06,0.00,26.712136,84.305100,-44.4,2087,2087,2087,2087,2048,2048
98998,IDLE,-0.13,-0.00,180.10,-0.24,-0.14,-0.11,0.1383,0.1383,0.1383,0.1383,-0.04,0.05,0.00,26.712136,84.305100,-44.4,2076,2076,2076,2076,2048,2048
99017,IDLE,-0.14,-0.00,180.09,-0.27,-0.16,-0.13,0.1659,0.1659,0.1659,0.1659,-0.04,0.05,0.00,26.712136,84.305100,-44.4,2081,2081,2081,2081,2048,2048
99045,IDLE,-0.13,-0.00,180.09,-0.05,-0.12,-0.04,0.0505,0.0505,0.0505,0.0505,-0.04,0.04,0.00,26.712136,84.305100,-44.4,2058,2058,2058,2058,2048,2048
99067,IDLE,-0.13,-0.00,180.09,-0.12,-0.08,0.02,-0.0216,-0.0216,-0.0216,-0.0216,-0.04,0.04,0.00,26.712136,84.305100,-44.4,2044,2044,2044,2044,2048,2048
99091,IDLE,-0.13,-0.00,180.09,-0.22,-0.01,0.08,-0.0966,-0.0966,-0.0966,-0.0966,-0.04,0.04,0.00,26.712136,84.305100,-44.4,2029,2029,2029,2029,2048,2048
99114,IDLE,-0.13,0.00,180.09,-0.19,0.11,0.08,-0.0918,-0.0918,-0.0918,-0.0918,-0.04,0.04,0.00,26.712136,84.305100,-44.4,2030,2030,2030,2030,2048,2048
99139,IDLE,-0.14,0.00,180.10,-0.30,0.14,0.20,-0.2356,-0.2356,-0.2356,-0.2356,-0.04,0.04,0.00,26.712136,84.305100,-44.4,2001,2001,2001,2001,2048,2048
99158,IDLE,-0.14,0.01,180.10,-0.32,0.17,0.29,-0.3493,-0.3493,-0.3493,-0.3493,-0.04,0.05,0.00,26.712136,84.305100,-44.4,1978,1978,1978,1978,2048,2048
99186,IDLE,-0.14,0.01,180.11,-0.30,0.15,0.20,-0.2408,-0.2408,-0.2408,-0.2408,-0.04,0.05,0.00,26.712136,84.305100,-44.4,2000,2000,2000,2000,2048,2048
99206,IDLE,-0.15,0.02,180.11,-0.39,0.11,0.08,-0.0886,-0.0886,-0.0886,-0.0886,-0.04,0.06,0.00,26.712136,84.305100,-44.4,2030,2030,2030,2030,2048,2048
99243,IDLE,-0.15,0.03,180.11,-0.40,0.14,0.15,-0.1817,-0.1817,-0.1817,-0.1817,-0.03,0.07,0.00,26.712136,84.305100,-44.4,2012,2012,2012,2012,2048,2048
99266,IDLE,-0.16,0.03,180.11,-0.38,0.10,0.09,-0.1029,-0.1029,-0.1029,-0.1029,-0.03,0.07,0.00,26.712136,84.305100,-44.4,2027,2027,2027,2027,2048,2048
99288,IDLE,-0.16,0.03,180.11,-0.27,0.02,-0.05,0.0720,0.0720,0.0720,0.0720,-0.03,0.07,0.00,26.712136,84.305100,-44.4,2062,2062,2062,2062,2048,2048
99313,IDLE,-0.16,0.03,180.10,-0.21,-0.03,-0.23,0.2865,0.2865,0.2865,0.2865,-0.03,0.06,0.00,26.712136,84.305100,-44.4,2105,2105,2105,2105,2048,2048
99332,IDLE,-0.16,0.03,180.10,-0.37,0.04,-0.25,0.3181,0.3181,0.3181,0.3181,-0.03,0.05,0.00,26.712136,84.305100,-44.4,2112,2112,2112,2112,2048,2048
99359,IDLE,-0.17,0.03,180.09,-0.43,0.06,-0.29,0.3632,0.3632,0.3632,0.3632,-0.03,0.05,0.00,26.712136,84.305100,-44.4,2121,2121,2121,2121,2048,2048
99380,IDLE,-0.17,0.03,180.09,-0.23,0.01,-0.14,0.1747,0.1747,0.1747,0.1747,-0.03,0.03,0.00,26.712136,84.305100,-44.4,2083,2083,2083,2083,2048,2048
99404,IDLE,-0.17,0.03,180.08,-0.35,0.02,-0.21,0.2645,0.2645,0.2645,0.2645,-0.03,0.02,0.00,26.712136,84.305100,-44.4,2101,2101,2101,2101,2048,2048
99427,IDLE,-0.17,0.03,180.08,-0.13,-0.03,-0.07,0.0948,0.0948,0.0948,0.0948,-0.03,0.02,0.00,26.712136,84.305100,-44.4,2067,2067,2067,2067,2048,2048
99454,IDLE,-0.17,0.03,180.08,-0.10,-0.08,-0.05,0.0668,0.0668,0.0668,0.0668,-0.03,0.02,0.00,26.712136,84.305100,-44.4,2061,2061,2061,2061,2048,2048
99473,IDLE,-0.17,0.03,180.07,-0.21,0.20,-0.13,0.1552,0.1552,0.1552,0.1552,-0.03,0.03,0.00,26.712136,84.305100,-44.4,2079,2079,2079,2079,2048,2048
99497,IDLE,-0.17,0.04,180.07,-0.34,0.30,-0.16,0.2018,0.2018,0.2018,0.2018,-0.03,0.03,0.00,26.712136,84.305100,-44.4,2088,2088,2088,2088,2048,2048
99518,IDLE,-0.17,0.04,180.07,-0.20,0.20,-0.10,0.1179,0.1179,0.1179,0.1179,-0.03,0.04,0.00,26.712136,84.305100,-44.4,2072,2072,2072,2072,2048,2048
99544,IDLE,-0.17,0.05,180.06,-0.14,0.18,-0.22,0.2742,0.2742,0.2742,0.2742,-0.03,0.04,0.00,26.712136,84.305100,-44.4,2103,2103,2103,2103,2048,2048
99562,IDLE,-0.17,0.05,180.06,-0.17,0.26,-0.11,0.1341,0.1341,0.1341,0.1341,-0.02,0.05,0.00,26.712136,84.305100,-44.4,2075,2075,2075,2075,2048,2048
99589,IDLE,-0.17,0.06,180.06,-0.15,0.31,-0.16,0.1883,0.1883,0.1883,0.1883,-0.02,0.05,0.00,26.712136,84.305100,-44.4,2086,2086,2086,2086,2048,2048
99610,IDLE,-0.17,0.06,180.05,-0.12,0.19,-0.03,0.0404,0.0404,0.0404,0.0404,-0.02,0.06,0.00,26.712136,84.305100,-44.4,2056,2056,2056,2056,2048,2048
99634,IDLE,-0.16,0.07,180.05,-0.00,0.13,-0.10,0.1221,0.1221,0.1221,0.1221,-0.02,0.06,0.00,26.712136,84.305100,-44.4,2072,2072,2072,2072,2048,2048
99657,IDLE,-0.16,0.07,180.05,-0.00,0.26,0.05,-0.0668,-0.0668,-0.0668,-0.0668,-0.02,0.06,0.00,26.712136,84.305100,-44.4,2035,2035,2035,2035,2048,2048
99684,IDLE,-0.16,0.08,180.05,0.01,0.32,-0.06,0.0624,0.0624,0.0624,0.0624,-0.02,0.05,0.00,26.712136,84.305100,-44.4,2060,2060,2060,2060,2048,2048
99703,IDLE,-0.15,0.08,180.05,0.01,0.29,-0.09,0.1047,0.1047,0.1047,0.1047,-0.02,0.05,0.00,26.712136,84.305100,-44.4,2069,2069,2069,2069,2048,2048
99726,IDLE,-0.15,0.08,180.05,-0.00,0.17,0.07,-0.0826,-0.0826,-0.0826,-0.0826,-0.02,0.04,0.00,26.712136,84.305100,-44.4,2031,2031,2031,2031,2048,2048
99748,IDLE,-0.14,0.09,180.05,0.10,0.11,0.01,-0.0182,-0.0182,-0.0182,-0.0182,-0.02,0.05,0.00,26.712136,84.305100,-44.4,2044,2044,2044,2044,2048,2048
99773,IDLE,-0.13,0.08,180.05,0.12,0.05,-0.04,0.0409,0.0409,0.0409,0.0409,-0.01,0.05,0.00,26.712136,84.305100,-44.4,2056,2056,2056,2056,2048,2048
99791,IDLE,-0.13,0.08,180.05,-0.05,-0.01,-0.06,0.0686,0.0686,0.0686,0.0686,-0.01,0.05,0.00,26.712136,84.305100,-44.4,2062,2062,2062,2062,2048,2048
99818,IDLE,-0.13,0.08,180.05,-0.15,-0.12,0.06,-0.0636,-0.0636,-0.0636,-0.0636,-0.01,0.04,0.00,26.712136,84.305100,-44.4,2035,2035,2035,2035,2048,2048
99839,IDLE,-0.13,0.07,180.05,-0.03,-0.20,0.13,-0.1503,-0.1503,-0.1503,-0.1503,-0.01,0.03,0.00,26.712136,84.305100,-44.4,2018,2018,2018,2018,2048,2048
99862,IDLE,-0.13,0.07,180.05,-0.04,-0.14,0.17,-0.2075,-0.2075,-0.2075,-0.2075,-0.01,0.02,0.00,26.712136,84.305100,-44.4,2007,2007,2007,2007,2048,2048
99884,IDLE,-0.13,0.06,180.06,-0.18,-0.13,0.09,-0.1067,-0.1067,-0.1067,-0.1067,-0.01,0.02,0.00,26.712136,84.305100,-44.4,2027,2027,2027,2027,2048,2048
99909,IDLE,-0.13,0.06,180.06,-0.23,-0.11,0.08,-0.0900,-0.0900,-0.0900,-0.0900,-0.01,0.02,0.00,26.712136,84.305100,-44.4,2030,2030,2030,2030,2048,2048
99933,IDLE,-0.13,0.06,180.06,-0.07,-0.06,0.00,0.0012,0.0012,0.0012,0.0012,-0.01,0.01,0.00,26.712136,84.305100,-44.4,2048,2048,2048,2048,2048,2048
99960,IDLE,-0.13,0.06,180.06,-0.10,-0.08,0.03,-0.0281,-0.0281,-0.0281,-0.0281,-0.01,0.01,0.00,26.712136,84.305100,-44.4,2042,2042,2042,2042,2048,2048
99980,IDLE,-0.12,0.05,180.06,0.06,-0.14,0.03,-0.0311,-0.0311,-0.0311,-0.0311,-0.01,-0.00,0.00,26.712136,84.305100,-44.4,2042,2042,2042,2042,2048,2048
100008,IDLE,-0.12,0.04,180.06,0.09,-0.24,-0.03,0.0379,0.0379,0.0379,0.0379,-0.01,-0.01,0.00,26.712136,84.305100,-44.4,2056,2056,2056,2056,2048,2048
100035,IDLE,-0.11,0.04,180.06,0.14,-0.28,0.05,-0.0569,-0.0569,-0.0569,-0.0569,-0.02,-0.01,0.00,26.712136,84.305100,-44.4,2037,2037,2037,2037,2048,2048
100054,IDLE,-0.11,0.03,180.06,-0.08,-0.05,-0.04,0.0469,0.0469,0.0469,0.0469,-0.02,-0.01,0.00,26.712136,84.305100,-44.4,2057,2057,2057,2057,2048,2048
100082,IDLE,-0.11,0.03,180.05,-0.24,0.01,-0.01,0.0190,0.0190,0.0190,0.0190,-0.01,-0.00,0.00,26.712136,84.305100,-44.4,2052,2052,2052,2052,2048,2048
100104,IDLE,-0.11,0.03,180.05,-0.13,0.02,-0.06,0.0723,0.0723,0.0723,0.0723,-0.01,-0.00,0.00,26.712136,84.305100,-44.4,2062,2062,2062,2062,2048,2048
100128,IDLE,-0.11,0.03,180.05,-0.11,0.05,-0.02,0.0294,0.0294,0.0294,0.0294,-0.01,0.00,0.00,26.712136,84.305100,-44.4,2054,2054,2054,2054,2048,2048
100151,IDLE,-0.11,0.03,180.05,-0.04,-0.02,0.00,-0.0041,-0.0041,-0.0041,-0.0041,-0.01,0.00,0.00,26.712136,84.305100,-44.4,2047,2047,2047,2047,2048,2048
100178,IDLE,-0.10,0.03,180.05,0.04,-0.06,-0.07,0.0813,0.0813,0.0813,0.0813,-0.01,0.01,0.00,26.712136,84.305100,-44.4,2064,2064,2064,2064,2048,2048
100197,IDLE,-0.10,0.03,180.05,-0.10,-0.00,-0.16,0.2031,0.2031,0.2031,0.2031,-0.01,0.02,0.00,26.712136,84.305100,-44.4,2089,2089,2089,2089,2048,2048
100225,IDLE,-0.10,0.03,180.04,-0.14,-0.10,-0.07,0.0932,0.0932,0.0932,0.0932,-0.01,0.03,0.00,26.712136,84.305100,-44.4,2067,2067,2067,2067,2048,2048
100246,IDLE,-0.10,0.03,180.04,-0.16,-0.07,0.02,-0.0148,-0.0148,-0.0148,-0.0148,-0.01,0.03,0.00,26.712136,84.305100,-44.4,2045,2045,2045,2045,2048,2048
100271,IDLE,-0.10,0.03,180.04,-0.22,0.08,0.03,-0.0280,-0.0280,-0.0280,-0.0280,-0.01,0.03,0.00,26.712136,84.305100,-44.4,2042,2042,2042,2042,2048,2048
100294,IDLE,-0.11,0.03,180.04,-0.31,0.07,0.00,0.0035,0.0035,0.0035,0.0035,-0.01,0.03,0.00,26.712136,84.305100,-44.4,2049,2049,2049,2049,2048,2048
100320,IDLE,-0.11,0.03,180.04,-0.32,0.02,-0.01,0.0188,0.0188,0.0188,0.0188,-0.01,0.03,0.00,26.712136,84.305100,-44.4,2052,2052,2052,2052,2048,2048
100339,IDLE,-0.12,0.03,180.04,-0.40,0.03,0.04,-0.0363,-0.0363,-0.0363,-0.0363,-0.01,0.03,0.00,26.712136,84.305100,-44.4,2041,2041,2041,2041,2048,2048
100367,IDLE,-0.12,0.03,180.04,-0.39,0.14,-0.01,0.0171,0.0171,0.0171,0.0171,-0.01,0.04,0.00,26.712136,84.305100,-44.4,2051,2051,2051,2051,2048,2048
100388,IDLE,-0.13,0.04,180.04,-0.32,0.16,0.03,-0.0266,-0.0266,-0.0266,-0.0266,-0.01,0.04,0.00,26.712136,84.305100,-44.4,2043,2043,2043,2043,2048,2048
100413,IDLE,-0.13,0.04,180.04,-0.30,0.09,-0.13,0.1578,0.1578,0.1578,0.1578,-0.00,0.04,0.00,26.712136,84.305100,-44.4,2080,2080,2080,2080,2048,2048
100444,IDLE,-0.14,0.04,180.04,-0.29,0.19,-0.11,0.1423,0.1423,0.1423,0.1423,-0.00,0.06,0.00,26.712136,84.305100,-44.4,2076,2076,2076,2076,2048,2048
100472,IDLE,-0.14,0.04,180.03,-0.26,0.05,-0.16,0.2016,0.2016,0.2016,0.2016,-0.00,0.06,0.00,26.712136,84.305100,-44.4,2088,2088,2088,2088,2048,2048
100493,IDLE,-0.14,0.05,180.03,-0.41,0.18,-0.10,0.1326,0.1326,0.1326,0.1326,0.00,0.07,0.00,26.712136,84.305100,-44.4,2075,2075,2075,2075,2048,2048
100518,IDLE,-0.15,0.05,180.03,-0.33,0.06,-0.03,0.0381,0.0381,0.0381,0.0381,0.00,0.08,0.00,26.712136,84.305100,-44.4,2056,2056,2056,2056,2048,2048
100536,IDLE,-0.15,0.05,180.03,-0.21,0.03,0.01,-0.0132,-0.0132,-0.0132,-0.0132,0.01,0.08,0.00,26.712136,84.305100,-44.4,2045,2045,2045,2045,2048,2048
100563,IDLE,-0.15,0.05,180.03,-0.25,0.19,-0.11,0.1364,0.1364,0.1364,0.1364,0.01,0.07,0.00,26.712136,84.305100,-44.4,2075,2075,2075,2075,2048,2048
100583,IDLE,-0.15,0.06,180.03,-0.28,0.15,0.02,-0.0210,-0.0210,-0.0210,-0.0210,0.01,0.06,0.00,26.712136,84.305100,-44.4,2044,2044,2044,2044,2048,2048
100608,IDLE,-0.15,0.06,180.03,-0.18,0.05,0.05,-0.0593,-0.0593,-0.0593,-0.0593,0.01,0.05,0.00,26.712136,84.305100,-44.4,2036,2036,2036,2036,2048,2048
100630,IDLE,-0.16,0.06,180.03,-0.37,0.12,0.12,-0.1429,-0.1429,-0.1429,-0.1429,0.01,0.05,0.00,26.712136,84.305100,-44.4,2019,2019,2019,2019,2048,2048
100655,IDLE,-0.16,0.06,180.03,-0.26,0.06,0.14,-0.1631,-0.1631,-0.1631,-0.1631,0.01,0.05,0.00,26.712136,84.305100,-44.4,2015,2015,2015,2015,2048,2048
100678,IDLE,-0.15,0.06,180.04,0.01,-0.03,0.08,-0.0962,-0.0962,-0.0962,-0.0962,0.01,0.03,0.00,26.712136,84.305100,-44.4,2029,2029,2029,2029,2048,2048
100705,IDLE,-0.15,0.05,180.04,0.00,-0.01,0.03,-0.0423,-0.0423,-0.0423,-0.0423,0.01,0.02,0.00,26.712136,84.305100,-44.4,2040,2040,2040,2040,2048,2048
100725,IDLE,-0.15,0.06,180.04,-0.01,0.06,0.01,-0.0150,-0.0150,-0.0150,-0.0150,0.01,0.02,0.00,26.712136,84.305100,-44.4,2045,2045,2045,2045,2048,2048
100753,IDLE,-0.15,0.06,180.03,-0.36,0.19,-0.10,0.1294,0.1294,0.1294,0.1294,0.01,0.02,0.00,26.712136,84.305100,-44.4,2074,2074,2074,2074,2048,2048
100780,IDLE,-0.16,0.06,180.03,-0.32,0.22,-0.01,0.0099,0.0099,0.0099,0.0099,0.01,0.02,0.00,26.712136,84.305100,-44.4,2050,2050,2050,2050,2048,2048
100800,IDLE,-0.16,0.07,180.03,-0.38,0.15,-0.05,0.0638,0.0638,0.0638,0.0638,0.01,0.03,0.00,26.712136,84.305100,-44.4,2061,2061,2061,2061,2048,2048
100823,IDLE,-0.16,0.07,180.03,-0.29,0.12,-0.12,0.1510,0.1510,0.1510,0.1510,0.01,0.04,0.00,26.712136,84.305100,-44.4,2078,2078,2078,2078,2048,2048
100845,IDLE,-0.16,0.07,180.03,-0.21,0.17,-0.10,0.1298,0.1298,0.1298,0.1298,0.01,0.04,0.00,26.712136,84.305100,-44.4,2074,2074,2074,2074,2048,2048
100871,IDLE,-0.16,0.07,180.02,-0.11,0.09,-0.17,0.2065,0.2065,0.2065,0.2065,0.01,0.03,0.00,26.712136,84.305100,-44.4,2089,2089,2089,2089,2048,2048
100889,IDLE,-0.16,0.07,180.02,-0.19,0.16,-0.08,0.0964,0.0964,0.0964,0.0964,0.01,0.04,0.00,26.712136,84.305100,-44.4,2067,2067,2067,2067,2048,2048
100917,IDLE,-0.16,0.08,180.02,-0.14,0.15,-0.12,0.1411,0.1411,0.1411,0.1411,0.01,0.04,0.00,26.712136,84.305100,-44.4,2076,2076,2076,2076,2048,2048
100938,IDLE,-0.16,0.08,180.01,-0.23,0.06,-0.13,0.1660,0.1660,0.1660,0.1660,0.01,0.03,0.00,26.712136,84.305100,-44.4,2081,2081,2081,2081,2048,2048
100963,IDLE,-0.15,0.08,180.01,-0.03,0.05,-0.13,0.1639,0.1639,0.1639,0.1639,0.01,0.03,0.00,26.712136,84.305100,A,2081,2081,2081,2081,2048,2048
100981,IDLE,-0.15,0.08,180.01,-0.05,0.02,0.04,-0.0443,-0.0443,-0.0443,-0.0443,0.01,0.02,0.00,26.712136,84.305100,A,2039,2039,2039,2039,2048,2048
101008,IDLE,-0.15,0.07,180.01,-0.04,-0.11,-0.04,0.0520,0.0520,0.0520,0.0520,0.01,0.01,0.00,26.712136,84.305100,A,2058,2058,2058,2058,2048,2048
101029,IDLE,-0.15,0.07,180.01,0.01,-0.13,-0.01,0.0135,0.0135,0.0135,0.0135,0.01,0.00,0.00,26.712136,84.305100,A,2051,2051,2051,2051,2048,2048
101053,IDLE,-0.14,0.06,180.01,-0.06,-0.12,0.08,-0.0985,-0.0985,-0.0985,-0.0985,0.01,0.00,0.00,26.712136,84.305100,A,2028,2028,2028,2028,2048,2048
101076,IDLE,-0.14,0.05,180.01,0.07,-0.23,-0.04,0.0478,0.0478,0.0478,0.0478,0.02,0.03,0.00,26.712136,84.305100,A,2058,2058,2058,2058,2048,2048
101103,IDLE,-0.14,0.05,180.01,-0.14,-0.15,-0.12,0.1484,0.1484,0.1484,0.1484,0.02,0.04,0.00,26.712136,84.305100,A,2078,2078,2078,2078,2048,2048
101123,IDLE,-0.14,0.04,180.01,-0.10,-0.20,-0.01,0.0146,0.0146,0.0146,0.0146,0.02,0.06,0.00,26.712136,84.305100,A,2051,2051,2051,2051,2048,2048
101148,IDLE,-0.14,0.04,180.01,-0.30,-0.14,-0.03,0.0449,0.0449,0.0449,0.0449,0.02,0.07,0.00,26.712136,84.305100,A,2057,2057,2057,2057,2048,2048
101166,IDLE,-0.14,0.04,180.01,-0.34,-0.09,-0.05,0.0666,0.0666,0.0666,0.0666,0.03,0.09,0.00,26.712136,84.305100,A,2061,2061,2061,2061,2048,2048
101192,IDLE,-0.15,0.04,180.00,-0.27,0.01,-0.14,0.1819,0.1819,0.1819,0.1819,0.03,0.10,0.00,26.712136,84.305100,A,2084,2084,2084,2084,2048,2048
101213,IDLE,-0.15,0.04,180.00,-0.26,-0.02,-0.23,0.2828,0.2828,0.2828,0.2828,0.03,0.11,0.00,26.712136,84.305100,A,2105,2105,2105,2105,2048,2048
101248,IDLE,-0.15,0.04,179.99,-0.28,0.06,-0.30,0.3720,0.3720,0.3720,0.3720,0.03,0.11,0.00,26.712136,84.305100,A,2122,2122,2122,2122,2048,2048
101273,IDLE,-0.16,0.04,179.99,-0.26,0.09,-0.22,0.2699,0.2699,0.2699,0.2699,0.03,0.10,0.00,26.712136,84.305100,A,2102,2102,2102,2102,2048,2048
101291,IDLE,-0.16,0.04,179.98,-0.14,-0.02,-0.09,0.1077,0.1077,0.1077,0.1077,0.03,0.07,0.00,26.712136,84.305100,A,2070,2070,2070,2070,2048,2048
101319,IDLE,-0.16,0.04,179.98,-0.11,0.06,-0.03,0.0420,0.0420,0.0420,0.0420,0.03,0.05,0.00,26.712136,84.305100,A,2056,2056,2056,2056,2048,2048
101340,IDLE,-0.15,0.04,179.98,-0.10,-0.01,0.02,-0.0198,-0.0198,-0.0198,-0.0198,0.03,0.04,0.00,26.712136,84.305100,A,2044,2044,2044,2044,2048,2048
101365,IDLE,-0.15,0.04,179.98,-0.17,-0.02,-0.06,0.0806,0.0806,0.0806,0.0806,0.03,0.03,0.00,26.712136,84.305100,A,2064,2064,2064,2064,2048,2048
101383,IDLE,-0.15,0.04,179.98,-0.21,-0.02,-0.18,0.2228,0.2228,0.2228,0.2228,0.03,0.04,0.00,26.712136,84.305100,A,2093,2093,2093,2093,2048,2048
101410,IDLE,-0.16,0.03,179.98,-0.22,-0.17,-0.12,0.1513,0.1513,0.1513,0.1513,0.04,0.05,0.00,26.712136,84.305100,A,2078,2078,2078,2078,2048,2048
101431,IDLE,-0.16,0.03,179.98,-0.28,-0.31,-0.06,0.0837,0.0837,0.0837,0.0837,0.04,0.05,0.00,26.712136,84.305100,A,2065,2065,2065,2065,2048,2048
101456,IDLE,-0.16,0.02,179.97,-0.09,-0.35,-0.09,0.1241,0.1241,0.1241,0.1241,0.04,0.05,0.00,26.712136,84.305100,A,2073,2073,2073,2073,2048,2048
101474,IDLE,-0.16,0.01,179.97,-0.12,-0.31,-0.20,0.2518,0.2518,0.2518,0.2518,0.04,0.05,0.00,26.712136,84.305100,A,2098,2098,2098,2098,2048,2048
101501,IDLE,-0.15,0.01,179.97,0.04,-0.38,-0.11,0.1458,0.1458,0.1458,0.1458,0.04,0.05,0.00,26.712136,84.305100,A,2077,2077,2077,2077,2048,2048
101522,IDLE,-0.15,-0.00,179.97,0.01,-0.35,-0.03,0.0452,0.0452,0.0452,0.0452,0.04,0.04,0.00,26.712136,84.305100,A,2057,2057,2057,2057,2048,2048
101547,IDLE,-0.14,-0.00,179.97,-0.02,-0.25,-0.05,0.0651,0.0651,0.0651,0.0651,0.04,0.03,0.00,26.712136,84.305100,A,2061,2061,2061,2061,2048,2048
101565,IDLE,-0.14,-0.01,179.97,-0.17,-0.16,-0.02,0.0300,0.0300,0.0300,0.0300,0.04,0.02,0.00,26.712136,84.305100,A,2054,2054,2054,2054,2048,2048
101593,IDLE,-0.14,-0.01,179.96,-0.14,-0.11,-0.05,0.0614,0.0614,0.0614,0.0614,0.04,0.01,0.00,26.712136,84.305100,A,2060,2060,2060,2060,2048,2048
101613,IDLE,-0.15,-0.01,179.96,-0.27,-0.17,-0.15,0.1897,0.1897,0.1897,0.1897,0.04,-0.00,0.00,26.712136,84.305100,A,2086,2086,2086,2086,2048,2048
101638,IDLE,-0.15,-0.02,179.96,-0.14,-0.28,0.02,-0.0182,-0.0182,-0.0182,-0.0182,0.04,-0.01,0.00,26.712136,84.305100,A,2044,2044,2044,2044,2048,2048
101661,IDLE,-0.15,-0.02,179.96,-0.32,-0.09,0.04,-0.0401,-0.0401,-0.0401,-0.0401,0.04,-0.02,0.00,26.712136,84.305100,A,2040,2040,2040,2040,2048,2048
101688,IDLE,-0.15,-0.02,179.96,-0.33,-0.08,0.07,-0.0821,-0.0821,-0.0821,-0.0821,0.04,-0.02,0.00,26.712136,84.305100,A,2032,2032,2032,2032,2048,2048
101708,IDLE,-0.15,-0.02,179.97,-0.19,-0.04,0.05,-0.0509,-0.0509,-0.0509,-0.0509,0.04,-0.01,0.00,26.712136,84.305100,A,2038,2038,2038,2038,2048,2048
101736,IDLE,-0.15,-0.02,179.97,-0.29,0.10,0.01,-0.0054,-0.0054,-0.0054,-0.0054,0.04,-0.02,0.00,26.712136,84.305100,A,2047,2047,2047,2047,2048,2048
101763,IDLE,-0.16,-0.02,179.97,-0.25,0.03,0.07,-0.0756,-0.0756,-0.0756,-0.0756,0.03,-0.02,0.00,26.712136,84.305100,A,2033,2033,2033,2033,2048,2048
101782,IDLE,-0.16,-0.02,179.97,-0.20,-0.09,0.06,-0.0684,-0.0684,-0.0684,-0.0684,0.03,-0.02,0.00,26.712136,84.305100,A,2034,2034,2034,2034,2048,2048
101806,IDLE,-0.15,-0.02,179.97,-0.10,-0.10,-0.06,0.0803,0.0803,0.0803,0.0803,0.03,-0.02,0.00,26.712136,84.305100,A,2064,2064,2064,2064,2048,2048
101828,IDLE,-0.15,-0.02,179.97,-0.16,-0.09,0.08,-0.0927,-0.0927,-0.0927,-0.0927,0.03,-0.02,0.00,26.712136,84.305100,A,2029,2029,2029,2029,2048,2048
101853,IDLE,-0.15,-0.02,179.97,-0.21,-0.25,-0.04,0.0637,0.0637,0.0637,0.0637,0.03,-0.01,0.00,26.712136,84.305100,A,2061,2061,2061,2061,2048,2048
101871,IDLE,-0.15,-0.02,179.97,-0.11,-0.17,-0.06,0.0807,0.0807,0.0807,0.0807,0.03,-0.02,0.00,26.712136,84.305100,A,2064,2064,2064,2064,2048,2048
101899,IDLE,-0.15,-0.02,179.97,-0.05,-0.02,-0.04,0.0456,0.0456,0.0456,0.0456,0.03,-0.03,0.00,26.712136,84.305100,A,2057,2057,2057,2057,2048,2048
101920,IDLE,-0.14,-0.02,179.97,-0.12,0.01,0.01,-0.0108,-0.0108,-0.0108,-0.0108,0.03,-0.02,0.00,26.712136,84.305100,A,2046,2046,2046,2046,2048,2048
101945,IDLE,-0.14,-0.02,179.97,-0.05,-0.02,-0.02,0.0283,0.0283,0.0283,0.0283,0.03,-0.02,0.00,26.712135,84.305100,A,2054,2054,2054,2054,2048,2048
101968,IDLE,-0.14,-0.02,179.97,0.04,0.11,-0.04,0.0503,0.0503,0.0503,0.0503,0.03,-0.02,0.00,26.712135,84.305100,M,2058,2058,2058,2058,2048,2048
101994,IDLE,-0.13,-0.01,179.97,-0.06,0.15,-0.09,0.1144,0.1144,0.1144,0.1144,0.03,-0.02,0.00,26.712135,84.305100,M,2071,2071,2071,2071,2048,2048
102015,IDLE,-0.13,-0.01,179.96,0.07,0.05,-0.18,0.2198,0.2198,0.2198,0.2198,0.03,-0.00,0.00,26.712135,84.305100,M,2092,2092,2092,2092,2048,2048
102039,IDLE,-0.13,-0.01,179.96,-0.06,0.10,-0.15,0.1792,0.1792,0.1792,0.1792,0.03,0.00,0.00,26.712135,84.305100,M,2084,2084,2084,2084,2048,2048
102062,IDLE,-0.12,-0.01,179.96,0.01,0.08,-0.18,0.2125,0.2125,0.2125,0.2125,0.03,0.00,0.00,26.712135,84.305100,M,2090,2090,2090,2090,2048,2048
102088,IDLE,-0.12,-0.00,179.95,-0.10,0.03,-0.04,0.0468,0.0468,0.0468,0.0468,0.03,0.00,0.00,26.712135,84.305100,M,2057,2057,2057,2057,2048,2048
102108,IDLE,-0.12,-0.01,179.95,-0.16,-0.05,-0.08,0.1019,0.1019,0.1019,0.1019,0.03,0.00,0.00,26.712135,84.305100,M,2068,2068,2068,2068,2048,2048
102133,IDLE,-0.12,-0.01,179.96,-0.05,-0.19,0.10,-0.1183,-0.1183,-0.1183,-0.1183,0.03,0.00,0.00,26.712135,84.305100,M,2024,2024,2024,2024,2048,2048
102155,IDLE,-0.12,-0.01,179.96,0.03,-0.20,0.24,-0.2869,-0.2869,-0.2869,-0.2869,0.03,0.01,0.00,26.712135,84.305100,M,1991,1991,1991,1991,2048,2048
102182,IDLE,-0.12,-0.01,179.97,-0.20,-0.10,0.15,-0.1730,-0.1730,-0.1730,-0.1730,0.03,0.01,0.00,26.712135,84.305100,M,2013,2013,2013,2013,2048,2048
102201,IDLE,-0.12,-0.02,179.97,-0.28,-0.16,0.15,-0.1772,-0.1772,-0.1772,-0.1772,0.03,0.01,0.00,26.712135,84.305100,M,2013,2013,2013,2013,2048,2048
102230,IDLE,-0.13,-0.02,179.97,-0.48,-0.04,0.16,-0.1832,-0.1832,-0.1832,-0.1832,0.04,0.02,0.00,26.712135,84.305100,M,2011,2011,2011,2011,2048,2048
102256,IDLE,-0.14,-0.02,179.98,-0.56,-0.08,0.19,-0.2141,-0.2141,-0.2141,-0.2141,0.04,0.02,0.00,26.712135,84.305100,M,2005,2005,2005,2005,2048,2048
102276,IDLE,-0.15,-0.02,179.98,-0.56,0.02,0.12,-0.1296,-0.1296,-0.1296,-0.1296,0.04,0.02,0.00,26.712135,84.305100,M,2022,2022,2022,2022,2048,2048
102300,IDLE,-0.16,-0.01,179.98,-0.45,-0.01,0.09,-0.1042,-0.1042,-0.1042,-0.1042,0.04,0.02,0.00,26.712135,84.305100,M,2027,2027,2027,2027,2048,2048
102322,IDLE,-0.16,-0.02,179.99,-0.28,-0.12,0.16,-0.1915,-0.1915,-0.1915,-0.1915,0.04,0.02,0.00,26.712135,84.305100,M,2010,2010,2010,2010,2048,2048
102347,IDLE,-0.16,-0.02,179.99,-0.30,-0.05,0.13,-0.1535,-0.1535,-0.1535,-0.1535,0.04,0.02,0.00,26.712135,84.305100,M,2017,2017,2017,2017,2048,2048
102366,IDLE,-0.17,-0.01,179.99,-0.40,0.09,-0.00,0.0085,0.0085,0.0085,0.0085,0.04,0.02,0.00,26.712135,84.305100,M,2050,2050,2050,2050,2048,2048
102393,IDLE,-0.17,-0.01,179.99,-0.35,-0.02,-0.11,0.1449,0.1449,0.1449,0.1449,0.04,0.02,0.00,26.712135,84.305100,M,2077,2077,2077,2077,2048,2048
102414,IDLE,-0.17,-0.01,179.99,-0.18,-0.05,-0.01,0.0119,0.0119,0.0119,0.0119,0.04,0.02,0.00,26.712135,84.305100,M,2050,2050,2050,2050,2048,2048
102447,IDLE,-0.17,-0.01,179.99,-0.17,-0.09,-0.09,0.1110,0.1110,0.1110,0.1110,0.04,0.02,0.00,26.712135,84.305100,M,2070,2070,2070,2070,2048,2048
102472,IDLE,-0.17,-0.01,179.98,-0.11,-0.01,-0.14,0.1694,0.1694,0.1694,0.1694,0.04,0.01,0.00,26.712135,84.305100,M,2082,2082,2082,2082,2048,2048
102490,IDLE,-0.17,-0.01,179.98,-0.14,0.09,0.01,-0.0119,-0.0119,-0.0119,-0.0119,0.04,0.01,0.00,26.712135,84.305100,M,2046,2046,2046,2046,2048,2048
102517,IDLE,-0.16,-0.00,179.98,-0.06,0.11,-0.04,0.0501,0.0501,0.0501,0.0501,0.04,0.00,0.00,26.712135,84.305100,M,2058,2058,2058,2058,2048,2048
102538,IDLE,-0.16,-0.00,179.98,-0.09,0.01,-0.12,0.1543,0.1543,0.1543,0.1543,0.04,0.01,0.00,26.712135,84.305100,M,2079,2079,2079,2079,2048,2048
102563,IDLE,-0.16,-0.00,179.98,-0.06,-0.10,-0.02,0.0229,0.0229,0.0229,0.0229,0.04,0.01,0.00,26.712135,84.305100,M,2053,2053,2053,2053,2048,2048
102581,IDLE,-0.16,-0.00,179.98,-0.41,0.06,0.10,-0.1081,-0.1081,-0.1081,-0.1081,0.04,0.01,0.00,26.712135,84.305100,M,2026,2026,2026,2026,2048,2048
102608,IDLE,-0.17,0.00,179.98,-0.40,0.17,0.12,-0.1358,-0.1358,-0.1358,-0.1358,0.04,0.01,0.00,26.712135,84.305100,M,2021,2021,2021,2021,2048,2048
102629,IDLE,-0.17,0.01,179.99,-0.40,0.25,0.16,-0.1873,-0.1873,-0.1873,-0.1873,0.04,0.02,0.00,26.712135,84.305100,M,2011,2011,2011,2011,2048,2048
102653,IDLE,-0.17,0.02,179.99,-0.38,0.27,0.09,-0.1033,-0.1033,-0.1033,-0.1033,0.04,0.03,0.00,26.712135,84.305100,M,2027,2027,2027,2027,2048,2048
102676,IDLE,-0.18,0.02,179.99,-0.36,0.25,0.09,-0.1068,-0.1068,-0.1068,-0.1068,0.04,0.02,0.00,26.712135,84.305100,M,2027,2027,2027,2027,2048,2048
102702,IDLE,-0.18,0.03,179.99,-0.17,0.21,0.01,-0.0119,-0.0119,-0.0119,-0.0119,0.04,0.02,0.00,26.712135,84.305100,M,2046,2046,2046,2046,2048,2048
102722,IDLE,-0.17,0.03,179.99,-0.02,0.10,-0.03,0.0355,0.0355,0.0355,0.0355,0.04,0.02,0.00,26.712135,84.305100,M,2055,2055,2055,2055,2048,2048
102745,IDLE,-0.16,0.03,179.99,0.11,-0.06,0.09,-0.1100,-0.1100,-0.1100,-0.1100,0.04,0.02,0.00,26.712135,84.305100,M,2026,2026,2026,2026,2048,2048
102768,IDLE,-0.15,0.03,179.99,0.31,-0.10,0.03,-0.0457,-0.0457,-0.0457,-0.0457,0.04,0.02,0.00,26.712135,84.305100,M,2039,2039,2039,2039,2048,2048
102794,IDLE,-0.14,0.03,180.00,0.24,0.05,0.09,-0.1141,-0.1141,-0.1141,-0.1141,0.04,0.02,0.00,26.712135,84.305100,M,2025,2025,2025,2025,2048,2048
102813,IDLE,-0.13,0.03,180.00,0.28,-0.04,0.06,-0.0750,-0.0750,-0.0750,-0.0750,0.05,0.03,0.00,26.712135,84.305100,M,2033,2033,2033,2033,2048,2048
102836,IDLE,-0.12,0.03,180.00,0.45,-0.09,-0.01,0.0062,0.0062,0.0062,0.0062,0.05,0.03,0.00,26.712135,84.305100,M,2049,2049,2049,2049,2048,2048
102858,IDLE,-0.11,0.02,180.00,0.32,-0.11,0.15,-0.1910,-0.1910,-0.1910,-0.1910,0.05,0.02,0.00,26.712135,84.305100,M,2010,2010,2010,2010,2048,2048
102884,IDLE,-0.10,0.02,180.00,0.26,-0.00,0.12,-0.1465,-0.1465,-0.1465,-0.1465,0.05,0.02,0.00,26.712135,84.305100,M,2019,2019,2019,2019,2048,2048
102903,IDLE,-0.09,0.03,180.01,0.25,0.12,0.09,-0.1185,-0.1185,-0.1185,-0.1185,0.05,0.02,0.00,26.712135,84.305100,M,2024,2024,2024,2024,2048,2048
102931,IDLE,-0.09,0.03,180.01,0.22,0.09,0.13,-0.1705,-0.1705,-0.1705,-0.1705,0.05,0.02,0.00,26.712135,84.305100,M,2014,2014,2014,2014,2048,2048
102952,IDLE,-0.08,0.03,180.01,0.21,-0.01,0.18,-0.2290,-0.2290,-0.2290,-0.2290,0.05,0.01,0.00,26.712135,84.305100,M,2002,2002,2002,2002,2048,2048
102977,IDLE,-0.07,0.03,180.02,0.26,-0.14,0.14,-0.1751,-0.1751,-0.1751,-0.1751,0.05,0.01,0.00,26.712135,84.305100,M,2013,2013,2013,2013,2048,2048
102996,IDLE,-0.07,0.03,180.02,0.14,-0.02,0.18,-0.2276,-0.2276,-0.2276,-0.2276,0.05,0.02,0.00,26.712135,84.305100,M,2002,2002,2002,2002,2048,2048
103023,IDLE,-0.06,0.02,180.02,0.16,-0.20,0.07,-0.0856,-0.0856,-0.0856,-0.0856,0.05,0.03,0.00,26.712135,84.305100,M,2031,2031,2031,2031,2048,2048
103044,IDLE,-0.06,0.02,180.02,0.05,-0.20,0.10,-0.1235,-0.1235,-0.1235,-0.1235,0.05,0.02,0.00,26.712135,84.305100,M,2023,2023,2023,2023,2048,2048
103069,IDLE,-0.06,0.02,180.03,0.09,-0.04,0.04,-0.0465,-0.0465,-0.0465,-0.0465,0.05,0.02,0.00,26.712135,84.305100,M,2039,2039,2039,2039,2048,2048
103087,IDLE,-0.04,0.01,180.03,0.46,-0.21,0.04,-0.0558,-0.0558,-0.0558,-0.0558,0.05,0.03,0.00,26.712135,84.305100,M,2037,2037,2037,2037,2048,2048
103114,IDLE,-0.03,0.01,180.03,0.39,-0.34,0.03,-0.0371,-0.0371,-0.0371,-0.0371,0.05,0.04,0.00,26.712135,84.305100,M,2041,2041,2041,2041,2048,2048
103134,IDLE,-0.03,0.00,180.03,0.26,-0.20,0.08,-0.1022,-0.1022,-0.1022,-0.1022,0.05,0.04,0.00,26.712135,84.305100,M,2028,2028,2028,2028,2048,2048
103158,IDLE,-0.02,-0.00,180.03,0.13,-0.25,-0.01,0.0129,0.0129,0.0129,0.0129,0.05,0.04,0.00,26.712135,84.305100,M,2051,2051,2051,2051,2048,2048
103181,IDLE,-0.02,-0.01,180.03,0.26,-0.30,-0.00,0.0044,0.0044,0.0044,0.0044,0.05,0.02,0.00,26.712135,84.305100,M,2049,2049,2049,2049,2048,2048
103207,IDLE,-0.01,-0.01,180.03,0.29,-0.34,-0.09,0.1038,0.1038,0.1038,0.1038,0.05,0.01,0.00,26.712135,84.305100,M,2069,2069,2069,2069,2048,2048
103227,IDLE,-0.01,-0.02,180.02,0.11,-0.25,-0.13,0.1646,0.1646,0.1646,0.1646,0.05,0.01,0.00,26.712135,84.305100,M,2081,2081,2081,2081,2048,2048
103263,IDLE,0.00,-0.03,180.01,-0.00,-0.28,-0.20,0.2495,0.2495,0.2495,0.2495,0.05,0.00,0.00,26.712135,84.305100,M,2098,2098,2098,2098,2048,2048
103287,IDLE,-0.00,-0.03,180.01,-0.08,-0.31,-0.13,0.1691,0.1691,0.1691,0.1691,0.05,0.00,0.00,26.712135,84.305100,M,2082,2082,2082,2082,2048,2048
103311,IDLE,-0.00,-0.04,180.01,-0.11,-0.23,-0.11,0.1469,0.1469,0.1469,0.1469,0.05,-0.01,0.00,26.712135,84.305100,M,2077,2077,2077,2077,2048,2048
103337,IDLE,-0.00,-0.04,180.01,-0.16,-0.15,-0.10,0.1322,0.1322,0.1322,0.1322,0.05,-0.01,0.00,26.712135,84.305100,M,2074,2074,2074,2074,2048,2048
103357,IDLE,-0.01,-0.04,180.01,-0.06,-0.31,0.02,-0.0124,-0.0124,-0.0124,-0.0124,0.05,-0.00,0.00,26.712135,84.305100,M,2046,2046,2046,2046,2048,2048
103381,IDLE,-0.00,-0.05,180.01,0.02,-0.28,0.11,-0.1280,-0.1280,-0.1280,-0.1280,0.05,0.01,0.00,26.712135,84.305100,M,2022,2022,2022,2022,2048,2048
103403,IDLE,-0.00,-0.05,180.01,0.01,-0.33,0.09,-0.1014,-0.1014,-0.1014,-0.1014,0.05,0.01,0.00,26.712135,84.305100,M,2028,2028,2028,2028,2048,2048
103429,IDLE,-0.00,-0.06,180.01,0.01,-0.37,0.09,-0.1070,-0.1070,-0.1070,-0.1070,0.05,0.01,0.00,26.712135,84.305100,M,2027,2027,2027,2027,2048,2048
103448,IDLE,-0.00,-0.07,180.02,0.02,-0.45,0.14,-0.1676,-0.1676,-0.1676,-0.1676,0.05,0.01,0.00,26.712135,84.305100,M,2014,2014,2014,2014,2048,2048
103475,IDLE,-0.00,-0.07,180.02,0.04,-0.43,0.14,-0.1672,-0.1672,-0.1672,-0.1672,0.05,0.01,0.00,26.712135,84.305100,M,2015,2015,2015,2015,2048,2048
103497,IDLE,0.00,-0.08,180.02,0.08,-0.43,0.17,-0.2059,-0.2059,-0.2059,-0.2059,0.05,0.01,0.00,26.712135,84.305100,M,2007,2007,2007,2007,2048,2048
103521,IDLE,-0.00,-0.08,180.03,-0.07,-0.28,0.21,-0.2528,-0.2528,-0.2528,-0.2528,0.05,0.01,0.00,26.712135,84.305100,M,1997,1997,1997,1997,2048,2048
103539,IDLE,-0.00,-0.09,180.03,-0.00,-0.26,0.25,-0.2993,-0.2993,-0.2993,-0.2993,0.05,0.00,0.00,26.712135,84.305100,M,1988,1988,1988,1988,2048,2048
103566,IDLE,0.00,-0.09,180.04,0.10,-0.30,0.31,-0.3778,-0.3778,-0.3778,-0.3778,0.05,-0.00,0.00,26.712135,84.305100,M,1972,1972,1972,1972,2048,2048
103586,IDLE,0.00,-0.09,180.05,-0.08,-0.20,0.28,-0.3420,-0.3420,-0.3420,-0.3420,0.05,0.01,0.00,26.712135,84.305100,M,1980,1980,1980,1980,2048,2048
103610,IDLE,-0.00,-0.09,180.05,-0.14,-0.29,0.32,-0.3807,-0.3807,-0.3807,-0.3807,0.05,0.02,0.00,26.712135,84.305100,M,1972,1972,1972,1972,2048,2048
103632,IDLE,-0.00,-0.10,180.06,-0.03,-0.36,0.32,-0.3853,-0.3853,-0.3853,-0.3853,0.05,0.01,0.00,26.712135,84.305100,M,1971,1971,1971,1971,2048,2048
103658,IDLE,0.00,-0.10,180.06,0.08,-0.37,0.20,-0.2357,-0.2357,-0.2357,-0.2357,0.05,0.01,0.00,26.712135,84.305100,M,2001,2001,2001,2001,2048,2048
103676,IDLE,0.00,-0.11,180.07,0.13,-0.43,0.14,-0.1675,-0.1675,-0.1675,-0.1675,0.05,0.00,0.00,26.712135,84.305100,M,2014,2014,2014,2014,2048,2048
103704,IDLE,0.00,-0.11,180.07,0.02,-0.36,0.17,-0.2043,-0.2043,-0.2043,-0.2043,0.05,-0.01,0.00,26.712135,84.305100,M,2007,2007,2007,2007,2048,2048
103726,IDLE,0.00,-0.12,180.07,0.06,-0.19,0.12,-0.1463,-0.1463,-0.1463,-0.1463,0.05,-0.01,0.00,26.712135,84.305100,M,2019,2019,2019,2019,2048,2048
103750,IDLE,0.01,-0.12,180.07,0.14,-0.26,0.02,-0.0258,-0.0258,-0.0258,-0.0258,0.05,-0.01,0.00,26.712135,84.305100,M,2043,2043,2043,2043,2048,2048
103768,IDLE,0.01,-0.12,180.07,0.15,-0.29,0.03,-0.0328,-0.0328,-0.0328,-0.0328,0.05,-0.01,0.00,26.712135,84.305100,M,2041,2041,2041,2041,2048,2048
103795,IDLE,0.01,-0.12,180.07,0.01,-0.09,-0.00,0.0056,0.0056,0.0056,0.0056,0.05,-0.02,0.00,26.712135,84.305100,M,2049,2049,2049,2049,2048,2048
103815,IDLE,0.00,-0.11,180.07,-0.28,0.08,0.11,-0.1236,-0.1236,-0.1236,-0.1236,0.05,-0.03,0.00,26.712135,84.305100,M,2023,2023,2023,2023,2048,2048
103839,IDLE,-0.01,-0.11,180.08,-0.29,-0.06,0.15,-0.1736,-0.1736,-0.1736,-0.1736,0.05,-0.04,0.00,26.712135,84.305100,M,2013,2013,2013,2013,2048,2048
103862,IDLE,-0.01,-0.11,180.08,-0.15,-0.15,0.10,-0.1099,-0.1099,-0.1099,-0.1099,0.05,-0.03,0.00,26.712135,84.305100,M,2026,2026,2026,2026,2048,2048
103888,IDLE,-0.01,-0.11,180.08,-0.16,-0.14,0.12,-0.1411,-0.1411,-0.1411,-0.1411,0.05,-0.03,0.00,26.712135,84.305100,M,2020,2020,2020,2020,2048,2048
103907,IDLE,-0.02,-0.10,180.08,-0.11,-0.14,0.20,-0.2446,-0.2446,-0.2446,-0.2446,0.05,-0.03,0.00,26.712135,84.305100,M,1999,1999,1999,1999,2048,2048
103935,IDLE,-0.02,-0.10,180.09,-0.12,-0.04,0.14,-0.1733,-0.1733,-0.1733,-0.1733,0.05,-0.03,0.00,26.712135,84.305100,M,2013,2013,2013,2013,2048,2048
103956,IDLE,-0.02,-0.10,180.09,-0.12,-0.05,0.14,-0.1623,-0.1623,-0.1623,-0.1623,0.05,-0.02,0.00,26.712135,84.305100,M,2016,2016,2016,2016,2048,2048
103980,IDLE,-0.02,-0.09,180.09,-0.08,-0.08,-0.01,0.0185,0.0185,0.0185,0.0185,0.05,-0.02,0.00,26.712134,84.305100,51.8,2052,2052,2052,2052,2048,2048
104003,IDLE,-0.02,-0.10,180.09,0.00,-0.20,-0.12,0.1518,0.1518,0.1518,0.1518,0.05,-0.03,0.00,26.712134,84.305100,51.8,2078,2078,2078,2078,2048,2048
104030,IDLE,-0.02,-0.10,180.08,0.16,-0.24,-0.06,0.0765,0.0765,0.0765,0.0765,0.04,-0.04,0.00,26.712134,84.305100,51.8,2063,2063,2063,2063,2048,2048
104049,IDLE,-0.02,-0.10,180.08,0.15,-0.11,-0.09,0.1061,0.1061,0.1061,0.1061,0.05,-0.01,0.00,26.712134,84.305100,51.8,2069,2069,2069,2069,2048,2048
104077,IDLE,-0.02,-0.10,180.08,0.08,-0.11,-0.08,0.0972,0.0972,0.0972,0.0972,0.05,0.03,0.00,26.712134,84.305100,51.8,2067,2067,2067,2067,2048,2048
104104,IDLE,-0.01,-0.10,180.08,0.05,-0.14,-0.05,0.0663,0.0663,0.0663,0.0663,0.05,0.05,0.00,26.712134,84.305100,51.8,2061,2061,2061,2061,2048,2048
104124,IDLE,-0.02,-0.10,180.08,-0.02,-0.22,0.10,-0.1144,-0.1144,-0.1144,-0.1144,0.05,0.06,0.00,26.712134,84.305100,51.8,2025,2025,2025,2025,2048,2048
104152,IDLE,-0.02,-0.10,180.08,-0.03,-0.10,0.04,-0.0457,-0.0457,-0.0457,-0.0457,0.06,0.07,0.00,26.712134,84.305100,51.8,2039,2039,2039,2039,2048,2048
104179,IDLE,-0.02,-0.10,180.08,0.02,-0.25,0.04,-0.0413,-0.0413,-0.0413,-0.0413,0.06,0.06,0.00,26.712134,84.305100,51.8,2040,2040,2040,2040,2048,2048
104199,IDLE,-0.02,-0.10,180.08,0.01,-0.24,0.10,-0.1164,-0.1164,-0.1164,-0.1164,0.06,0.07,0.00,26.712134,84.305100,51.8,2025,2025,2025,2025,2048,2048
104227,IDLE,-0.02,-0.10,180.08,-0.09,-0.26,0.16,-0.1919,-0.1919,-0.1919,-0.1919,0.06,0.07,0.00,26.712134,84.305100,51.8,2010,2010,2010,2010,2048,2048
104254,IDLE,-0.02,-0.10,180.09,-0.11,-0.08,0.24,-0.2836,-0.2836,-0.2836,-0.2836,0.06,0.06,0.00,26.712134,84.305100,51.8,1991,1991,1991,1991,2048,2048
104273,IDLE,-0.03,-0.10,180.09,-0.26,-0.11,0.01,-0.0088,-0.0088,-0.0088,-0.0088,0.06,0.05,0.00,26.712134,84.305100,51.8,2046,2046,2046,2046,2048,2048
104301,IDLE,-0.04,-0.10,180.09,-0.29,-0.25,0.08,-0.0863,-0.0863,-0.0863,-0.0863,0.06,0.05,0.00,26.712134,84.305100,51.8,2031,2031,2031,2031,2048,2048
104322,IDLE,-0.05,-0.10,180.09,-0.36,-0.12,-0.06,0.0833,0.0833,0.0833,0.0833,0.06,0.04,0.00,26.712134,84.305100,51.8,2065,2065,2065,2065,2048,2048
104346,IDLE,-0.05,-0.10,180.09,-0.08,-0.11,-0.02,0.0227,0.0227,0.0227,0.0227,0.06,0.04,0.00,26.712134,84.305100,51.8,2053,2053,2053,2053,2048,2048
104369,IDLE,-0.04,-0.10,180.09,-0.00,-0.11,-0.06,0.0698,0.0698,0.0698,0.0698,0.06,0.04,0.00,26.712134,84.305100,51.8,2062,2062,2062,2062,2048,2048
104395,IDLE,-0.04,-0.10,180.08,0.03,-0.11,-0.14,0.1767,0.1767,0.1767,0.1767,0.06,0.04,0.00,26.712134,84.305100,51.8,2083,2083,2083,2083,2048,2048
104415,IDLE,-0.04,-0.10,180.08,0.09,-0.19,-0.05,0.0605,0.0605,0.0605,0.0605,0.07,0.04,0.00,26.712134,84.305100,51.8,2060,2060,2060,2060,2048,2048
104443,IDLE,-0.04,-0.10,180.08,-0.06,-0.03,-0.07,0.0899,0.0899,0.0899,0.0899,0.06,0.02,0.00,26.712134,84.305100,51.8,2066,2066,2066,2066,2048,2048
104479,IDLE,-0.04,-0.09,180.08,-0.17,0.02,-0.07,0.0910,0.0910,0.0910,0.0910,0.06,0.01,0.00,26.712134,84.305100,51.8,2066,2066,2066,2066,2048,2048
104506,IDLE,-0.04,-0.09,180.08,-0.07,-0.07,0.04,-0.0502,-0.0502,-0.0502,-0.0502,0.06,0.00,0.00,26.712134,84.305100,51.8,2038,2038,2038,2038,2048,2048
104526,IDLE,-0.04,-0.09,180.08,-0.03,0.02,0.05,-0.0637,-0.0637,-0.0637,-0.0637,0.06,-0.00,0.00,26.712134,84.305100,51.8,2035,2035,2035,2035,2048,2048
104554,IDLE,-0.05,-0.09,180.08,-0.30,-0.06,-0.01,0.0183,0.0183,0.0183,0.0183,0.06,0.01,0.00,26.712134,84.305100,51.8,2052,2052,2052,2052,2048,2048
104581,IDLE,-0.06,-0.08,180.08,-0.36,-0.06,0.05,-0.0576,-0.0576,-0.0576,-0.0576,0.06,0.01,0.00,26.712134,84.305100,51.8,2036,2036,2036,2036,2048,2048
104601,IDLE,-0.06,-0.09,180.08,-0.15,-0.21,0.24,-0.2824,-0.2824,-0.2824,-0.2824,0.07,0.02,0.00,26.712134,84.305100,51.8,1992,1992,1992,1992,2048,2048
104629,IDLE,-0.06,-0.09,180.09,-0.03,-0.32,0.16,-0.1844,-0.1844,-0.1844,-0.1844,0.07,0.03,0.00,26.712134,84.305100,51.8,2011,2011,2011,2011,2048,2048
104656,IDLE,-0.06,-0.09,180.09,-0.08,-0.19,0.04,-0.0412,-0.0412,-0.0412,-0.0412,0.07,0.03,0.00,26.712134,84.305100,51.8,2040,2040,2040,2040,2048,2048
104675,IDLE,-0.06,-0.09,180.09,-0.08,-0.08,0.02,-0.0197,-0.0197,-0.0197,-0.0197,0.07,0.04,0.00,26.712134,84.305100,51.8,2044,2044,2044,2044,2048,2048
104703,IDLE,-0.06,-0.09,180.08,0.01,-0.22,-0.00,0.0054,0.0054,0.0054,0.0054,0.07,0.04,0.00,26.712134,84.305100,51.8,2049,2049,2049,2049,2048,2048
104724,IDLE,-0.06,-0.09,180.09,0.02,-0.23,0.07,-0.0852,-0.0852,-0.0852,-0.0852,0.07,0.04,0.00,26.712134,84.305100,51.8,2031,2031,2031,2031,2048,2048
104749,IDLE,-0.06,-0.09,180.09,0.04,-0.17,0.00,0.0017,0.0017,0.0017,0.0017,0.07,0.04,0.00,26.712134,84.305100,51.8,2048,2048,2048,2048,2048,2048
104772,IDLE,-0.06,-0.09,180.08,-0.05,-0.06,-0.07,0.0874,0.0874,0.0874,0.0874,0.07,0.03,0.00,26.712134,84.305100,51.8,2065,2065,2065,2065,2048,2048
104798,IDLE,-0.06,-0.09,180.08,0.06,0.09,-0.12,0.1415,0.1415,0.1415,0.1415,0.07,0.03,0.00,26.712134,84.305100,51.8,2076,2076,2076,2076,2048,2048
104818,IDLE,-0.06,-0.08,180.08,-0.02,0.16,-0.04,0.0409,0.0409,0.0409,0.0409,0.07,0.02,0.00,26.712134,84.305100,51.8,2056,2056,2056,2056,2048,2048
104841,IDLE,-0.06,-0.08,180.08,-0.10,0.04,0.01,-0.0063,-0.0063,-0.0063,-0.0063,0.07,0.01,0.00,26.712134,84.305100,51.8,2047,2047,2047,2047,2048,2048
104863,IDLE,-0.07,-0.07,180.08,-0.28,0.21,0.02,-0.0164,-0.0164,-0.0164,-0.0164,0.07,0.00,0.00,26.712134,84.305100,51.8,2045,2045,2045,2045,2048,2048
104888,IDLE,-0.07,-0.06,180.08,-0.24,0.03,-0.04,0.0514,0.0514,0.0514,0.0514,0.07,0.00,0.00,26.712134,84.305100,51.8,2058,2058,2058,2058,2048,2048
104907,IDLE,-0.08,-0.06,180.08,-0.29,-0.04,-0.01,0.0229,0.0229,0.0229,0.0229,0.07,0.00,0.00,26.712134,84.305100,51.8,2053,2053,2053,2053,2048,2048
104934,IDLE,-0.08,-0.06,180.08,-0.09,-0.11,0.09,-0.1094,-0.1094,-0.1094,-0.1094,0.07,-0.00,0.00,26.712134,84.305100,51.8,2026,2026,2026,2026,2048,2048
104954,IDLE,-0.09,-0.06,180.08,-0.37,-0.10,0.17,-0.1974,-0.1974,-0.1974,-0.1974,0.07,-0.00,0.00,26.712134,84.305100,51.8,2009,2009,2009,2009,2048,2048
104978,IDLE,-0.09,-0.06,180.08,-0.53,-0.03,0.20,-0.2258,-0.2258,-0.2258,-0.2258,0.07,-0.00,0.00,26.712134,84.305100,51.8,2003,2003,2003,2003,2048,2048
105000,IDLE,-0.10,-0.06,180.09,-0.28,-0.16,0.18,-0.2121,-0.2121,-0.2121,-0.2121,0.07,-0.00,0.00,26.712134,84.305100,51.9,2006,2006,2006,2006,2048,2048
105025,IDLE,-0.10,-0.06,180.09,-0.27,-0.30,0.19,-0.2199,-0.2199,-0.2199,-0.2199,0.07,-0.00,0.00,26.712134,84.305100,51.9,2004,2004,2004,2004,2048,2048
105048,IDLE,-0.10,-0.07,180.10,-0.17,-0.30,0.19,-0.2184,-0.2184,-0.2184,-0.2184,0.07,0.02,0.00,26.712134,84.305100,51.9,2004,2004,2004,2004,2048,2048
105074,IDLE,-0.11,-0.07,180.10,-0.14,-0.22,0.29,-0.3514,-0.3514,-0.3514,-0.3514,0.07,0.03,0.00,26.712134,84.305100,51.9,1978,1978,1978,1978,2048,2048
105093,IDLE,-0.10,-0.07,180.11,-0.03,-0.27,0.31,-0.3714,-0.3714,-0.3714,-0.3714,0.08,0.04,0.00,26.712134,84.305100,51.9,1974,1974,1974,1974,2048,2048
105121,IDLE,-0.10,-0.08,180.11,0.10,-0.18,0.27,-0.3279,-0.3279,-0.3279,-0.3279,0.08,0.04,0.00,26.712134,84.305100,51.9,1982,1982,1982,1982,2048,2048
105141,IDLE,-0.09,-0.08,180.12,0.27,-0.26,0.28,-0.3458,-0.3458,-0.3458,-0.3458,0.08,0.03,0.00,26.712134,84.305100,51.9,1979,1979,1979,1979,2048,2048
105165,IDLE,-0.08,-0.08,180.12,0.32,-0.31,0.11,-0.1407,-0.1407,-0.1407,-0.1407,0.08,0.02,0.00,26.712134,84.305100,51.9,2020,2020,2020,2020,2048,2048
105188,IDLE,-0.08,-0.09,180.12,0.20,-0.18,0.13,-0.1550,-0.1550,-0.1550,-0.1550,0.07,0.00,0.00,26.712134,84.305100,51.9,2017,2017,2017,2017,2048,2048
105213,IDLE,-0.07,-0.08,180.13,0.25,-0.01,0.15,-0.1857,-0.1857,-0.1857,-0.1857,0.07,-0.01,0.00,26.712134,84.305100,51.9,2011,2011,2011,2011,2048,2048
105232,IDLE,-0.06,-0.08,180.13,0.28,-0.06,0.10,-0.1265,-0.1265,-0.1265,-0.1265,0.07,-0.03,0.00,26.712134,84.305100,51.9,2023,2023,2023,2023,2048,2048
105259,IDLE,-0.05,-0.08,180.13,0.45,-0.16,0.14,-0.1823,-0.1823,-0.1823,-0.1823,0.07,-0.04,0.00,26.712134,84.305100,51.9,2012,2012,2012,2012,2048,2048
105287,IDLE,-0.04,-0.09,180.13,0.30,-0.18,0.14,-0.1740,-0.1740,-0.1740,-0.1740,0.07,-0.05,0.00,26.712134,84.305100,51.9,2013,2013,2013,2013,2048,2048
105312,IDLE,-0.04,-0.09,180.13,0.30,-0.20,0.10,-0.1254,-0.1254,-0.1254,-0.1254,0.07,-0.05,0.00,26.712134,84.305100,51.9,2023,2023,2023,2023,2048,2048
105335,IDLE,-0.02,-0.08,180.14,0.39,-0.09,0.22,-0.2784,-0.2784,-0.2784,-0.2784,0.06,-0.07,0.00,26.712134,84.305100,51.9,1992,1992,1992,1992,2048,2048
105362,IDLE,-0.02,-0.08,180.14,0.36,-0.19,0.20,-0.2520,-0.2520,-0.2520,-0.2520,0.06,-0.08,0.00,26.712134,84.305100,51.9,1998,1998,1998,1998,2048,2048
105382,IDLE,-0.01,-0.09,180.15,0.22,-0.22,0.12,-0.1491,-0.1491,-0.1491,-0.1491,0.06,-0.08,0.00,26.712134,84.305100,51.9,2018,2018,2018,2018,2048,2048
105410,IDLE,-0.01,-0.09,180.15,0.35,-0.13,0.15,-0.1901,-0.1901,-0.1901,-0.1901,0.06,-0.07,0.00,26.712134,84.305100,51.9,2010,2010,2010,2010,2048,2048
105431,IDLE,0.00,-0.08,180.15,0.22,-0.06,0.20,-0.2532,-0.2532,-0.2532,-0.2532,0.06,-0.06,0.00,26.712134,84.305100,51.9,1997,1997,1997,1997,2048,2048
105455,IDLE,0.00,-0.09,180.15,0.16,-0.21,0.07,-0.0809,-0.0809,-0.0809,-0.0809,0.06,-0.06,0.00,26.712134,84.305100,51.9,2032,2032,2032,2032,2048,2048
105478,IDLE,0.00,-0.09,180.15,0.04,-0.20,-0.08,0.1037,0.1037,0.1037,0.1037,0.06,-0.07,0.00,26.712134,84.305100,51.9,2069,2069,2069,2069,2048,2048
105503,IDLE,0.00,-0.09,180.14,-0.13,-0.20,-0.15,0.1940,0.1940,0.1940,0.1940,0.05,-0.07,0.00,26.712134,84.305100,51.9,2087,2087,2087,2087,2048,2048
105523,IDLE,0.00,-0.09,180.14,-0.02,-0.21,-0.16,0.1979,0.1979,0.1979,0.1979,0.05,-0.07,0.00,26.712134,84.305100,51.9,2088,2088,2088,2088,2048,2048
105551,IDLE,0.00,-0.10,180.14,0.19,-0.26,-0.03,0.0326,0.0326,0.0326,0.0326,0.05,-0.07,0.00,26.712134,84.305100,51.9,2055,2055,2055,2055,2048,2048
105572,IDLE,0.01,-0.10,180.14,0.25,-0.27,0.14,-0.1660,-0.1660,-0.1660,-0.1660,0.05,-0.04,0.00,26.712134,84.305100,51.9,2015,2015,2015,2015,2048,2048
105597,IDLE,0.02,-0.10,180.14,0.24,-0.22,0.09,-0.1107,-0.1107,-0.1107,-0.1107,0.05,-0.02,0.00,26.712134,84.305100,51.9,2026,2026,2026,2026,2048,2048
105620,IDLE,0.02,-0.11,180.14,0.18,-0.24,0.06,-0.0787,-0.0787,-0.0787,-0.0787,0.06,-0.00,0.00,26.712134,84.305100,51.9,2032,2032,2032,2032,2048,2048
105646,IDLE,0.02,-0.11,180.14,0.05,-0.23,0.04,-0.0461,-0.0461,-0.0461,-0.0461,0.06,0.01,0.00,26.712134,84.305100,51.9,2039,2039,2039,2039,2048,2048
105666,IDLE,0.02,-0.11,180.14,0.01,-0.14,0.04,-0.0494,-0.0494,-0.0494,-0.0494,0.06,0.03,0.00,26.712134,84.305100,51.9,2038,2038,2038,2038,2048,2048
105694,IDLE,0.02,-0.11,180.14,-0.02,-0.27,-0.00,0.0110,0.0110,0.0110,0.0110,0.06,0.05,0.00,26.712134,84.305100,51.9,2050,2050,2050,2050,2048,2048
105720,IDLE,0.02,-0.11,180.14,-0.11,-0.13,0.11,-0.1254,-0.1254,-0.1254,-0.1254,0.06,0.06,0.00,26.712134,84.305100,51.9,2023,2023,2023,2023,2048,2048
105740,IDLE,0.01,-0.11,180.14,-0.15,-0.11,0.03,-0.0280,-0.0280,-0.0280,-0.0280,0.06,0.06,0.00,26.712134,84.305100,51.9,2042,2042,2042,2042,2048,2048
105768,IDLE,0.01,-0.10,180.14,-0.14,-0.02,0.05,-0.0565,-0.0565,-0.0565,-0.0565,0.07,0.08,0.00,26.712134,84.305100,51.9,2037,2037,2037,2037,2048,2048
105795,IDLE,0.01,-0.10,180.14,-0.15,-0.13,0.03,-0.0250,-0.0250,-0.0250,-0.0250,0.07,0.08,0.00,26.712134,84.305100,51.9,2043,2043,2043,2043,2048,2048
105814,IDLE,0.01,-0.10,180.14,0.00,-0.14,0.09,-0.1092,-0.1092,-0.1092,-0.1092,0.07,0.08,0.00,26.712134,84.305100,51.9,2026,2026,2026,2026,2048,2048
105842,IDLE,0.00,-0.10,180.14,-0.18,0.03,-0.02,0.0267,0.0267,0.0267,0.0267,0.07,0.08,0.00,26.712134,84.305100,51.9,2053,2053,2053,2053,2048,2048
105869,IDLE,0.00,-0.10,180.14,-0.07,-0.07,-0.18,0.2171,0.2171,0.2171,0.2171,0.07,0.08,0.00,26.712134,84.305100,51.9,2091,2091,2091,2091,2048,2048
105889,IDLE,0.00,-0.10,180.13,0.04,-0.12,-0.13,0.1572,0.1572,0.1572,0.1572,0.08,0.08,0.00,26.712134,84.305100,51.9,2079,2079,2079,2079,2048,2048
105912,IDLE,0.00,-0.10,180.13,-0.13,-0.25,-0.23,0.2833,0.2833,0.2833,0.2833,0.08,0.07,0.00,26.712134,84.305100,51.9,2105,2105,2105,2105,2048,2048
105934,IDLE,-0.00,-0.10,180.12,-0.19,-0.09,-0.28,0.3510,0.3510,0.3510,0.3510,0.08,0.06,0.00,26.712134,84.305100,51.9,2118,2118,2118,2118,2048,2048
105960,IDLE,-0.01,-0.09,180.11,-0.26,-0.03,-0.20,0.2520,0.2520,0.2520,0.2520,0.08,0.04,0.00,26.712134,84.305100,51.9,2098,2098,2098,2098,2048,2048
105979,IDLE,-0.02,-0.09,180.11,-0.31,-0.06,-0.14,0.1771,0.1771,0.1771,0.1771,0.08,0.04,0.00,26.712134,84.305101,51.9,2083,2083,2083,2083,2048,2048
106006,IDLE,-0.02,-0.09,180.11,-0.13,-0.16,-0.02,0.0271,0.0271,0.0271,0.0271,0.08,0.04,0.00,26.712134,84.305101,51.9,2053,2053,2053,2053,2048,2048
106027,IDLE,-0.02,-0.09,180.11,-0.01,-0.18,-0.08,0.1001,0.1001,0.1001,0.1001,0.08,0.04,0.00,26.712134,84.305101,52.0,2068,2068,2068,2068,2048,2048
106051,IDLE,-0.02,-0.09,180.10,0.05,-0.19,-0.12,0.1533,0.1533,0.1533,0.1533,0.08,0.04,0.00,26.712134,84.305101,52.0,2079,2079,2079,2079,2048,2048
106074,IDLE,-0.02,-0.09,180.10,-0.11,-0.09,-0.11,0.1392,0.1392,0.1392,0.1392,0.08,0.03,0.00,26.712134,84.305101,52.0,2076,2076,2076,2076,2048,2048
106101,IDLE,-0.03,-0.09,180.10,-0.14,-0.10,0.00,-0.0009,-0.0009,-0.0009,-0.0009,0.08,0.02,0.00,26.712134,84.305101,52.0,2048,2048,2048,2048,2048,2048
106120,IDLE,-0.03,-0.09,180.09,-0.30,0.00,-0.14,0.1830,0.1830,0.1830,0.1830,0.08,-0.00,0.00,26.712134,84.305101,52.0,2085,2085,2085,2085,2048,2048
106148,IDLE,-0.04,-0.08,180.09,-0.17,0.12,-0.16,0.1985,0.1985,0.1985,0.1985,0.08,-0.02,0.00,26.712134,84.305101,52.0,2088,2088,2088,2088,2048,2048
106170,IDLE,-0.04,-0.07,180.09,-0.08,0.11,-0.12,0.1447,0.1447,0.1447,0.1447,0.07,-0.03,0.00,26.712134,84.305101,52.0,2077,2077,2077,2077,2048,2048
106195,IDLE,-0.04,-0.07,180.09,-0.11,0.14,0.01,-0.0161,-0.0161,-0.0161,-0.0161,0.07,-0.04,0.00,26.712134,84.305101,52.0,2045,2045,2045,2045,2048,2048
106218,IDLE,-0.04,-0.06,180.09,0.03,0.30,0.07,-0.0910,-0.0910,-0.0910,-0.0910,0.07,-0.05,0.00,26.712134,84.305101,52.0,2030,2030,2030,2030,2048,2048
106244,IDLE,-0.04,-0.05,180.09,0.19,0.11,0.05,-0.0660,-0.0660,-0.0660,-0.0660,0.07,-0.05,0.00,26.712134,84.305101,52.0,2035,2035,2035,2035,2048,2048
106264,IDLE,-0.03,-0.05,180.09,0.28,-0.01,0.06,-0.0787,-0.0787,-0.0787,-0.0787,0.07,-0.05,0.00,26.712134,84.305101,52.0,2032,2032,2032,2032,2048,2048
106292,IDLE,-0.02,-0.05,180.09,0.27,0.01,0.12,-0.1512,-0.1512,-0.1512,-0.1512,0.07,-0.04,0.00,26.712134,84.305101,52.0,2018,2018,2018,2018,2048,2048
106318,IDLE,-0.02,-0.04,180.10,0.28,0.09,0.25,-0.3092,-0.3092,-0.3092,-0.3092,0.07,-0.04,0.00,26.712134,84.305101,52.0,1986,1986,1986,1986,2048,2048
106338,IDLE,-0.01,-0.04,180.10,0.33,0.07,0.16,-0.1999,-0.1999,-0.1999,-0.1999,0.07,-0.04,0.00,26.712134,84.305101,52.0,2008,2008,2008,2008,2048,2048
106366,IDLE,-0.00,-0.03,180.10,0.28,0.14,0.06,-0.0792,-0.0792,-0.0792,-0.0792,0.07,-0.04,0.00,26.712134,84.305101,52.0,2032,2032,2032,2032,2048,2048
106387,IDLE,0.01,-0.03,180.10,0.37,0.08,0.11,-0.1410,-0.1410,-0.1410,-0.1410,0.07,-0.03,0.00,26.712134,84.305101,52.0,2020,2020,2020,2020,2048,2048
106411,IDLE,0.01,-0.03,180.10,0.26,0.01,0.10,-0.1298,-0.1298,-0.1298,-0.1298,0.07,-0.02,0.00,26.712134,84.305101,52.0,2022,2022,2022,2022,2048,2048
106434,IDLE,0.02,-0.02,180.10,0.29,0.03,0.01,-0.0144,-0.0144,-0.0144,-0.0144,0.07,-0.02,0.00,26.712134,84.305101,52.0,2045,2045,2045,2045,2048,2048
106460,IDLE,0.02,-0.02,180.10,0.20,0.09,0.00,-0.0066,-0.0066,-0.0066,-0.0066,0.06,-0.03,0.00,26.712134,84.305101,52.0,2047,2047,2047,2047,2048,2048
106479,IDLE,0.02,-0.02,180.10,0.02,-0.04,-0.15,0.1807,0.1807,0.1807,0.1807,0.06,-0.03,0.00,26.712134,84.305101,52.0,2084,2084,2084,2084,2048,2048
106514,IDLE,0.02,-0.02,180.09,-0.07,0.17,-0.19,0.2346,0.2346,0.2346,0.2346,0.07,-0.01,0.00,26.712134,84.305101,52.0,2095,2095,2095,2095,2048,2048
106542,IDLE,0.02,-0.01,180.09,-0.10,0.27,-0.19,0.2242,0.2242,0.2242,0.2242,0.07,0.00,0.00,26.712134,84.305101,52.0,2093,2093,2093,2093,2048,2048
106563,IDLE,0.02,-0.00,180.08,-0.05,0.17,-0.28,0.3454,0.3454,0.3454,0.3454,0.07,-0.00,0.00,26.712134,84.305101,52.0,2117,2117,2117,2117,2048,2048
106588,IDLE,0.02,-0.00,180.07,0.07,0.04,-0.31,0.3789,0.3789,0.3789,0.3789,0.07,-0.01,0.00,26.712134,84.305101,52.0,2124,2124,2124,2124,2048,2048
106606,IDLE,0.02,-0.00,180.07,0.01,-0.05,-0.15,0.1797,0.1797,0.1797,0.1797,0.06,-0.01,0.00,26.712134,84.305101,52.0,2084,2084,2084,2084,2048,2048
106633,IDLE,0.02,-0.01,180.06,-0.07,-0.11,-0.11,0.1340,0.1340,0.1340,0.1340,0.06,-0.02,0.00,26.712134,84.305101,52.0,2075,2075,2075,2075,2048,2048
106654,IDLE,0.02,-0.01,180.06,-0.00,-0.24,-0.16,0.1944,0.1944,0.1944,0.1944,0.06,-0.02,0.00,26.712134,84.305101,52.0,2087,2087,2087,2087,2048,2048
106678,IDLE,0.01,-0.01,180.06,-0.08,-0.19,-0.15,0.1892,0.1892,0.1892,0.1892,0.06,-0.02,0.00,26.712134,84.305101,52.0,2086,2086,2086,2086,2048,2048
106701,IDLE,0.01,-0.02,180.05,-0.21,-0.16,-0.12,0.1571,0.1571,0.1571,0.1571,0.06,-0.02,0.00,26.712134,84.305101,52.0,2079,2079,2079,2079,2048,2048
106727,IDLE,0.00,-0.02,180.05,-0.34,0.03,0.01,-0.0052,-0.0052,-0.0052,-0.0052,0.06,-0.01,0.00,26.712134,84.305101,52.0,2047,2047,2047,2047,2048,2048
106746,IDLE,-0.01,-0.01,180.05,-0.44,0.02,-0.07,0.1002,0.1002,0.1002,0.1002,0.06,-0.00,0.00,26.712134,84.305101,52.0,2068,2068,2068,2068,2048,2048
106774,IDLE,-0.02,-0.01,180.05,-0.42,-0.06,0.07,-0.0724,-0.0724,-0.0724,-0.0724,0.06,0.01,0.00,26.712134,84.305101,52.0,2034,2034,2034,2034,2048,2048
106795,IDLE,-0.03,-0.02,180.06,-0.50,-0.08,0.13,-0.1407,-0.1407,-0.1407,-0.1407,0.07,0.01,0.00,26.712134,84.305101,52.0,2020,2020,2020,2020,2048,2048
106819,IDLE,-0.03,-0.02,180.06,-0.16,-0.05,0.19,-0.2291,-0.2291,-0.2291,-0.2291,0.07,0.02,0.00,26.712134,84.305101,52.0,2002,2002,2002,2002,2048,2048
106842,IDLE,-0.03,-0.02,180.06,-0.10,-0.05,0.06,-0.0743,-0.0743,-0.0743,-0.0743,0.07,0.01,0.00,26.712134,84.305101,52.0,2033,2033,2033,2033,2048,2048
106867,IDLE,-0.03,-0.02,180.06,0.03,-0.10,0.11,-0.1332,-0.1332,-0.1332,-0.1332,0.07,0.00,0.00,26.712134,84.305101,52.0,2021,2021,2021,2021,2048,2048
106886,IDLE,-0.02,-0.02,180.06,0.18,-0.11,0.09,-0.1074,-0.1074,-0.1074,-0.1074,0.06,-0.01,0.00,26.712134,84.305101,52.0,2027,2027,2027,2027,2048,2048
106913,IDLE,-0.01,-0.02,180.06,0.32,-0.16,-0.12,0.1368,0.1368,0.1368,0.1368,0.06,-0.02,0.00,26.712134,84.305101,52.0,2075,2075,2075,2075,2048,2048
106934,IDLE,-0.01,-0.02,180.06,0.10,0.00,-0.14,0.1726,0.1726,0.1726,0.1726,0.06,-0.04,0.00,26.712134,84.305101,52.0,2083,2083,2083,2083,2048,2048
106957,IDLE,-0.01,-0.02,180.05,0.16,-0.25,-0.18,0.2233,0.2233,0.2233,0.2233,0.06,-0.06,0.00,26.712134,84.305101,52.0,2093,2093,2093,2093,2048,2048
106980,IDLE,-0.00,-0.02,180.05,0.12,-0.15,-0.11,0.1354,0.1354,0.1354,0.1354,0.06,-0.06,0.00,26.712134,84.305101,52.0,2075,2075,2075,2075,2048,2048
107006,IDLE,0.00,-0.03,180.05,0.16,-0.10,-0.04,0.0463,0.0463,0.0463,0.0463,0.05,-0.06,0.00,26.712133,84.305101,52.0,2057,2057,2057,2057,2048,2048
107025,IDLE,0.01,-0.03,180.05,0.17,-0.22,-0.09,0.1151,0.1151,0.1151,0.1151,0.05,-0.05,0.00,26.712133,84.305101,M,2071,2071,2071,2071,2048,2048
107053,IDLE,0.01,-0.03,180.04,0.26,-0.36,-0.16,0.1960,0.1960,0.1960,0.1960,0.05,-0.05,0.00,26.712133,84.305101,M,2087,2087,2087,2087,2048,2048
107074,IDLE,0.02,-0.04,180.04,0.14,-0.39,-0.18,0.2247,0.2247,0.2247,0.2247,0.05,-0.04,0.00,26.712133,84.305101,M,2093,2093,2093,2093,2048,2048
107100,IDLE,0.02,-0.05,180.03,0.18,-0.33,-0.23,0.2849,0.2849,0.2849,0.2849,0.05,-0.03,0.00,26.712133,84.305101,M,2105,2105,2105,2105,2048,2048
107118,IDLE,0.03,-0.05,180.03,0.28,-0.21,-0.18,0.2112,0.2112,0.2112,0.2112,0.05,-0.03,0.00,26.712133,84.305101,M,2090,2090,2090,2090,2048,2048
107146,IDLE,0.03,-0.05,180.02,0.20,-0.23,-0.12,0.1429,0.1429,0.1429,0.1429,0.05,-0.03,0.00,26.712133,84.305101,M,2077,2077,2077,2077,2048,2048
107168,IDLE,0.04,-0.06,180.02,0.32,-0.37,-0.07,0.0893,0.0893,0.0893,0.0893,0.05,-0.03,0.00,26.712133,84.305101,M,2066,2066,2066,2066,2048,2048
107193,IDLE,0.04,-0.06,180.02,0.23,-0.27,-0.11,0.1361,0.1361,0.1361,0.1361,0.05,-0.04,0.00,26.712133,84.305101,M,2075,2075,2075,2075,2048,2048
107212,IDLE,0.04,-0.07,180.02,0.08,-0.28,-0.15,0.1889,0.1889,0.1889,0.1889,0.05,-0.06,0.00,26.712133,84.305101,M,2086,2086,2086,2086,2048,2048
107240,IDLE,0.05,-0.07,180.01,0.15,-0.28,-0.18,0.2238,0.2238,0.2238,0.2238,0.05,-0.07,0.00,26.712133,84.305101,M,2093,2093,2093,2093,2048,2048
107261,IDLE,0.04,-0.07,180.01,-0.19,-0.13,-0.05,0.0675,0.0675,0.0675,0.0675,0.04,-0.07,0.00,26.712133,84.305101,M,2061,2061,2061,2061,2048,2048
107294,IDLE,0.03,-0.07,180.01,-0.12,-0.06,-0.06,0.0785,0.0785,0.0785,0.0785,0.04,-0.08,0.00,26.712133,84.305101,M,2064,2064,2064,2064,2048,2048
107320,IDLE,0.03,-0.07,180.01,-0.15,-0.06,0.07,-0.0766,-0.0766,-0.0766,-0.0766,0.04,-0.08,0.00,26.712133,84.305101,M,2033,2033,2033,2033,2048,2048
107339,IDLE,0.03,-0.07,180.01,-0.01,0.04,0.06,-0.0781,-0.0781,-0.0781,-0.0781,0.04,-0.07,0.00,26.712133,84.305101,M,2032,2032,2032,2032,2048,2048
107366,IDLE,0.03,-0.07,180.02,0.08,-0.01,0.16,-0.2015,-0.2015,-0.2015,-0.2015,0.04,-0.07,0.00,26.712133,84.305101,M,2008,2008,2008,2008,2048,2048
107388,IDLE,0.03,-0.07,180.02,0.18,-0.10,0.20,-0.2433,-0.2433,-0.2433,-0.2433,0.04,-0.05,0.00,26.712133,84.305101,M,1999,1999,1999,1999,2048,2048
107412,IDLE,0.03,-0.07,180.02,0.15,-0.21,0.04,-0.0505,-0.0505,-0.0505,-0.0505,0.04,-0.04,0.00,26.712133,84.305101,M,2038,2038,2038,2038,2048,2048
107430,IDLE,0.03,-0.07,180.02,0.17,-0.29,0.03,-0.0370,-0.0370,-0.0370,-0.0370,0.04,-0.03,0.00,26.712133,84.305101,M,2041,2041,2041,2041,2048,2048
107457,IDLE,0.04,-0.08,180.02,0.21,-0.38,0.05,-0.0593,-0.0593,-0.0593,-0.0593,0.04,-0.02,0.00,26.712133,84.305101,M,2036,2036,2036,2036,2048,2048
107477,IDLE,0.04,-0.08,180.02,0.26,-0.27,0.03,-0.0363,-0.0363,-0.0363,-0.0363,0.04,-0.02,0.00,26.712133,84.305101,M,2041,2041,2041,2041,2048,2048
107501,IDLE,0.04,-0.08,180.02,0.25,-0.22,-0.04,0.0466,0.0466,0.0466,0.0466,0.04,-0.01,0.00,26.712133,84.305101,M,2057,2057,2057,2057,2048,2048
107523,IDLE,0.05,-0.08,180.02,0.28,-0.20,-0.05,0.0561,0.0561,0.0561,0.0561,0.04,-0.01,0.00,26.712133,84.305101,M,2059,2059,2059,2059,2048,2048
107549,IDLE,0.05,-0.08,180.02,0.14,-0.16,0.11,-0.1357,-0.1357,-0.1357,-0.1357,0.04,-0.00,0.00,26.712133,84.305101,M,2021,2021,2021,2021,2048,2048
107569,IDLE,0.06,-0.09,180.03,0.21,-0.33,0.14,-0.1646,-0.1646,-0.1646,-0.1646,0.04,0.01,0.00,26.712133,84.305101,M,2015,2015,2015,2015,2048,2048
107592,IDLE,0.06,-0.09,180.03,0.18,-0.24,0.14,-0.1747,-0.1747,-0.1747,-0.1747,0.04,0.02,0.00,26.712133,84.305101,M,2013,2013,2013,2013,2048,2048
107614,IDLE,0.06,-0.09,180.03,0.17,-0.14,0.06,-0.0708,-0.0708,-0.0708,-0.0708,0.04,0.02,0.00,26.712133,84.305101,M,2034,2034,2034,2034,2048,2048
107639,IDLE,0.07,-0.09,180.03,0.28,-0.13,0.05,-0.0662,-0.0662,-0.0662,-0.0662,0.04,0.02,0.00,26.712133,84.305101,M,2035,2035,2035,2035,2048,2048
107658,IDLE,0.07,-0.09,180.03,0.18,-0.08,0.08,-0.0979,-0.0979,-0.0979,-0.0979,0.05,0.03,0.00,26.712133,84.305101,M,2028,2028,2028,2028,2048,2048
107686,IDLE,0.07,-0.08,180.03,0.17,-0.06,0.11,-0.1392,-0.1392,-0.1392,-0.1392,0.05,0.04,0.00,26.712133,84.305101,M,2020,2020,2020,2020,2048,2048
107707,IDLE,0.07,-0.08,180.04,0.06,0.15,0.08,-0.0961,-0.0961,-0.0961,-0.0961,0.05,0.03,0.00,26.712133,84.305101,M,2029,2029,2029,2029,2048,2048
107732,IDLE,0.07,-0.07,180.04,0.14,0.14,0.03,-0.0473,-0.0473,-0.0473,-0.0473,0.05,0.02,0.00,26.712133,84.305101,M,2039,2039,2039,2039,2048,2048
107750,IDLE,0.07,-0.07,180.04,0.04,0.02,0.07,-0.0921,-0.0921,-0.0921,-0.0921,0.05,0.03,0.00,26.712133,84.305101,M,2030,2030,2030,2030,2048,2048
107777,IDLE,0.07,-0.07,180.04,0.15,-0.15,-0.02,0.0183,0.0183,0.0183,0.0183,0.05,0.03,0.00,26.712133,84.305101,M,2052,2052,2052,2052,2048,2048
107798,IDLE,0.07,-0.07,180.04,0.20,-0.09,-0.06,0.0679,0.0679,0.0679,0.0679,0.05,0.03,0.00,26.712133,84.305101,M,2062,2062,2062,2062,2048,2048
107823,IDLE,0.07,-0.07,180.04,-0.01,0.09,0.01,-0.0110,-0.0110,-0.0110,-0.0110,0.05,0.03,0.00,26.712133,84.305101,M,2046,2046,2046,2046,2048,2048
107841,IDLE,0.06,-0.06,180.04,-0.07,0.13,-0.02,0.0236,0.0236,0.0236,0.0236,0.05,0.03,0.00,26.712133,84.305101,M,2053,2053,2053,2053,2048,2048
107868,IDLE,0.06,-0.06,180.04,-0.07,-0.03,0.07,-0.0864,-0.0864,-0.0864,-0.0864,0.05,0.02,0.00,26.712133,84.305101,M,2031,2031,2031,2031,2048,2048
107889,IDLE,0.05,-0.06,180.04,-0.14,0.02,0.09,-0.1103,-0.1103,-0.1103,-0.1103,0.05,0.01,0.00,26.712133,84.305101,M,2026,2026,2026,2026,2048,2048
107914,IDLE,0.05,-0.06,180.04,-0.07,0.01,0.22,-0.2655,-0.2655,-0.2655,-0.2655,0.05,-0.00,0.00,26.712133,84.305101,M,1995,1995,1995,1995,2048,2048
107937,IDLE,0.04,-0.05,180.05,-0.08,0.03,0.15,-0.1772,-0.1772,-0.1772,-0.1772,0.05,-0.01,0.00,26.712133,84.305101,M,2013,2013,2013,2013,2048,2048
107964,IDLE,0.04,-0.05,180.05,-0.14,0.01,-0.02,0.0292,0.0292,0.0292,0.0292,0.05,-0.01,0.00,26.712133,84.305101,M,2054,2054,2054,2054,2048,2048
107984,IDLE,0.03,-0.05,180.04,-0.17,-0.12,-0.03,0.0409,0.0409,0.0409,0.0409,0.04,-0.03,0.00,26.712133,84.305101,M,2056,2056,2056,2056,2048,2048
108007,IDLE,0.03,-0.05,180.04,-0.12,-0.13,-0.04,0.0560,0.0560,0.0560,0.0560,0.04,-0.03,0.00,26.712133,84.305101,M,2059,2059,2059,2059,2048,2048
108030,IDLE,0.02,-0.05,180.04,-0.19,-0.03,0.00,0.0003,0.0003,0.0003,0.0003,0.04,-0.03,0.00,26.712133,84.305101,M,2048,2048,2048,2048,2048,2048
108056,IDLE,0.02,-0.05,180.05,-0.17,0.04,0.11,-0.1261,-0.1261,-0.1261,-0.1261,0.04,-0.02,0.00,26.712133,84.305101,51.8,2023,2023,2023,2023,2048,2048
108076,IDLE,0.02,-0.05,180.05,-0.13,-0.01,0.13,-0.1519,-0.1519,-0.1519,-0.1519,0.04,-0.01,0.00,26.712133,84.305101,51.8,2018,2018,2018,2018,2048,2048
108105,IDLE,0.01,-0.05,180.05,-0.15,-0.05,0.08,-0.0907,-0.0907,-0.0907,-0.0907,0.05,-0.00,0.00,26.712133,84.305101,51.8,2030,2030,2030,2030,2048,2048
108131,IDLE,0.01,-0.05,180.05,-0.14,-0.03,0.10,-0.1236,-0.1236,-0.1236,-0.1236,0.05,0.01,0.00,26.712133,84.305101,51.8,2023,2023,2023,2023,2048,2048
108151,IDLE,0.01,-0.05,180.06,-0.02,-0.11,0.20,-0.2429,-0.2429,-0.2429,-0.2429,0.05,0.01,0.00,26.712133,84.305101,51.8,1999,1999,1999,1999,2048,2048
108179,IDLE,0.01,-0.05,180.06,0.15,-0.17,0.02,-0.0308,-0.0308,-0.0308,-0.0308,0.05,0.03,0.00,26.712133,84.305101,51.8,2042,2042,2042,2042,2048,2048
108200,IDLE,0.01,-0.05,180.05,0.11,-0.16,-0.07,0.0884,0.0884,0.0884,0.0884,0.05,0.04,0.00,26.712133,84.305101,51.8,2066,2066,2066,2066,2048,2048
108225,IDLE,0.02,-0.05,180.05,0.22,-0.08,-0.02,0.0245,0.0245,0.0245,0.0245,0.05,0.04,0.00,26.712133,84.305101,51.8,2053,2053,2053,2053,2048,2048
108243,IDLE,0.02,-0.05,180.05,0.25,-0.10,0.01,-0.0149,-0.0149,-0.0149,-0.0149,0.05,0.05,0.00,26.712133,84.305101,51.8,2045,2045,2045,2045,2048,2048
108270,IDLE,0.03,-0.05,180.06,0.36,-0.09,0.24,-0.2959,-0.2959,-0.2959,-0.2959,0.05,0.05,0.00,26.712133,84.305101,51.8,1989,1989,1989,1989,2048,2048
108290,IDLE,0.03,-0.04,180.06,0.20,0.13,0.19,-0.2360,-0.2360,-0.2360,-0.2360,0.06,0.06,0.00,26.712133,84.305101,51.8,2001,2001,2001,2001,2048,2048
108313,IDLE,0.03,-0.04,180.06,0.15,0.08,0.14,-0.1800,-0.1800,-0.1800,-0.1800,0.06,0.06,0.00,26.712133,84.305101,51.8,2012,2012,2012,2012,2048,2048
108335,IDLE,0.03,-0.04,180.07,0.04,-0.01,0.16,-0.2011,-0.2011,-0.2011,-0.2011,0.06,0.06,0.00,26.712133,84.305101,51.8,2008,2008,2008,2008,2048,2048
108360,IDLE,0.03,-0.03,180.07,0.04,0.02,0.03,-0.0432,-0.0432,-0.0432,-0.0432,0.06,0.05,0.00,26.712133,84.305101,51.8,2039,2039,2039,2039,2048,2048
108379,IDLE,0.04,-0.03,180.07,0.27,0.03,-0.03,0.0305,0.0305,0.0305,0.0305,0.06,0.06,0.00,26.712133,84.305101,51.8,2054,2054,2054,2054,2048,2048
108406,IDLE,0.04,-0.03,180.07,0.30,0.03,-0.08,0.0960,0.0960,0.0960,0.0960,0.06,0.06,0.00,26.712133,84.305101,51.8,2067,2067,2067,2067,2048,2048
108427,IDLE,0.04,-0.02,180.07,0.09,0.04,0.04,-0.0516,-0.0516,-0.0516,-0.0516,0.06,0.05,0.00,26.712133,84.305101,51.8,2038,2038,2038,2038,2048,2048
108451,IDLE,0.04,-0.03,180.07,0.07,-0.11,0.15,-0.1793,-0.1793,-0.1793,-0.1793,0.06,0.04,0.00,26.712133,84.305101,51.8,2012,2012,2012,2012,2048,2048
108483,IDLE,0.04,-0.02,180.07,0.09,-0.01,0.18,-0.2176,-0.2176,-0.2176,-0.2176,0.06,0.04,0.00,26.712133,84.305101,51.8,2004,2004,2004,2004,2048,2048
108511,IDLE,0.04,-0.02,180.08,0.02,0.05,0.08,-0.1004,-0.1004,-0.1004,-0.1004,0.06,0.04,0.00,26.712133,84.305101,51.8,2028,2028,2028,2028,2048,2048
108532,IDLE,0.04,-0.01,180.08,0.03,0.16,0.02,-0.0238,-0.0238,-0.0238,-0.0238,0.06,0.02,0.00,26.712133,84.305101,51.8,2043,2043,2043,2043,2048,2048
108557,IDLE,0.04,-0.01,180.07,0.19,0.04,-0.03,0.0257,0.0257,0.0257,0.0257,0.06,0.01,0.00,26.712133,84.305101,51.8,2053,2053,2053,2053,2048,2048
108575,IDLE,0.04,-0.01,180.08,0.09,0.00,0.04,-0.0526,-0.0526,-0.0526,-0.0526,0.06,0.01,0.00,26.712133,84.305101,51.8,2037,2037,2037,2037,2048,2048
108602,IDLE,0.04,-0.01,180.08,0.18,0.03,0.03,-0.0426,-0.0426,-0.0426,-0.0426,0.06,0.00,0.00,26.712133,84.305101,51.8,2039,2039,2039,2039,2048,2048
108622,IDLE,0.05,-0.01,180.07,0.33,-0.10,-0.02,0.0225,0.0225,0.0225,0.0225,0.06,-0.00,0.00,26.712133,84.305101,51.8,2053,2053,2053,2053,2048,2048
108645,IDLE,0.05,-0.01,180.07,0.26,-0.02,-0.02,0.0164,0.0164,0.0164,0.0164,0.06,-0.00,0.00,26.712133,84.305101,51.8,2051,2051,2051,2051,2048,2048
108668,IDLE,0.05,-0.00,180.07,0.10,0.12,-0.15,0.1790,0.1790,0.1790,0.1790,0.06,-0.00,0.00,26.712133,84.305101,51.8,2084,2084,2084,2084,2048,2048
108693,IDLE,0.05,-0.00,180.06,0.12,-0.05,-0.21,0.2543,0.2543,0.2543,0.2543,0.06,-0.00,0.00,26.712133,84.305101,51.8,2099,2099,2099,2099,2048,2048
108712,IDLE,0.05,-0.00,180.06,-0.13,0.04,-0.10,0.1231,0.1231,0.1231,0.1231,0.06,-0.00,0.00,26.712133,84.305101,51.8,2073,2073,2073,2073,2048,2048
108740,IDLE,0.04,-0.00,180.06,-0.11,-0.01,-0.08,0.1016,0.1016,0.1016,0.1016,0.06,-0.00,0.00,26.712133,84.305101,51.8,2068,2068,2068,2068,2048,2048
108762,IDLE,0.04,-0.01,180.06,0.06,-0.18,0.03,-0.0359,-0.0359,-0.0359,-0.0359,0.06,0.00,0.00,26.712133,84.305101,51.8,2041,2041,2041,2041,2048,2048
108786,IDLE,0.04,-0.01,180.06,0.11,-0.19,0.11,-0.1310,-0.1310,-0.1310,-0.1310,0.06,0.01,0.00,26.712133,84.305101,51.8,2022,2022,2022,2022,2048,2048
108810,IDLE,0.04,-0.02,180.07,0.04,-0.17,0.22,-0.2708,-0.2708,-0.2708,-0.2708,0.06,-0.03,0.00,26.712133,84.305101,51.8,1994,1994,1994,1994,2048,2048
108836,IDLE,0.04,-0.02,180.07,0.15,-0.15,0.18,-0.2167,-0.2167,-0.2167,-0.2167,0.06,-0.05,0.00,26.712133,84.305101,51.8,2005,2005,2005,2005,2048,2048
108856,IDLE,0.04,-0.02,180.07,0.10,-0.17,0.01,-0.0061,-0.0061,-0.0061,-0.0061,0.05,-0.07,0.00,26.712133,84.305101,51.8,2047,2047,2047,2047,2048,2048
108884,IDLE,0.05,-0.03,180.07,0.20,-0.36,-0.07,0.0820,0.0820,0.0820,0.0820,0.05,-0.08,0.00,26.712133,84.305101,51.8,2064,2064,2064,2064,2048,2048
108911,IDLE,0.05,-0.03,180.06,0.30,-0.33,-0.12,0.1488,0.1488,0.1488,0.1488,0.05,-0.09,0.00,26.712133,84.305101,51.8,2078,2078,2078,2078,2048,2048
108930,IDLE,0.06,-0.04,180.06,0.31,-0.37,0.01,-0.0124,-0.0124,-0.0124,-0.0124,0.05,-0.09,0.00,26.712133,84.305101,51.8,2046,2046,2046,2046,2048,2048
108959,IDLE,0.07,-0.04,180.06,0.34,-0.22,-0.04,0.0485,0.0485,0.0485,0.0485,0.05,-0.08,0.00,26.712133,84.305101,51.8,2058,2058,2058,2058,2048,2048
108985,IDLE,0.07,-0.04,180.06,0.24,-0.17,-0.13,0.1608,0.1608,0.1608,0.1608,0.05,-0.06,0.00,26.712133,84.305101,51.8,2080,2080,2080,2080,2048,2048
109006,IDLE,0.07,-0.04,180.05,0.12,-0.06,-0.16,0.1875,0.1875,0.1875,0.1875,0.04,-0.06,0.00,26.712133,84.305101,51.8,2085,2085,2085,2085,2048,2048
109029,IDLE,0.07,-0.04,180.05,0.18,-0.14,-0.19,0.2266,0.2266,0.2266,0.2266,0.04,-0.05,0.00,26.712132,84.305101,51.8,2093,2093,2093,2093,2048,2048
109052,IDLE,0.07,-0.05,180.04,0.14,-0.10,-0.22,0.2668,0.2668,0.2668,0.2668,0.04,-0.05,0.00,26.712132,84.305101,51.8,2101,2101,2101,2101,2048,2048
109077,IDLE,0.07,-0.04,180.04,-0.10,0.04,-0.18,0.2241,0.2241,0.2241,0.2241,0.04,-0.05,0.00,26.712132,84.305101,51.8,2093,2093,2093,2093,2048,2048
109096,IDLE,0.06,-0.04,180.04,-0.15,-0.06,-0.16,0.2025,0.2025,0.2025,0.2025,0.04,-0.04,0.00,26.712132,84.305101,51.8,2089,2089,2089,2089,2048,2048
109124,IDLE,0.06,-0.04,180.03,-0.14,-0.17,-0.12,0.1579,0.1579,0.1579,0.1579,0.04,-0.03,0.00,26.712132,84.305101,51.8,2080,2080,2080,2080,2048,2048
109146,IDLE,0.06,-0.05,180.03,0.07,-0.12,-0.14,0.1689,0.1689,0.1689,0.1689,0.04,-0.03,0.00,26.712132,84.305101,51.8,2082,2082,2082,2082,2048,2048
109170,IDLE,0.05,-0.05,180.03,-0.03,-0.08,-0.08,0.0972,0.0972,0.0972,0.0972,0.04,-0.02,0.00,26.712132,84.305101,51.8,2067,2067,2067,2067,2048,2048
109193,IDLE,0.05,-0.05,180.03,0.04,-0.20,-0.02,0.0244,0.0244,0.0244,0.0244,0.04,-0.01,0.00,26.712132,84.305101,51.8,2053,2053,2053,2053,2048,2048
109220,IDLE,0.05,-0.05,180.02,0.09,-0.22,-0.09,0.1079,0.1079,0.1079,0.1079,0.04,-0.01,0.00,26.712132,84.305101,51.8,2070,2070,2070,2070,2048,2048
109240,IDLE,0.05,-0.05,180.02,-0.04,-0.16,-0.11,0.1353,0.1353,0.1353,0.1353,0.04,-0.02,0.00,26.712132,84.305101,51.8,2075,2075,2075,2075,2048,2048
109264,IDLE,0.05,-0.05,180.02,0.11,-0.23,0.04,-0.0488,-0.0488,-0.0488,-0.0488,0.04,-0.02,0.00,26.712132,84.305101,51.8,2038,2038,2038,2038,2048,2048
109293,IDLE,0.05,-0.06,180.03,0.14,-0.27,0.22,-0.2685,-0.2685,-0.2685,-0.2685,0.04,-0.01,0.00,26.712132,84.305101,51.8,1994,1994,1994,1994,2048,2048
109320,IDLE,0.05,-0.06,180.03,0.12,-0.15,0.24,-0.2913,-0.2913,-0.2913,-0.2913,0.04,-0.01,0.00,26.712132,84.305101,51.8,1990,1990,1990,1990,2048,2048
109341,IDLE,0.06,-0.06,180.04,0.31,-0.19,0.26,-0.3177,-0.3177,-0.3177,-0.3177,0.04,-0.02,0.00,26.712132,84.305101,51.8,1984,1984,1984,1984,2048,2048
109364,IDLE,0.06,-0.06,180.05,0.32,-0.14,0.39,-0.4860,-0.4860,-0.4860,-0.4860,0.04,-0.02,0.00,26.712132,84.305101,51.8,1951,1951,1951,1951,2048,2048
109386,IDLE,0.07,-0.06,180.05,0.18,-0.14,0.27,-0.3306,-0.3306,-0.3306,-0.3306,0.04,-0.03,0.00,26.712132,84.305101,51.8,1982,1982,1982,1982,2048,2048
109411,IDLE,0.07,-0.07,180.06,0.18,-0.17,0.33,-0.3989,-0.3989,-0.3989,-0.3989,0.04,-0.03,0.00,26.712132,84.305101,51.8,1968,1968,1968,1968,2048,2048
109434,IDLE,0.08,-0.07,180.07,0.38,-0.33,0.38,-0.4675,-0.4675,-0.4675,-0.4675,0.04,-0.03,0.00,26.712132,84.305101,51.8,1954,1954,1954,1954,2048,2048
109461,IDLE,0.08,-0.07,180.08,0.38,-0.24,0.38,-0.4661,-0.4661,-0.4661,-0.4661,0.04,-0.04,0.00,26.712132,84.305101,51.8,1955,1955,1955,1955,2048,2048
109481,IDLE,0.09,-0.07,180.09,0.45,-0.27,0.33,-0.4080,-0.4080,-0.4080,-0.4080,0.04,-0.03,0.00,26.712132,84.305101,51.8,1966,1966,1966,1966,2048,2048
109509,IDLE,0.10,-0.08,180.09,0.38,-0.32,0.13,-0.1589,-0.1589,-0.1589,-0.1589,0.03,-0.03,0.00,26.712132,84.305101,51.8,2016,2016,2016,2016,2048,2048
109536,IDLE,0.11,-0.08,180.09,0.58,-0.44,0.10,-0.1248,-0.1248,-0.1248,-0.1248,0.03,-0.03,0.00,26.712132,84.305101,51.8,2023,2023,2023,2023,2048,2048
109556,IDLE,0.12,-0.09,180.09,0.57,-0.47,0.17,-0.2167,-0.2167,-0.2167,-0.2167,0.03,-0.03,0.00,26.712132,84.305101,51.8,2005,2005,2005,2005,2048,2048
109584,IDLE,0.13,-0.10,180.10,0.51,-0.56,0.20,-0.2466,-0.2466,-0.2466,-0.2466,0.03,-0.02,0.00,26.712132,84.305101,51.8,1999,1999,1999,1999,2048,2048
109610,IDLE,0.14,-0.11,180.10,0.48,-0.51,0.01,-0.0108,-0.0108,-0.0108,-0.0108,0.03,-0.01,0.00,26.712132,84.305101,51.8,2046,2046,2046,2046,2048,2048
109630,IDLE,0.14,-0.12,180.10,0.30,-0.51,0.08,-0.1008,-0.1008,-0.1008,-0.1008,0.04,0.01,0.00,26.712132,84.305101,51.8,2028,2028,2028,2028,2048,2048
109658,IDLE,0.15,-0.12,180.10,0.27,-0.49,0.14,-0.1696,-0.1696,-0.1696,-0.1696,0.04,0.02,0.00,26.712132,84.305101,51.8,2014,2014,2014,2014,2048,2048
109679,IDLE,0.15,-0.13,180.11,0.32,-0.47,0.18,-0.2177,-0.2177,-0.2177,-0.2177,0.04,0.03,0.00,26.712132,84.305101,51.8,2004,2004,2004,2004,2048,2048
109704,IDLE,0.15,-0.13,180.11,0.37,-0.34,0.20,-0.2464,-0.2464,-0.2464,-0.2464,0.04,0.02,0.00,26.712132,84.305101,51.8,1999,1999,1999,1999,2048,2048
109727,IDLE,0.16,-0.14,180.11,0.49,-0.48,0.11,-0.1389,-0.1389,-0.1389,-0.1389,0.04,0.02,0.00,26.712132,84.305101,51.8,2020,2020,2020,2020,2048,2048
109753,IDLE,0.17,-0.15,180.12,0.40,-0.50,0.21,-0.2555,-0.2555,-0.2555,-0.2555,0.04,0.01,0.00,26.712132,84.305101,51.8,1997,1997,1997,1997,2048,2048
109773,IDLE,0.17,-0.16,180.12,0.35,-0.59,0.28,-0.3333,-0.3333,-0.3333,-0.3333,0.04,0.01,0.00,26.712132,84.305101,51.8,1981,1981,1981,1981,2048,2048
109801,IDLE,0.17,-0.16,180.13,0.41,-0.50,0.22,-0.2667,-0.2667,-0.2667,-0.2667,0.04,0.02,0.00,26.712132,84.305101,51.8,1995,1995,1995,1995,2048,2048
109827,IDLE,0.18,-0.17,180.13,0.56,-0.47,0.15,-0.1852,-0.1852,-0.1852,-0.1852,0.04,0.02,0.00,26.712132,84.305101,51.8,2011,2011,2011,2011,2048,2048
109847,IDLE,0.20,-0.17,180.13,0.70,-0.38,0.01,-0.0174,-0.0174,-0.0174,-0.0174,0.04,0.02,0.00,26.712132,84.305101,51.8,2045,2045,2045,2045,2048,2048
109875,IDLE,0.20,-0.17,180.13,0.51,-0.21,-0.02,0.0120,0.0120,0.0120,0.0120,0.05,0.06,0.00,26.712132,84.305101,51.8,2050,2050,2050,2050,2048,2048
109902,IDLE,0.21,-0.17,180.13,0.47,-0.12,-0.01,0.0068,0.0068,0.0068,0.0068,0.05,0.08,0.00,26.712132,84.305101,51.8,2049,2049,2049,2049,2048,2048
109922,IDLE,0.21,-0.17,180.12,0.32,-0.16,0.03,-0.0404,-0.0404,-0.0404,-0.0404,0.05,0.10,0.00,26.712132,84.305101,51.8,2040,2040,2040,2040,2048,2048
109945,IDLE,0.21,-0.17,180.13,0.16,-0.02,0.11,-0.1339,-0.1339,-0.1339,-0.1339,0.05,0.10,0.00,26.712132,84.305101,51.8,2021,2021,2021,2021,2048,2048
109967,IDLE,0.21,-0.16,180.13,0.21,-0.04,0.13,-0.1655,-0.1655,-0.1655,-0.1655,0.06,0.10,0.00,26.712132,84.305101,51.8,2015,2015,2015,2015,2048,2048
109993,IDLE,0.21,-0.16,180.13,0.29,-0.24,-0.02,0.0168,0.0168,0.0168,0.0168,0.06,0.09,0.00,26.712132,84.305101,51.8,2051,2051,2051,2051,2048,2048
110011,IDLE,0.21,-0.16,180.13,0.26,-0.21,-0.06,0.0752,0.0752,0.0752,0.0752,0.06,0.10,0.00,26.712132,84.305101,51.8,2063,2063,2063,2063,2048,2048
110039,IDLE,0.21,-0.16,180.12,0.29,-0.26,-0.09,0.1130,0.1130,0.1130,0.1130,0.06,0.10,0.00,26.712132,84.305101,51.8,2071,2071,2071,2071,2048,2048
110060,IDLE,0.21,-0.16,180.12,0.26,-0.22,-0.03,0.0388,0.0388,0.0388,0.0388,0.06,0.10,0.00,26.712132,84.305100,51.8,2056,2056,2056,2056,2048,2048
110084,IDLE,0.21,-0.16,180.12,0.12,-0.16,-0.08,0.1007,0.1007,0.1007,0.1007,0.07,0.10,0.00,26.712132,84.305100,51.8,2068,2068,2068,2068,2048,2048
110102,IDLE,0.21,-0.16,180.11,0.08,-0.07,-0.10,0.1270,0.1270,0.1270,0.1270,0.07,0.10,0.00,26.712132,84.305100,51.8,2073,2073,2073,2073,2048,2048
110129,IDLE,0.20,-0.15,180.11,0.11,-0.14,-0.00,0.0032,0.0032,0.0032,0.0032,0.07,0.09,0.00,26.712132,84.305100,51.8,2049,2049,2049,2049,2048,2048
110149,IDLE,0.20,-0.15,180.11,-0.03,-0.02,-0.10,0.1221,0.1221,0.1221,0.1221,0.07,0.10,0.00,26.712132,84.305100,51.8,2072,2072,2072,2072,2048,2048
110173,IDLE,0.19,-0.14,180.11,0.03,-0.08,-0.08,0.0999,0.0999,0.0999,0.0999,0.07,0.10,0.00,26.712132,84.305100,51.8,2068,2068,2068,2068,2048,2048
110196,IDLE,0.19,-0.14,180.10,0.04,-0.08,-0.22,0.2699,0.2699,0.2699,0.2699,0.08,0.10,0.00,26.712132,84.305100,51.8,2102,2102,2102,2102,2048,2048
110222,IDLE,0.18,-0.14,180.09,0.10,-0.09,-0.38,0.4672,0.4672,0.4672,0.4672,0.08,0.10,0.00,26.712132,84.305100,51.8,2141,2141,2141,2141,2048,2048
110241,IDLE,0.18,-0.13,180.09,-0.08,0.02,-0.16,0.1964,0.1964,0.1964,0.1964,0.08,0.09,0.00,26.712132,84.305100,51.8,2087,2087,2087,2087,2048,2048
110265,IDLE,0.17,-0.13,180.09,-0.05,-0.08,-0.12,0.1463,0.1463,0.1463,0.1463,0.08,0.09,0.00,26.712132,84.305100,51.8,2077,2077,2077,2077,2048,2048
110286,IDLE,0.16,-0.13,180.08,-0.10,-0.11,-0.06,0.0769,0.0769,0.0769,0.0769,0.08,0.08,0.00,26.712132,84.305100,51.8,2063,2063,2063,2063,2048,2048
110312,IDLE,0.16,-0.13,180.08,-0.18,-0.02,-0.10,0.1215,0.1215,0.1215,0.1215,0.08,0.08,0.00,26.712132,84.305100,51.8,2072,2072,2072,2072,2048,2048
110330,IDLE,0.15,-0.12,180.07,-0.08,-0.01,-0.24,0.2913,0.2913,0.2913,0.2913,0.08,0.08,0.00,26.712132,84.305100,51.8,2106,2106,2106,2106,2048,2048
110358,IDLE,0.14,-0.12,180.06,-0.08,-0.00,-0.49,0.6017,0.6017,0.6017,0.6017,0.09,0.08,0.00,26.712132,84.305100,51.8,2168,2168,2168,2168,2048,2048
110379,IDLE,0.14,-0.11,180.06,-0.09,0.03,-0.31,0.3764,0.3764,0.3764,0.3764,0.09,0.07,0.00,26.712132,84.305100,51.8,2123,2123,2123,2123,2048,2048
110403,IDLE,0.13,-0.11,180.05,-0.02,-0.03,-0.23,0.2856,0.2856,0.2856,0.2856,0.09,0.06,0.00,26.712132,84.305100,51.8,2105,2105,2105,2105,2048,2048
110426,IDLE,0.13,-0.11,180.05,0.08,-0.16,-0.15,0.1862,0.1862,0.1862,0.1862,0.09,0.05,0.00,26.712132,84.305100,51.8,2085,2085,2085,2085,2048,2048
110453,IDLE,0.13,-0.12,180.04,0.24,-0.28,-0.08,0.1022,0.1022,0.1022,0.1022,0.09,0.04,0.00,26.712132,84.305100,51.8,2068,2068,2068,2068,2048,2048
110473,IDLE,0.13,-0.12,180.04,0.27,-0.26,-0.11,0.1277,0.1277,0.1277,0.1277,0.09,0.03,0.00,26.712132,84.305100,51.8,2074,2074,2074,2074,2048,2048
110507,IDLE,0.13,-0.13,180.03,0.11,-0.29,-0.20,0.2420,0.2420,0.2420,0.2420,0.09,0.02,0.00,26.712132,84.305100,51.8,2096,2096,2096,2096,2048,2048
110530,IDLE,0.13,-0.13,180.03,-0.12,-0.17,-0.21,0.2562,0.2562,0.2562,0.2562,0.09,0.01,0.00,26.712132,84.305100,51.8,2099,2099,2099,2099,2048,2048
110553,IDLE,0.12,-0.13,180.03,-0.25,-0.13,-0.14,0.1807,0.1807,0.1807,0.1807,0.08,-0.01,0.00,26.712132,84.305100,51.8,2084,2084,2084,2084,2048,2048
110579,IDLE,0.11,-0.13,180.02,-0.10,-0.19,-0.13,0.1611,0.1611,0.1611,0.1611,0.08,-0.02,0.00,26.712132,84.305100,51.8,2080,2080,2080,2080,2048,2048
110598,IDLE,0.10,-0.12,180.02,-0.22,-0.09,-0.05,0.0737,0.0737,0.0737,0.0737,0.08,-0.04,0.00,26.712132,84.305100,51.8,2063,2063,2063,2063,2048,2048
110626,IDLE,0.10,-0.12,180.02,-0.10,0.01,-0.02,0.0282,0.0282,0.0282,0.0282,0.08,-0.05,0.00,26.712132,84.305100,51.8,2054,2054,2054,2054,2048,2048
110648,IDLE,0.09,-0.12,180.02,-0.11,0.01,0.05,-0.0608,-0.0608,-0.0608,-0.0608,0.08,-0.04,0.00,26.712132,84.305100,51.8,2036,2036,2036,2036,2048,2048
110672,IDLE,0.09,-0.11,180.02,-0.03,0.05,-0.14,0.1659,0.1659,0.1659,0.1659,0.08,-0.04,0.00,26.712132,84.305100,51.8,2081,2081,2081,2081,2048,2048
110696,IDLE,0.08,-0.10,180.01,-0.15,0.21,-0.29,0.3520,0.3520,0.3520,0.3520,0.08,-0.04,0.00,26.712132,84.305100,51.8,2118,2118,2118,2118,2048,2048
110722,IDLE,0.07,-0.10,180.01,-0.20,0.22,-0.22,0.2728,0.2728,0.2728,0.2728,0.08,-0.04,0.00,26.712132,84.305100,51.8,2103,2103,2103,2103,2048,2048
110742,IDLE,0.07,-0.09,180.00,-0.13,0.08,-0.04,0.0458,0.0458,0.0458,0.0458,0.08,-0.05,0.00,26.712132,84.305100,51.8,2057,2057,2057,2057,2048,2048
110766,IDLE,0.06,-0.09,180.00,-0.22,0.04,-0.09,0.1104,0.1104,0.1104,0.1104,0.07,-0.05,0.00,26.712132,84.305100,51.8,2070,2070,2070,2070,2048,2048
110788,IDLE,0.06,-0.09,180.00,-0.26,-0.05,0.01,-0.0072,-0.0072,-0.0072,-0.0072,0.07,-0.05,0.00,26.712132,84.305100,51.8,2047,2047,2047,2047,2048,2048
110814,IDLE,0.05,-0.09,180.00,-0.29,-0.09,-0.03,0.0439,0.0439,0.0439,0.0439,0.07,-0.05,0.00,26.712132,84.305100,51.8,2057,2057,2057,2057,2048,2048
110833,IDLE,0.04,-0.08,180.00,-0.18,-0.13,0.05,-0.0492,-0.0492,-0.0492,-0.0492,0.07,-0.04,0.00,26.712132,84.305100,51.8,2038,2038,2038,2038,2048,2048
110860,IDLE,0.04,-0.09,180.00,-0.12,-0.16,0.04,-0.0395,-0.0395,-0.0395,-0.0395,0.07,-0.04,0.00,26.712132,84.305100,51.8,2040,2040,2040,2040,2048,2048
110881,IDLE,0.04,-0.09,180.00,-0.04,-0.29,-0.06,0.0853,0.0853,0.0853,0.0853,0.07,-0.04,0.00,26.712132,84.305100,51.8,2065,2065,2065,2065,2048,2048
110904,IDLE,0.04,-0.09,180.00,0.20,-0.34,-0.06,0.0700,0.0700,0.0700,0.0700,0.07,-0.04,0.00,26.712132,84.305100,51.8,2062,2062,2062,2062,2048,2048
110926,IDLE,0.04,-0.09,180.00,0.08,-0.21,-0.19,0.2286,0.2286,0.2286,0.2286,0.07,-0.05,0.00,26.712132,84.305100,51.8,2094,2094,2094,2094,2048,2048
110952,IDLE,0.04,-0.09,179.99,0.07,-0.16,-0.11,0.1401,0.1401,0.1401,0.1401,0.07,-0.05,0.00,26.712132,84.305100,51.8,2076,2076,2076,2076,2048,2048
110971,IDLE,0.05,-0.09,179.99,0.04,-0.06,-0.17,0.2028,0.2028,0.2028,0.2028,0.07,-0.05,0.00,26.712132,84.305100,51.8,2089,2089,2089,2089,2048,2048
110999,IDLE,0.05,-0.09,179.99,0.08,-0.13,-0.24,0.2986,0.2986,0.2986,0.2986,0.07,-0.05,0.00,26.712132,84.305100,51.8,2108,2108,2108,2108,2048,2048
111020,IDLE,0.05,-0.09,179.98,-0.02,-0.06,-0.17,0.2064,0.2064,0.2064,0.2064,0.06,-0.06,0.00,26.712132,84.305100,51.8,2089,2089,2089,2089,2048,2048
111045,IDLE,0.04,-0.09,179.98,-0.13,-0.01,-0.05,0.0650,0.0650,0.0650,0.0650,0.06,-0.06,0.00,26.712132,84.305100,51.8,2061,2061,2061,2061,2048,2048
111069,IDLE,0.04,-0.08,179.98,-0.21,0.05,-0.03,0.0406,0.0406,0.0406,0.0406,0.06,-0.06,0.00,26.712131,84.305101,51.8,2056,2056,2056,2056,2048,2048
111095,IDLE,0.04,-0.08,179.98,-0.14,-0.06,0.04,-0.0384,-0.0384,-0.0384,-0.0384,0.06,-0.06,0.00,26.712131,84.305101,51.8,2040,2040,2040,2040,2048,2048
111115,IDLE,0.03,-0.08,179.98,-0.23,-0.07,0.10,-0.1207,-0.1207,-0.1207,-0.1207,0.06,-0.04,0.00,26.712131,84.305101,51.8,2024,2024,2024,2024,2048,2048
111144,IDLE,0.03,-0.08,179.98,-0.13,-0.02,0.05,-0.0516,-0.0516,-0.0516,-0.0516,0.06,-0.04,0.00,26.712131,84.305101,51.8,2038,2038,2038,2038,2048,2048
111171,IDLE,0.03,-0.08,179.99,-0.07,-0.10,0.04,-0.0413,-0.0413,-0.0413,-0.0413,0.06,-0.03,0.00,26.712131,84.305101,51.8,2040,2040,2040,2040,2048,2048
111190,IDLE,0.02,-0.08,179.99,-0.00,-0.14,0.11,-0.1351,-0.1351,-0.1351,-0.1351,0.06,-0.06,0.00,26.712131,84.305101,51.8,2021,2021,2021,2021,2048,2048
111219,IDLE,0.02,-0.08,179.99,-0.03,-0.19,0.17,-0.2081,-0.2081,-0.2081,-0.2081,0.05,-0.09,0.00,26.712131,84.305101,51.8,2006,2006,2006,2006,2048,2048
111245,IDLE,0.02,-0.08,180.00,-0.23,-0.10,0.12,-0.1397,-0.1397,-0.1397,-0.1397,0.05,-0.10,0.00,26.712131,84.305101,51.8,2020,2020,2020,2020,2048,2048
111264,IDLE,0.01,-0.08,179.99,-0.26,-0.02,-0.03,0.0458,0.0458,0.0458,0.0458,0.05,-0.10,0.00,26.712131,84.305101,51.8,2057,2057,2057,2057,2048,2048
111299,IDLE,0.00,-0.08,179.99,-0.33,-0.06,-0.02,0.0335,0.0335,0.0335,0.0335,0.05,-0.08,0.00,26.712131,84.305101,51.8,2055,2055,2055,2055,2048,2048
111327,IDLE,-0.01,-0.08,180.00,-0.38,-0.11,0.04,-0.0327,-0.0327,-0.0327,-0.0327,0.05,-0.06,0.00,26.712131,84.305101,51.8,2041,2041,2041,2041,2048,2048
111349,IDLE,-0.02,-0.07,180.00,-0.44,-0.09,0.11,-0.1249,-0.1249,-0.1249,-0.1249,0.05,-0.06,0.00,26.712131,84.305101,51.8,2023,2023,2023,2023,2048,2048
111373,IDLE,-0.03,-0.07,180.00,-0.44,-0.05,0.12,-0.1407,-0.1407,-0.1407,-0.1407,0.05,-0.05,0.00,26.712131,84.305101,51.8,2020,2020,2020,2020,2048,2048
111395,IDLE,-0.04,-0.07,180.00,-0.29,0.00,0.05,-0.0591,-0.0591,-0.0591,-0.0591,0.04,-0.05,0.00,26.712131,84.305101,51.8,2036,2036,2036,2036,2048,2048
111421,IDLE,-0.04,-0.07,180.00,-0.07,-0.10,0.05,-0.0528,-0.0528,-0.0528,-0.0528,0.04,-0.05,0.00,26.712131,84.305101,51.8,2037,2037,2037,2037,2048,2048
111439,IDLE,-0.04,-0.06,180.01,-0.23,-0.02,0.20,-0.2335,-0.2335,-0.2335,-0.2335,0.05,-0.02,0.00,26.712131,84.305101,51.8,2001,2001,2001,2001,2048,2048
111466,IDLE,-0.04,-0.06,180.01,-0.22,-0.11,0.30,-0.3636,-0.3636,-0.3636,-0.3636,0.05,-0.01,0.00,26.712131,84.305101,51.8,1975,1975,1975,1975,2048,2048
111486,IDLE,-0.05,-0.06,180.02,-0.11,-0.12,0.10,-0.1170,-0.1170,-0.1170,-0.1170,0.05,0.01,0.00,26.712131,84.305101,51.8,2025,2025,2025,2025,2048,2048
111514,IDLE,-0.05,-0.06,180.02,-0.19,-0.15,-0.03,0.0459,0.0459,0.0459,0.0459,0.05,0.03,0.00,26.712131,84.305101,51.8,2057,2057,2057,2057,2048,2048
111540,IDLE,-0.05,-0.06,180.02,-0.24,-0.06,0.02,-0.0167,-0.0167,-0.0167,-0.0167,0.05,0.04,0.00,26.712131,84.305101,51.8,2045,2045,2045,2045,2048,2048
111560,IDLE,-0.05,-0.06,180.02,-0.06,-0.10,0.07,-0.0875,-0.0875,-0.0875,-0.0875,0.05,0.04,0.00,26.712131,84.305101,51.8,2030,2030,2030,2030,2048,2048
111588,IDLE,-0.06,-0.06,180.02,-0.29,0.01,0.16,-0.1947,-0.1947,-0.1947,-0.1947,0.05,0.03,0.00,26.712131,84.305101,51.8,2009,2009,2009,2009,2048,2048
111609,IDLE,-0.06,-0.06,180.02,-0.21,-0.14,0.05,-0.0560,-0.0560,-0.0560,-0.0560,0.05,0.03,0.00,26.712131,84.305101,51.8,2037,2037,2037,2037,2048,2048
111633,IDLE,-0.06,-0.06,180.02,0.02,-0.21,0.02,-0.0243,-0.0243,-0.0243,-0.0243,0.05,0.02,0.00,26.712131,84.305101,51.8,2043,2043,2043,2043,2048,2048
111656,IDLE,-0.05,-0.06,180.02,0.17,-0.19,0.01,-0.0144,-0.0144,-0.0144,-0.0144,0.05,0.02,0.00,26.712131,84.305101,51.8,2045,2045,2045,2045,2048,2048
111682,IDLE,-0.05,-0.06,180.02,0.01,-0.10,-0.05,0.0671,0.0671,0.0671,0.0671,0.05,0.02,0.00,26.712131,84.305101,51.8,2061,2061,2061,2061,2048,2048
111701,IDLE,-0.05,-0.06,180.02,-0.03,-0.07,-0.11,0.1311,0.1311,0.1311,0.1311,0.05,0.02,0.00,26.712131,84.305101,51.8,2074,2074,2074,2074,2048,2048
111729,IDLE,-0.05,-0.06,180.02,0.15,-0.10,-0.06,0.0682,0.0682,0.0682,0.0682,0.05,0.02,0.00,26.712131,84.305101,51.8,2062,2062,2062,2062,2048,2048
111750,IDLE,-0.05,-0.06,180.02,0.01,-0.04,-0.05,0.0676,0.0676,0.0676,0.0676,0.06,0.03,0.00,26.712131,84.305101,51.8,2062,2062,2062,2062,2048,2048
111774,IDLE,-0.04,-0.06,180.02,-0.03,-0.03,0.00,0.0007,0.0007,0.0007,0.0007,0.06,0.03,0.00,26.712131,84.305101,51.8,2048,2048,2048,2048,2048,2048
111798,IDLE,-0.04,-0.06,180.02,0.04,-0.09,0.04,-0.0423,-0.0423,-0.0423,-0.0423,0.06,0.03,0.00,26.712131,84.305101,51.8,2040,2040,2040,2040,2048,2048
111824,IDLE,-0.04,-0.06,180.02,0.11,-0.20,-0.07,0.0881,0.0881,0.0881,0.0881,0.06,0.03,0.00,26.712131,84.305101,51.8,2066,2066,2066,2066,2048,2048
111844,IDLE,-0.03,-0.06,180.01,0.25,-0.33,-0.11,0.1375,0.1375,0.1375,0.1375,0.06,0.02,0.00,26.712131,84.305101,51.8,2076,2076,2076,2076,2048,2048
111868,IDLE,-0.03,-0.07,180.01,0.18,-0.40,-0.15,0.1894,0.1894,0.1894,0.1894,0.06,0.01,0.00,26.712131,84.305101,51.8,2086,2086,2086,2086,2048,2048
111890,IDLE,-0.02,-0.07,180.01,0.08,-0.33,-0.09,0.1198,0.1198,0.1198,0.1198,0.06,0.01,0.00,26.712131,84.305101,51.8,2072,2072,2072,2072,2048,2048
111915,IDLE,-0.02,-0.07,180.01,0.05,-0.31,0.04,-0.0409,-0.0409,-0.0409,-0.0409,0.06,0.01,0.00,26.712131,84.305101,51.8,2040,2040,2040,2040,2048,2048
111934,IDLE,-0.02,-0.08,180.01,0.18,-0.19,0.06,-0.0794,-0.0794,-0.0794,-0.0794,0.06,-0.00,0.00,26.712131,84.305101,51.8,2032,2032,2032,2032,2048,2048
111961,IDLE,-0.01,-0.08,180.01,0.17,-0.21,0.02,-0.0249,-0.0249,-0.0249,-0.0249,0.06,-0.01,0.00,26.712131,84.305101,51.8,2043,2043,2043,2043,2048,2048
111982,IDLE,-0.01,-0.08,180.01,0.08,-0.03,0.05,-0.0605,-0.0605,-0.0605,-0.0605,0.06,-0.00,0.00,26.712131,84.305101,51.8,2036,2036,2036,2036,2048,2048
112005,IDLE,-0.01,-0.07,180.01,-0.00,-0.10,0.17,-0.2070,-0.2070,-0.2070,-0.2070,0.06,-0.00,0.00,26.712131,84.305101,51.8,2007,2007,2007,2007,2048,2048
112027,IDLE,-0.01,-0.07,180.02,-0.04,-0.13,0.12,-0.1437,-0.1437,-0.1437,-0.1437,0.05,-0.02,0.00,26.712131,84.305101,51.8,2019,2019,2019,2019,2048,2048
112052,IDLE,-0.01,-0.07,180.02,-0.01,-0.06,0.00,-0.0038,-0.0038,-0.0038,-0.0038,0.05,-0.02,0.00,26.712131,84.305101,51.8,2047,2047,2047,2047,2048,2048
112075,IDLE,-0.01,-0.08,180.01,0.09,-0.27,-0.16,0.1942,0.1942,0.1942,0.1942,0.05,-0.02,0.00,26.712131,84.305101,51.8,2087,2087,2087,2087,2048,2048
112102,IDLE,-0.00,-0.07,180.01,0.11,-0.03,-0.12,0.1475,0.1475,0.1475,0.1475,0.05,-0.02,0.00,26.712131,84.305101,51.8,2077,2077,2077,2077,2048,2048
112121,IDLE,-0.01,-0.07,180.01,-0.05,0.20,-0.09,0.1046,0.1046,0.1046,0.1046,0.05,-0.03,0.00,26.712131,84.305101,51.8,2069,2069,2069,2069,2048,2048
112150,IDLE,-0.01,-0.06,180.01,-0.09,0.19,-0.09,0.1075,0.1075,0.1075,0.1075,0.05,-0.03,0.00,26.712131,84.305101,51.8,2069,2069,2069,2069,2048,2048
112176,IDLE,-0.01,-0.05,180.00,-0.12,0.06,-0.16,0.1949,0.1949,0.1949,0.1949,0.05,-0.04,0.00,26.712131,84.305101,51.8,2087,2087,2087,2087,2048,2048
112196,IDLE,-0.01,-0.05,180.00,-0.06,-0.04,-0.15,0.1799,0.1799,0.1799,0.1799,0.05,-0.05,0.00,26.712131,84.305101,51.8,2084,2084,2084,2084,2048,2048
112220,IDLE,-0.01,-0.05,180.00,0.01,-0.04,0.02,-0.0218,-0.0218,-0.0218,-0.0218,0.05,-0.06,0.00,26.712131,84.305101,51.8,2044,2044,2044,2044,2048,2048
112241,IDLE,-0.02,-0.05,180.00,-0.27,0.06,0.01,-0.0105,-0.0105,-0.0105,-0.0105,0.04,-0.05,0.00,26.712131,84.305101,51.8,2046,2046,2046,2046,2048,2048
112266,IDLE,-0.02,-0.04,180.00,-0.32,0.14,0.13,-0.1484,-0.1484,-0.1484,-0.1484,0.04,-0.04,0.00,26.712131,84.305101,51.8,2018,2018,2018,2018,2048,2048
112290,IDLE,-0.03,-0.03,180.00,-0.34,0.27,0.11,-0.1291,-0.1291,-0.1291,-0.1291,0.04,-0.04,0.00,26.712131,84.305101,51.8,2022,2022,2022,2022,2048,2048
112316,IDLE,-0.04,-0.02,180.01,-0.27,0.23,0.17,-0.2087,-0.2087,-0.2087,-0.2087,0.04,-0.05,0.00,26.712131,84.305101,51.8,2006,2006,2006,2006,2048,2048
112336,IDLE,-0.04,-0.02,180.01,-0.21,0.03,0.20,-0.2424,-0.2424,-0.2424,-0.2424,0.04,-0.05,0.00,26.712131,84.305101,51.8,2000,2000,2000,2000,2048,2048
112364,IDLE,-0.05,-0.02,180.02,-0.23,-0.00,0.16,-0.1896,-0.1896,-0.1896,-0.1896,0.04,-0.05,0.00,26.712131,84.305101,51.8,2010,2010,2010,2010,2048,2048
112385,IDLE,-0.05,-0.02,180.02,-0.10,-0.07,0.29,-0.3466,-0.3466,-0.3466,-0.3466,0.04,-0.04,0.00,26.712131,84.305101,51.8,1979,1979,1979,1979,2048,2048
112409,IDLE,-0.05,-0.02,180.03,-0.02,-0.07,0.36,-0.4428,-0.4428,-0.4428,-0.4428,0.04,-0.04,0.00,26.712131,84.305101,51.8,1959,1959,1959,1959,2048,2048
112431,IDLE,-0.05,-0.02,180.04,-0.12,-0.14,0.30,-0.3569,-0.3569,-0.3569,-0.3569,0.04,-0.03,0.00,26.712131,84.305101,51.8,1977,1977,1977,1977,2048,2048
112457,IDLE,-0.05,-0.02,180.04,0.05,-0.15,0.23,-0.2740,-0.2740,-0.2740,-0.2740,0.04,-0.03,0.00,26.712131,84.305101,51.8,1993,1993,1993,1993,2048,2048
112475,IDLE,-0.05,-0.02,180.05,-0.03,-0.14,0.15,-0.1851,-0.1851,-0.1851,-0.1851,0.04,-0.01,0.00,26.712131,84.305101,51.8,2011,2011,2011,2011,2048,2048
112509,IDLE,-0.05,-0.03,180.04,-0.15,-0.17,-0.01,0.0190,0.0190,0.0190,0.0190,0.04,0.01,0.00,26.712131,84.305101,51.8,2052,2052,2052,2052,2048,2048
112536,IDLE,-0.05,-0.03,180.04,-0.03,-0.05,-0.00,0.0019,0.0019,0.0019,0.0019,0.04,0.02,0.00,26.712131,84.305101,51.8,2048,2048,2048,2048,2048,2048
112555,IDLE,-0.05,-0.02,180.05,-0.07,0.14,0.06,-0.0726,-0.0726,-0.0726,-0.0726,0.04,0.03,0.00,26.712131,84.305101,51.8,2033,2033,2033,2033,2048,2048
112584,IDLE,-0.05,-0.02,180.05,-0.22,0.07,0.01,-0.0125,-0.0125,-0.0125,-0.0125,0.05,0.05,0.00,26.712131,84.305101,51.8,2046,2046,2046,2046,2048,2048
112611,IDLE,-0.06,-0.01,180.05,-0.22,0.14,0.16,-0.1987,-0.1987,-0.1987,-0.1987,0.05,0.06,0.00,26.712131,84.305101,51.8,2008,2008,2008,2008,2048,2048
112630,IDLE,-0.06,-0.01,180.06,-0.24,0.05,0.36,-0.4399,-0.4399,-0.4399,-0.4399,0.05,0.06,0.00,26.712131,84.305101,51.8,1960,1960,1960,1960,2048,2048
112659,IDLE,-0.07,-0.01,180.07,-0.24,-0.01,0.32,-0.3861,-0.3861,-0.3861,-0.3861,0.05,0.05,0.00,26.712131,84.305101,51.8,1971,1971,1971,1971,2048,2048
112685,IDLE,-0.07,-0.00,180.07,-0.17,0.08,0.12,-0.1478,-0.1478,-0.1478,-0.1478,0.05,0.04,0.00,26.712131,84.305101,51.8,2018,2018,2018,2018,2048,2048
112705,IDLE,-0.08,0.00,180.07,-0.37,0.19,-0.01,0.0151,0.0151,0.0151,0.0151,0.05,0.04,0.00,26.712131,84.305101,51.8,2051,2051,2051,2051,2048,2048
112733,IDLE,-0.08,0.01,180.07,-0.33,0.19,0.04,-0.0447,-0.0447,-0.0447,-0.0447,0.05,0.05,0.00,26.712131,84.305101,51.8,2039,2039,2039,2039,2048,2048
112760,IDLE,-0.08,0.01,180.07,-0.16,0.05,0.13,-0.1531,-0.1531,-0.1531,-0.1531,0.06,0.06,0.00,26.712131,84.305101,51.8,2017,2017,2017,2017,2048,2048
112780,IDLE,-0.09,0.01,180.07,-0.40,0.13,0.12,-0.1451,-0.1451,-0.1451,-0.1451,0.06,0.06,0.00,26.712131,84.305101,51.8,2019,2019,2019,2019,2048,2048
112808,IDLE,-0.09,0.01,180.07,-0.15,-0.05,0.09,-0.1030,-0.1030,-0.1030,-0.1030,0.06,0.07,0.00,26.712131,84.305101,51.8,2027,2027,2027,2027,2048,2048
112835,IDLE,-0.09,0.01,180.08,-0.31,-0.11,0.19,-0.2234,-0.2234,-0.2234,-0.2234,0.06,0.07,0.00,26.712131,84.305101,51.8,2003,2003,2003,2003,2048,2048
112855,IDLE,-0.10,0.01,180.08,-0.25,-0.05,0.13,-0.1470,-0.1470,-0.1470,-0.1470,0.06,0.07,0.00,26.712131,84.305101,51.8,2019,2019,2019,2019,2048,2048
112883,IDLE,-0.10,0.01,180.08,-0.27,-0.08,0.13,-0.1485,-0.1485,-0.1485,-0.1485,0.06,0.07,0.00,26.712131,84.305101,51.8,2018,2018,2018,2018,2048,2048
112910,IDLE,-0.11,0.00,180.09,-0.28,-0.05,0.16,-0.1866,-0.1866,-0.1866,-0.1866,0.06,0.07,0.00,26.712131,84.305101,51.8,2011,2011,2011,2011,2048,2048
112929,IDLE,-0.11,0.00,180.09,-0.27,-0.11,0.16,-0.1833,-0.1833,-0.1833,-0.1833,0.06,0.06,0.00,26.712131,84.305101,51.8,2011,2011,2011,2011,2048,2048
112957,IDLE,-0.11,-0.00,180.09,-0.16,-0.24,0.16,-0.1934,-0.1934,-0.1934,-0.1934,0.06,0.05,0.00,26.712131,84.305101,51.8,2009,2009,2009,2009,2048,2048
112984,IDLE,-0.11,-0.01,180.10,-0.08,-0.21,0.23,-0.2749,-0.2749,-0.2749,-0.2749,0.07,0.04,0.00,26.712131,84.305101,51.8,1993,1993,1993,1993,2048,2048
113003,IDLE,-0.11,-0.01,180.10,-0.01,-0.14,0.17,-0.2074,-0.2074,-0.2074,-0.2074,0.06,0.02,0.00,26.712131,84.305101,51.8,2007,2007,2007,2007,2048,2048
113031,IDLE,-0.11,-0.01,180.11,-0.06,-0.12,0.19,-0.2306,-0.2306,-0.2306,-0.2306,0.06,0.01,0.00,26.712131,84.305101,51.8,2002,2002,2002,2002,2048,2048
113052,IDLE,-0.11,-0.01,180.11,-0.14,-0.13,0.30,-0.3578,-0.3578,-0.3578,-0.3578,0.06,0.01,0.00,26.712131,84.305101,51.8,1976,1976,1976,1976,2048,2048
113076,IDLE,-0.11,-0.01,180.12,-0.04,-0.11,0.30,-0.3595,-0.3595,-0.3595,-0.3595,0.06,0.02,0.00,26.712131,84.305101,51.8,1976,1976,1976,1976,2048,2048
113099,IDLE,-0.11,-0.00,180.12,-0.13,0.14,0.26,-0.3167,-0.3167,-0.3167,-0.3167,0.06,0.02,0.00,26.712130,84.305102,51.8,1985,1985,1985,1985,2048,2048
113124,IDLE,-0.11,-0.00,180.13,-0.24,0.06,0.33,-0.4015,-0.4015,-0.4015,-0.4015,0.07,0.03,0.00,26.712130,84.305102,51.8,1968,1968,1968,1968,2048,2048
113143,IDLE,-0.11,0.00,180.14,-0.25,0.04,0.39,-0.4660,-0.4660,-0.4660,-0.4660,0.07,0.03,0.00,26.712130,84.305102,51.8,1955,1955,1955,1955,2048,2048
113170,IDLE,-0.11,0.01,180.15,-0.15,0.07,0.45,-0.5446,-0.5446,-0.5446,-0.5446,0.07,0.03,0.00,26.712130,84.305102,51.8,1939,1939,1939,1939,2048,2048
113191,IDLE,-0.11,0.01,180.16,0.03,-0.01,0.36,-0.4352,-0.4352,-0.4352,-0.4352,0.07,0.02,0.00,26.712130,84.305102,51.8,1961,1961,1961,1961,2048,2048
113214,IDLE,-0.10,0.01,180.16,0.15,-0.09,0.16,-0.1983,-0.1983,-0.1983,-0.1983,0.07,0.02,0.00,26.712130,84.305102,51.8,2008,2008,2008,2008,2048,2048
113237,IDLE,-0.09,0.00,180.16,0.16,-0.18,0.18,-0.2173,-0.2173,-0.2173,-0.2173,0.07,0.01,0.00,26.712130,84.305102,51.8,2005,2005,2005,2005,2048,2048
113262,IDLE,-0.08,0.00,180.16,0.21,-0.26,0.08,-0.1027,-0.1027,-0.1027,-0.1027,0.07,0.00,0.00,26.712130,84.305102,51.8,2027,2027,2027,2027,2048,2048
113281,IDLE,-0.07,-0.00,180.16,0.25,-0.25,-0.01,0.0056,0.0056,0.0056,0.0056,0.07,0.00,0.00,26.712130,84.305102,51.8,2049,2049,2049,2049,2048,2048
113316,IDLE,-0.07,-0.00,180.16,-0.02,-0.09,0.16,-0.1980,-0.1980,-0.1980,-0.1980,0.07,0.01,0.00,26.712130,84.305102,51.8,2008,2008,2008,2008,2048,2048
113344,IDLE,-0.07,-0.00,180.17,0.08,-0.05,0.08,-0.1020,-0.1020,-0.1020,-0.1020,0.07,0.01,0.00,26.712130,84.305102,51.8,2028,2028,2028,2028,2048,2048
113364,IDLE,-0.06,-0.00,180.16,0.15,-0.05,0.00,-0.0064,-0.0064,-0.0064,-0.0064,0.07,0.00,0.00,26.712130,84.305102,51.8,2047,2047,2047,2047,2048,2048
113388,IDLE,-0.06,-0.00,180.16,0.20,0.02,0.02,-0.0321,-0.0321,-0.0321,-0.0321,0.07,-0.00,0.00,26.712130,84.305102,51.8,2042,2042,2042,2042,2048,2048
113411,IDLE,-0.05,0.00,180.16,0.05,0.05,0.01,-0.0092,-0.0092,-0.0092,-0.0092,0.06,-0.03,0.00,26.712130,84.305102,51.8,2046,2046,2046,2046,2048,2048
113436,IDLE,-0.05,0.00,180.16,0.01,-0.06,0.07,-0.0796,-0.0796,-0.0796,-0.0796,0.06,-0.04,0.00,26.712130,84.305102,51.8,2032,2032,2032,2032,2048,2048
113455,IDLE,-0.05,0.00,180.16,0.05,-0.12,-0.02,0.0286,0.0286,0.0286,0.0286,0.06,-0.06,0.00,26.712130,84.305102,51.8,2054,2054,2054,2054,2048,2048
113482,IDLE,-0.05,-0.00,180.16,-0.01,-0.09,-0.05,0.0592,0.0592,0.0592,0.0592,0.06,-0.07,0.00,26.712130,84.305102,51.8,2060,2060,2060,2060,2048,2048
113502,IDLE,-0.05,-0.00,180.16,-0.08,-0.09,-0.09,0.1145,0.1145,0.1145,0.1145,0.06,-0.06,0.00,26.712130,84.305102,51.8,2071,2071,2071,2071,2048,2048
113526,IDLE,-0.05,-0.00,180.15,-0.08,-0.04,-0.01,0.0107,0.0107,0.0107,0.0107,0.06,-0.06,0.00,26.712130,84.305102,51.8,2050,2050,2050,2050,2048,2048
113549,IDLE,-0.05,-0.01,180.15,-0.01,-0.18,-0.06,0.0720,0.0720,0.0720,0.0720,0.05,-0.06,0.00,26.712130,84.305102,51.8,2062,2062,2062,2062,2048,2048
113574,IDLE,-0.05,-0.01,180.15,-0.11,-0.18,-0.08,0.1077,0.1077,0.1077,0.1077,0.05,-0.06,0.00,26.712130,84.305102,51.8,2070,2070,2070,2070,2048,2048
113593,IDLE,-0.05,-0.01,180.15,-0.20,0.01,-0.04,0.0560,0.0560,0.0560,0.0560,0.05,-0.06,0.00,26.712130,84.305102,51.8,2059,2059,2059,2059,2048,2048
113621,IDLE,-0.06,-0.00,180.14,-0.26,0.02,-0.12,0.1536,0.1536,0.1536,0.1536,0.05,-0.06,0.00,26.712130,84.305102,51.8,2079,2079,2079,2079,2048,2048
113642,IDLE,-0.06,-0.01,180.14,-0.28,-0.13,-0.01,0.0256,0.0256,0.0256,0.0256,0.05,-0.07,0.00,26.712130,84.305102,51.8,2053,2053,2053,2053,2048,2048
113666,IDLE,-0.06,-0.01,180.14,-0.12,-0.16,0.07,-0.0766,-0.0766,-0.0766,-0.0766,0.05,-0.07,0.00,26.712130,84.305102,51.8,2033,2033,2033,2033,2048,2048
113689,IDLE,-0.06,-0.02,180.14,0.17,-0.25,0.09,-0.1102,-0.1102,-0.1102,-0.1102,0.05,-0.06,0.00,26.712130,84.305102,51.8,2026,2026,2026,2026,2048,2048
113714,IDLE,-0.05,-0.02,180.15,0.03,-0.32,0.15,-0.1732,-0.1732,-0.1732,-0.1732,0.05,-0.05,0.00,26.712130,84.305102,51.8,2013,2013,2013,2013,2048,2048
113733,IDLE,-0.05,-0.03,180.15,0.07,-0.24,0.12,-0.1463,-0.1463,-0.1463,-0.1463,0.05,-0.05,0.00,26.712130,84.305102,51.8,2019,2019,2019,2019,2048,2048
113761,IDLE,-0.04,-0.03,180.15,0.15,-0.18,-0.02,0.0203,0.0203,0.0203,0.0203,0.04,-0.05,0.00,26.712130,84.305102,51.8,2052,2052,2052,2052,2048,2048
113781,IDLE,-0.04,-0.03,180.15,0.00,-0.15,0.02,-0.0231,-0.0231,-0.0231,-0.0231,0.04,-0.06,0.00,26.712130,84.305102,51.8,2043,2043,2043,2043,2048,2048
113805,IDLE,-0.04,-0.03,180.15,0.23,-0.16,0.01,-0.0142,-0.0142,-0.0142,-0.0142,0.04,-0.06,0.00,26.712130,84.305102,51.8,2045,2045,2045,2045,2048,2048
113827,IDLE,-0.03,-0.04,180.14,0.25,-0.26,-0.18,0.2153,0.2153,0.2153,0.2153,0.04,-0.06,0.00,26.712130,84.305102,51.8,2091,2091,2091,2091,2048,2048
113852,IDLE,-0.03,-0.04,180.14,0.22,-0.27,-0.07,0.0862,0.0862,0.0862,0.0862,0.04,-0.05,0.00,26.712130,84.305102,51.8,2065,2065,2065,2065,2048,2048
113870,IDLE,-0.02,-0.05,180.13,0.24,-0.38,-0.15,0.1831,0.1831,0.1831,0.1831,0.04,-0.02,0.00,26.712130,84.305102,51.8,2085,2085,2085,2085,2048,2048
113897,IDLE,-0.01,-0.05,180.13,0.31,-0.34,-0.17,0.2066,0.2066,0.2066,0.2066,0.04,-0.00,0.00,26.712130,84.305102,51.8,2089,2089,2089,2089,2048,2048
113918,IDLE,-0.01,-0.06,180.12,0.24,-0.26,-0.21,0.2571,0.2571,0.2571,0.2571,0.04,0.01,0.00,26.712130,84.305102,51.8,2099,2099,2099,2099,2048,2048
113942,IDLE,-0.00,-0.06,180.12,0.15,-0.23,-0.18,0.2155,0.2155,0.2155,0.2155,0.05,0.02,0.00,26.712130,84.305102,51.8,2091,2091,2091,2091,2048,2048
113965,IDLE,-0.00,-0.06,180.11,0.04,-0.17,-0.16,0.1973,0.1973,0.1973,0.1973,0.05,0.04,0.00,26.712130,84.305102,51.8,2087,2087,2087,2087,2048,2048
113991,IDLE,0.00,-0.06,180.11,0.16,-0.21,-0.10,0.1201,0.1201,0.1201,0.1201,0.05,0.05,0.00,26.712130,84.305102,51.8,2072,2072,2072,2072,2048,2048
114010,IDLE,0.00,-0.07,180.11,0.02,-0.18,-0.10,0.1222,0.1222,0.1222,0.1222,0.05,0.06,0.00,26.712130,84.305102,51.8,2072,2072,2072,2072,2048,2048
114033,IDLE,0.00,-0.07,180.11,0.10,-0.20,0.01,-0.0079,-0.0079,-0.0079,-0.0079,0.05,0.07,0.00,26.712130,84.305102,51.8,2046,2046,2046,2046,2048,2048
114055,IDLE,0.01,-0.07,180.10,0.17,-0.31,-0.12,0.1456,0.1456,0.1456,0.1456,0.05,0.06,0.00,26.712130,84.305102,51.8,2077,2077,2077,2077,2048,2048
114080,IDLE,0.01,-0.08,180.10,0.23,-0.48,-0.17,0.2103,0.2103,0.2103,0.2103,0.06,0.06,0.00,26.712130,84.305102,51.8,2090,2090,2090,2090,2048,2048
114098,IDLE,0.01,-0.08,180.10,0.13,-0.29,-0.10,0.1258,0.1258,0.1258,0.1258,0.06,0.07,0.00,26.712129,84.305102,51.8,2073,2073,2073,2073,2048,2048
114126,IDLE,0.02,-0.09,180.09,0.20,-0.38,0.00,-0.0008,-0.0008,-0.0008,-0.0008,0.06,0.07,0.00,26.712129,84.305102,51.8,2048,2048,2048,2048,2048,2048
114147,IDLE,0.03,-0.10,180.09,0.32,-0.34,-0.09,0.1062,0.1062,0.1062,0.1062,0.06,0.07,0.00,26.712129,84.305102,51.8,2069,2069,2069,2069,2048,2048
114171,IDLE,0.03,-0.10,180.09,0.05,-0.18,0.01,-0.0136,-0.0136,-0.0136,-0.0136,0.06,0.07,0.00,26.712129,84.305102,51.8,2045,2045,2045,2045,2048,2048
114194,IDLE,0.03,-0.10,180.09,-0.06,-0.16,0.08,-0.0980,-0.0980,-0.0980,-0.0980,0.06,0.07,0.00,26.712129,84.305102,51.8,2028,2028,2028,2028,2048,2048
114220,IDLE,0.02,-0.10,180.10,-0.12,-0.16,0.16,-0.1928,-0.1928,-0.1928,-0.1928,0.07,0.07,0.00,26.712129,84.305102,51.8,2009,2009,2009,2009,2048,2048
114239,IDLE,0.02,-0.10,180.10,-0.22,-0.14,0.14,-0.1604,-0.1604,-0.1604,-0.1604,0.07,0.06,0.00,26.712129,84.305102,51.8,2016,2016,2016,2016,2048,2048
114267,IDLE,0.01,-0.10,180.10,-0.22,-0.24,0.03,-0.0333,-0.0333,-0.0333,-0.0333,0.07,0.05,0.00,26.712129,84.305102,51.8,2041,2041,2041,2041,2048,2048
114288,IDLE,0.01,-0.11,180.10,-0.11,-0.23,0.03,-0.0307,-0.0307,-0.0307,-0.0307,0.06,0.03,0.00,26.712129,84.305102,51.8,2042,2042,2042,2042,2048,2048
114313,IDLE,0.01,-0.11,180.10,-0.07,-0.21,0.05,-0.0517,-0.0517,-0.0517,-0.0517,0.06,0.02,0.00,26.712129,84.305102,51.8,2038,2038,2038,2038,2048,2048
114335,IDLE,0.01,-0.11,180.10,0.19,-0.26,0.00,-0.0011,-0.0011,-0.0011,-0.0011,0.06,-0.01,0.00,26.712129,84.305102,51.8,2048,2048,2048,2048,2048,2048
114361,IDLE,0.01,-0.11,180.10,0.11,-0.27,0.01,-0.0082,-0.0082,-0.0082,-0.0082,0.06,-0.02,0.00,26.712129,84.305102,51.8,2046,2046,2046,2046,2048,2048
114380,IDLE,0.01,-0.11,180.10,0.00,-0.11,0.08,-0.0932,-0.0932,-0.0932,-0.0932,0.06,-0.03,0.00,26.712129,84.305102,51.8,2029,2029,2029,2029,2048,2048
114408,IDLE,0.01,-0.11,180.10,0.16,-0.18,0.07,-0.0857,-0.0857,-0.0857,-0.0857,0.06,-0.04,0.00,26.712129,84.305102,51.8,2031,2031,2031,2031,2048,2048
114429,IDLE,0.02,-0.11,180.10,0.16,-0.23,0.07,-0.0802,-0.0802,-0.0802,-0.0802,0.06,-0.04,0.00,26.712129,84.305102,51.8,2032,2032,2032,2032,2048,2048
114453,IDLE,0.02,-0.11,180.10,0.32,-0.22,0.03,-0.0355,-0.0355,-0.0355,-0.0355,0.06,-0.04,0.00,26.712129,84.305102,51.8,2041,2041,2041,2041,2048,2048
114475,IDLE,0.03,-0.11,180.10,0.25,-0.18,0.09,-0.1149,-0.1149,-0.1149,-0.1149,0.06,-0.04,0.00,26.712129,84.305102,51.8,2025,2025,2025,2025,2048,2048
114509,IDLE,0.03,-0.11,180.10,0.14,-0.05,0.11,-0.1374,-0.1374,-0.1374,-0.1374,0.05,-0.05,0.00,26.712129,84.305102,51.8,2021,2021,2021,2021,2048,2048
114534,IDLE,0.04,-0.11,180.11,0.31,-0.14,0.11,-0.1428,-0.1428,-0.1428,-0.1428,0.05,-0.05,0.00,26.712129,84.305102,51.8,2019,2019,2019,2019,2048,2048
114553,IDLE,0.05,-0.11,180.11,0.51,-0.22,0.01,-0.0234,-0.0234,-0.0234,-0.0234,0.05,-0.06,0.00,26.712129,84.305102,51.8,2043,2043,2043,2043,2048,2048
114580,IDLE,0.06,-0.11,180.10,0.48,-0.06,-0.06,0.0604,0.0604,0.0604,0.0604,0.05,-0.06,0.00,26.712129,84.305102,51.8,2060,2060,2060,2060,2048,2048
114600,IDLE,0.06,-0.11,180.10,0.26,0.01,-0.08,0.0885,0.0885,0.0885,0.0885,0.05,-0.06,0.00,26.712129,84.305102,51.8,2066,2066,2066,2066,2048,2048
114624,IDLE,0.07,-0.10,180.10,0.23,-0.05,-0.05,0.0589,0.0589,0.0589,0.0589,0.05,-0.06,0.00,26.712129,84.305102,51.8,2060,2060,2060,2060,2048,2048
114647,IDLE,0.07,-0.10,180.10,0.10,0.03,0.01,-0.0090,-0.0090,-0.0090,-0.0090,0.05,-0.03,0.00,26.712129,84.305102,51.8,2046,2046,2046,2046,2048,2048
114673,IDLE,0.06,-0.09,180.10,-0.18,0.29,-0.02,0.0264,0.0264,0.0264,0.0264,0.05,-0.01,0.00,26.712129,84.305102,51.8,2053,2053,2053,2053,2048,2048
114692,IDLE,0.06,-0.08,180.10,-0.16,0.23,-0.10,0.1222,0.1222,0.1222,0.1222,0.05,0.01,0.00,26.712129,84.305102,51.8,2072,2072,2072,2072,2048,2048
114720,IDLE,0.05,-0.08,180.09,-0.04,0.18,-0.05,0.0566,0.0566,0.0566,0.0566,0.05,0.02,0.00,26.712129,84.305102,51.8,2059,2059,2059,2059,2048,2048
114741,IDLE,0.05,-0.07,180.09,-0.01,0.05,0.05,-0.0612,-0.0612,-0.0612,-0.0612,0.05,0.03,0.00,26.712129,84.305102,51.8,2036,2036,2036,2036,2048,2048
114766,IDLE,0.05,-0.07,180.09,-0.03,0.03,-0.01,0.0138,0.0138,0.0138,0.0138,0.05,0.03,0.00,26.712129,84.305102,51.8,2051,2051,2051,2051,2048,2048
114784,IDLE,0.04,-0.07,180.09,-0.14,-0.10,0.05,-0.0559,-0.0559,-0.0559,-0.0559,0.05,0.01,0.00,26.712129,84.305102,51.8,2037,2037,2037,2037,2048,2048
114811,IDLE,0.04,-0.07,180.09,-0.19,-0.10,0.07,-0.0786,-0.0786,-0.0786,-0.0786,0.05,0.01,0.00,26.712129,84.305102,51.8,2032,2032,2032,2032,2048,2048
114831,IDLE,0.04,-0.07,180.10,-0.04,-0.13,0.10,-0.1245,-0.1245,-0.1245,-0.1245,0.05,0.01,0.00,26.712129,84.305102,51.8,2023,2023,2023,2023,2048,2048
114855,IDLE,0.04,-0.06,180.10,0.18,-0.06,0.18,-0.2218,-0.2218,-0.2218,-0.2218,0.05,0.01,0.00,26.712129,84.305102,51.8,2004,2004,2004,2004,2048,2048
114876,IDLE,0.04,-0.06,180.10,0.01,-0.12,0.23,-0.2804,-0.2804,-0.2804,-0.2804,0.05,0.00,0.00,26.712129,84.305102,51.8,1992,1992,1992,1992,2048,2048
114902,IDLE,0.04,-0.06,180.11,0.06,-0.12,0.22,-0.2701,-0.2701,-0.2701,-0.2701,0.05,-0.00,0.00,26.712129,84.305102,51.8,1994,1994,1994,1994,2048,2048
114920,IDLE,0.04,-0.06,180.11,0.19,-0.06,0.23,-0.2799,-0.2799,-0.2799,-0.2799,0.05,-0.01,0.00,26.712129,84.305102,51.8,1992,1992,1992,1992,2048,2048
114947,IDLE,0.04,-0.06,180.12,0.08,-0.13,0.25,-0.3104,-0.3104,-0.3104,-0.3104,0.05,-0.02,0.00,26.712129,84.305102,51.8,1986,1986,1986,1986,2048,2048
114967,IDLE,0.04,-0.07,180.12,0.09,-0.21,0.30,-0.3663,-0.3663,-0.3663,-0.3663,0.05,-0.04,0.00,26.712129,84.305102,51.8,1975,1975,1975,1975,2048,2048
114995,IDLE,0.04,-0.07,180.13,0.01,-0.06,0.20,-0.2492,-0.2492,-0.2492,-0.2492,0.05,-0.06,0.00,26.712129,84.305102,51.8,1998,1998,1998,1998,2048,2048
115022,IDLE,0.03,-0.06,180.13,-0.30,0.10,0.22,-0.2666,-0.2666,-0.2666,-0.2666,0.04,-0.06,0.00,26.712129,84.305102,51.8,1995,1995,1995,1995,2048,2048
115042,IDLE,0.03,-0.06,180.14,-0.29,0.03,0.27,-0.3275,-0.3275,-0.3275,-0.3275,0.04,-0.07,0.00,26.712129,84.305102,51.8,1983,1983,1983,1983,2048,2048
115070,IDLE,0.02,-0.06,180.14,-0.25,-0.05,0.16,-0.1832,-0.1832,-0.1832,-0.1832,0.04,-0.07,0.00,26.712129,84.305102,51.8,2011,2011,2011,2011,2048,2048
115097,IDLE,0.02,-0.05,180.15,0.02,-0.06,0.15,-0.1873,-0.1873,-0.1873,-0.1873,0.04,-0.07,0.00,26.712129,84.305102,51.8,2011,2011,2011,2011,2048,2048
115116,IDLE,0.02,-0.06,180.15,0.01,-0.19,0.16,-0.1890,-0.1890,-0.1890,-0.1890,0.04,-0.04,0.00,26.712129,84.305102,51.8,2010,2010,2010,2010,2048,2048
115145,IDLE,0.02,-0.06,180.15,-0.08,-0.18,0.11,-0.1282,-0.1282,-0.1282,-0.1282,0.04,-0.01,0.00,26.712129,84.305102,M,2022,2022,2022,2022,2048,2048
115171,IDLE,0.02,-0.06,180.15,-0.06,-0.12,0.05,-0.0586,-0.0586,-0.0586,-0.0586,0.05,0.01,0.00,26.712129,84.305102,M,2036,2036,2036,2036,2048,2048
115191,IDLE,0.02,-0.06,180.15,-0.04,-0.19,0.08,-0.0992,-0.0992,-0.0992,-0.0992,0.05,0.01,0.00,26.712129,84.305102,M,2028,2028,2028,2028,2048,2048
115214,IDLE,0.01,-0.06,180.15,-0.18,-0.19,0.11,-0.1323,-0.1323,-0.1323,-0.1323,0.05,0.01,0.00,26.712129,84.305102,M,2022,2022,2022,2022,2048,2048
115236,IDLE,0.01,-0.06,180.15,-0.15,-0.15,0.14,-0.1623,-0.1623,-0.1623,-0.1623,0.05,0.02,0.00,26.712129,84.305102,M,2016,2016,2016,2016,2048,2048
115261,IDLE,0.00,-0.06,180.16,-0.32,0.01,0.10,-0.1100,-0.1100,-0.1100,-0.1100,0.05,0.03,0.00,26.712129,84.305102,M,2026,2026,2026,2026,2048,2048
115279,IDLE,-0.00,-0.06,180.16,-0.27,-0.07,0.15,-0.1817,-0.1817,-0.1817,-0.1817,0.05,0.04,0.00,26.712129,84.305102,M,2012,2012,2012,2012,2048,2048
115307,IDLE,-0.01,-0.06,180.16,-0.18,-0.15,0.17,-0.1984,-0.1984,-0.1984,-0.1984,0.05,0.05,0.00,26.712129,84.305102,M,2008,2008,2008,2008,2048,2048
115336,IDLE,-0.01,-0.06,180.16,-0.25,-0.26,0.07,-0.0765,-0.0765,-0.0765,-0.0765,0.05,0.04,0.00,26.712129,84.305102,M,2033,2033,2033,2033,2048,2048
115361,IDLE,-0.02,-0.06,180.16,-0.17,-0.08,0.13,-0.1508,-0.1508,-0.1508,-0.1508,0.05,0.04,0.00,26.712129,84.305102,M,2018,2018,2018,2018,2048,2048
115381,IDLE,-0.02,-0.06,180.16,-0.04,-0.10,-0.07,0.0891,0.0891,0.0891,0.0891,0.05,0.05,0.00,26.712129,84.305102,M,2066,2066,2066,2066,2048,2048
115409,IDLE,-0.02,-0.06,180.16,-0.01,-0.11,-0.13,0.1601,0.1601,0.1601,0.1601,0.06,0.05,0.00,26.712129,84.305102,M,2080,2080,2080,2080,2048,2048
115430,IDLE,-0.02,-0.06,180.15,-0.05,-0.05,-0.12,0.1461,0.1461,0.1461,0.1461,0.06,0.06,0.00,26.712129,84.305102,M,2077,2077,2077,2077,2048,2048
115455,IDLE,-0.02,-0.06,180.15,-0.17,0.01,-0.19,0.2347,0.2347,0.2347,0.2347,0.06,0.06,0.00,26.712129,84.305102,M,2095,2095,2095,2095,2048,2048
115474,IDLE,-0.03,-0.05,180.14,-0.24,0.01,-0.10,0.1214,0.1214,0.1214,0.1214,0.06,0.05,0.00,26.712129,84.305102,M,2072,2072,2072,2072,2048,2048
115501,IDLE,-0.03,-0.05,180.14,-0.14,-0.08,-0.11,0.1330,0.1330,0.1330,0.1330,0.06,0.04,0.00,26.712129,84.305102,M,2075,2075,2075,2075,2048,2048
115523,IDLE,-0.03,-0.05,180.14,-0.12,-0.05,-0.16,0.1983,0.1983,0.1983,0.1983,0.06,0.05,0.00,26.712129,84.305102,M,2088,2088,2088,2088,2048,2048
115547,IDLE,-0.03,-0.05,180.14,-0.13,0.06,0.05,-0.0600,-0.0600,-0.0600,-0.0600,0.06,0.05,0.00,26.712129,84.305102,M,2036,2036,2036,2036,2048,2048
115566,IDLE,-0.03,-0.05,180.14,0.06,-0.07,0.07,-0.0886,-0.0886,-0.0886,-0.0886,0.06,0.05,0.00,26.712129,84.305102,M,2030,2030,2030,2030,2048,2048
115593,IDLE,-0.03,-0.05,180.14,0.06,-0.17,-0.02,0.0318,0.0318,0.0318,0.0318,0.06,0.05,0.00,26.712129,84.305102,M,2054,2054,2054,2054,2048,2048
115614,IDLE,-0.03,-0.05,180.13,0.13,-0.29,0.01,-0.0155,-0.0155,-0.0155,-0.0155,0.06,0.03,0.00,26.712129,84.305102,M,2045,2045,2045,2045,2048,2048
115638,IDLE,-0.02,-0.06,180.13,0.12,-0.39,-0.03,0.0434,0.0434,0.0434,0.0434,0.06,0.02,0.00,26.712129,84.305102,M,2057,2057,2057,2057,2048,2048
115661,IDLE,-0.02,-0.07,180.13,0.21,-0.46,0.02,-0.0190,-0.0190,-0.0190,-0.0190,0.06,0.01,0.00,26.712129,84.305102,M,2044,2044,2044,2044,2048,2048
115688,IDLE,-0.01,-0.07,180.13,0.45,-0.44,-0.09,0.1014,0.1014,0.1014,0.1014,0.06,0.01,0.00,26.712129,84.305102,M,2068,2068,2068,2068,2048,2048
115708,IDLE,-0.00,-0.08,180.13,0.33,-0.28,-0.06,0.0653,0.0653,0.0653,0.0653,0.06,-0.01,0.00,26.712129,84.305102,M,2061,2061,2061,2061,2048,2048
115731,IDLE,0.00,-0.08,180.12,0.33,-0.34,-0.21,0.2579,0.2579,0.2579,0.2579,0.06,-0.02,0.00,26.712129,84.305102,M,2100,2100,2100,2100,2048,2048
115754,IDLE,0.01,-0.09,180.12,0.33,-0.40,-0.21,0.2515,0.2515,0.2515,0.2515,0.06,-0.03,0.00,26.712129,84.305102,M,2098,2098,2098,2098,2048,2048
115781,IDLE,0.02,-0.09,180.11,0.32,-0.29,-0.09,0.1127,0.1127,0.1127,0.1127,0.06,-0.04,0.00,26.712129,84.305102,M,2071,2071,2071,2071,2048,2048
115801,IDLE,0.02,-0.10,180.11,0.23,-0.44,-0.18,0.2252,0.2252,0.2252,0.2252,0.05,-0.05,0.00,26.712129,84.305102,M,2093,2093,2093,2093,2048,2048
115824,IDLE,0.02,-0.10,180.11,0.04,-0.27,-0.11,0.1429,0.1429,0.1429,0.1429,0.05,-0.05,0.00,26.712129,84.305102,M,2077,2077,2077,2077,2048,2048
115847,IDLE,0.02,-0.10,180.11,0.02,-0.16,0.09,-0.1069,-0.1069,-0.1069,-0.1069,0.05,-0.05,0.00,26.712129,84.305102,M,2027,2027,2027,2027,2048,2048
115873,IDLE,0.02,-0.10,180.11,-0.17,-0.02,0.06,-0.0747,-0.0747,-0.0747,-0.0747,0.05,-0.05,0.00,26.712129,84.305102,M,2033,2033,2033,2033,2048,2048
115893,IDLE,0.01,-0.10,180.11,-0.18,-0.18,0.12,-0.1334,-0.1334,-0.1334,-0.1334,0.05,-0.05,0.00,26.712129,84.305102,M,2021,2021,2021,2021,2048,2048
115916,IDLE,0.01,-0.10,180.11,-0.11,-0.08,0.10,-0.1179,-0.1179,-0.1179,-0.1179,0.05,-0.04,0.00,26.712129,84.305102,M,2024,2024,2024,2024,2048,2048
115938,IDLE,0.00,-0.10,180.11,-0.27,-0.13,-0.01,0.0180,0.0180,0.0180,0.0180,0.05,-0.03,0.00,26.712129,84.305102,M,2052,2052,2052,2052,2048,2048
115963,IDLE,-0.00,-0.09,180.11,-0.16,-0.15,0.19,-0.2214,-0.2214,-0.2214,-0.2214,0.05,-0.01,0.00,26.712129,84.305102,M,2004,2004,2004,2004,2048,2048
115982,IDLE,-0.00,-0.09,180.12,-0.11,-0.06,0.25,-0.3070,-0.3070,-0.3070,-0.3070,0.05,-0.02,0.00,26.712129,84.305102,M,1987,1987,1987,1987,2048,2048
116009,IDLE,-0.00,-0.09,180.12,0.03,-0.07,0.23,-0.2748,-0.2748,-0.2748,-0.2748,0.05,-0.02,0.00,26.712129,84.305102,M,1993,1993,1993,1993,2048,2048
116029,IDLE,0.00,-0.09,180.13,0.14,-0.26,0.20,-0.2458,-0.2458,-0.2458,-0.2458,0.05,-0.04,0.00,26.712129,84.305102,M,1999,1999,1999,1999,2048,2048
116053,IDLE,0.00,-0.09,180.13,0.01,-0.34,0.22,-0.2664,-0.2664,-0.2664,-0.2664,0.04,-0.06,0.00,26.712129,84.305102,M,1995,1995,1995,1995,2048,2048
116076,IDLE,0.00,-0.10,180.13,0.04,-0.30,0.11,-0.1304,-0.1304,-0.1304,-0.1304,0.04,-0.06,0.00,26.712129,84.305102,M,2022,2022,2022,2022,2048,2048
116102,IDLE,0.00,-0.10,180.13,0.06,-0.44,0.11,-0.1314,-0.1314,-0.1314,-0.1314,0.04,-0.06,0.00,26.712129,84.305102,M,2022,2022,2022,2022,2048,2048
116122,IDLE,0.00,-0.10,180.14,0.15,-0.30,0.11,-0.1382,-0.1382,-0.1382,-0.1382,0.04,-0.06,0.00,26.712129,84.305102,M,2020,2020,2020,2020,2048,2048
116150,IDLE,0.01,-0.10,180.13,0.18,-0.22,-0.00,0.0035,0.0035,0.0035,0.0035,0.04,-0.06,0.00,26.712129,84.305102,M,2049,2049,2049,2049,2048,2048
116177,IDLE,0.01,-0.10,180.13,0.08,-0.14,-0.14,0.1732,0.1732,0.1732,0.1732,0.04,-0.06,0.00,26.712129,84.305102,M,2083,2083,2083,2083,2048,2048
116197,IDLE,0.01,-0.11,180.12,0.06,-0.26,-0.23,0.2897,0.2897,0.2897,0.2897,0.04,-0.07,0.00,26.712129,84.305102,M,2106,2106,2106,2106,2048,2048
116221,IDLE,0.01,-0.10,180.12,-0.13,-0.17,-0.23,0.2885,0.2885,0.2885,0.2885,0.04,-0.07,0.00,26.712129,84.305102,M,2106,2106,2106,2106,2048,2048
116244,IDLE,0.00,-0.11,180.11,-0.04,-0.18,-0.11,0.1434,0.1434,0.1434,0.1434,0.03,-0.07,0.00,26.712129,84.305102,M,2077,2077,2077,2077,2048,2048
116270,IDLE,0.00,-0.11,180.11,0.05,-0.21,-0.15,0.1823,0.1823,0.1823,0.1823,0.03,-0.06,0.00,26.712129,84.305102,M,2084,2084,2084,2084,2048,2048
116291,IDLE,0.01,-0.11,180.11,0.23,-0.28,0.08,-0.0948,-0.0948,-0.0948,-0.0948,0.03,-0.06,0.00,26.712129,84.305102,M,2029,2029,2029,2029,2048,2048
116314,IDLE,0.01,-0.11,180.11,0.23,-0.19,0.06,-0.0808,-0.0808,-0.0808,-0.0808,0.03,-0.05,0.00,26.712129,84.305102,M,2032,2032,2032,2032,2048,2048
116337,IDLE,0.02,-0.11,180.11,0.21,-0.12,0.05,-0.0691,-0.0691,-0.0691,-0.0691,0.03,-0.04,0.00,26.712129,84.305102,M,2034,2034,2034,2034,2048,2048
116363,IDLE,0.02,-0.11,180.11,0.04,-0.04,0.15,-0.1845,-0.1845,-0.1845,-0.1845,0.03,-0.03,0.00,26.712129,84.305102,M,2011,2011,2011,2011,2048,2048
116382,IDLE,0.01,-0.11,180.12,-0.04,-0.17,0.16,-0.1942,-0.1942,-0.1942,-0.1942,0.03,-0.01,0.00,26.712129,84.305102,M,2009,2009,2009,2009,2048,2048
116410,IDLE,0.01,-0.10,180.12,-0.14,-0.08,0.18,-0.2107,-0.2107,-0.2107,-0.2107,0.03,-0.01,0.00,26.712129,84.305102,M,2006,2006,2006,2006,2048,2048
116437,IDLE,0.01,-0.10,180.12,-0.10,-0.13,0.14,-0.1680,-0.1680,-0.1680,-0.1680,0.03,-0.01,0.00,26.712129,84.305102,M,2014,2014,2014,2014,2048,2048
116457,IDLE,0.01,-0.10,180.12,-0.03,-0.13,0.06,-0.0757,-0.0757,-0.0757,-0.0757,0.03,-0.02,0.00,26.712129,84.305102,M,2033,2033,2033,2033,2048,2048
116480,IDLE,0.00,-0.10,180.12,-0.19,-0.05,-0.01,0.0195,0.0195,0.0195,0.0195,0.03,-0.03,0.00,26.712129,84.305102,M,2052,2052,2052,2052,2048,2048
116502,IDLE,-0.00,-0.10,180.12,-0.21,-0.21,-0.06,0.0854,0.0854,0.0854,0.0854,0.03,-0.03,0.00,26.712129,84.305102,M,2065,2065,2065,2065,2048,2048
116536,IDLE,-0.01,-0.11,180.12,-0.23,-0.32,-0.00,0.0126,0.0126,0.0126,0.0126,0.03,-0.03,0.00,26.712129,84.305102,M,2051,2051,2051,2051,2048,2048
116562,IDLE,-0.02,-0.11,180.12,-0.36,-0.24,0.02,-0.0132,-0.0132,-0.0132,-0.0132,0.03,-0.03,0.00,26.712129,84.305102,M,2045,2045,2045,2045,2048,2048
116581,IDLE,-0.02,-0.11,180.12,-0.04,-0.23,0.14,-0.1617,-0.1617,-0.1617,-0.1617,0.03,-0.03,0.00,26.712129,84.305102,M,2016,2016,2016,2016,2048,2048
116608,IDLE,-0.02,-0.11,180.13,-0.09,-0.16,0.24,-0.2864,-0.2864,-0.2864,-0.2864,0.03,-0.03,0.00,26.712129,84.305102,M,1991,1991,1991,1991,2048,2048
116629,IDLE,-0.02,-0.12,180.13,-0.12,-0.20,0.02,-0.0214,-0.0214,-0.0214,-0.0214,0.03,-0.02,0.00,26.712129,84.305102,M,2044,2044,2044,2044,2048,2048
116653,IDLE,-0.03,-0.11,180.13,-0.12,-0.05,0.11,-0.1348,-0.1348,-0.1348,-0.1348,0.03,-0.01,0.00,26.712129,84.305102,M,2021,2021,2021,2021,2048,2048
116676,IDLE,-0.02,-0.11,180.13,0.03,-0.14,0.07,-0.0822,-0.0822,-0.0822,-0.0822,0.03,-0.00,0.00,26.712129,84.305102,M,2032,2032,2032,2032,2048,2048
116702,IDLE,-0.02,-0.11,180.13,0.08,-0.09,-0.02,0.0246,0.0246,0.0246,0.0246,0.03,0.00,0.00,26.712129,84.305102,M,2053,2053,2053,2053,2048,2048
116722,IDLE,-0.02,-0.11,180.12,-0.01,-0.16,-0.08,0.1060,0.1060,0.1060,0.1060,0.03,0.00,0.00,26.712129,84.305102,M,2069,2069,2069,2069,2048,2048
116745,IDLE,-0.03,-0.11,180.12,-0.12,-0.07,-0.08,0.1010,0.1010,0.1010,0.1010,0.03,0.00,0.00,26.712129,84.305102,M,2068,2068,2068,2068,2048,2048
116767,IDLE,-0.03,-0.11,180.12,-0.11,-0.09,0.01,-0.0136,-0.0136,-0.0136,-0.0136,0.03,0.00,0.00,26.712129,84.305102,M,2045,2045,2045,2045,2048,2048
116792,IDLE,-0.03,-0.10,180.12,-0.03,-0.09,-0.03,0.0414,0.0414,0.0414,0.0414,0.03,0.00,0.00,26.712129,84.305102,M,2056,2056,2056,2056,2048,2048
116811,IDLE,-0.03,-0.10,180.12,-0.07,-0.14,-0.10,0.1304,0.1304,0.1304,0.1304,0.03,0.02,0.00,26.712129,84.305102,M,2074,2074,2074,2074,2048,2048
116839,IDLE,-0.03,-0.10,180.12,-0.13,-0.10,0.01,-0.0104,-0.0104,-0.0104,-0.0104,0.03,0.03,0.00,26.712129,84.305102,M,2046,2046,2046,2046,2048,2048
116860,IDLE,-0.03,-0.10,180.12,-0.18,-0.17,0.11,-0.1274,-0.1274,-0.1274,-0.1274,0.04,0.05,0.00,26.712129,84.305102,M,2023,2023,2023,2023,2048,2048
116885,IDLE,-0.04,-0.10,180.12,-0.06,-0.18,-0.04,0.0488,0.0488,0.0488,0.0488,0.04,0.05,0.00,26.712129,84.305102,M,2058,2058,2058,2058,2048,2048
116903,IDLE,-0.04,-0.10,180.12,-0.10,-0.27,0.09,-0.1065,-0.1065,-0.1065,-0.1065,0.04,0.07,0.00,26.712129,84.305102,M,2027,2027,2027,2027,2048,2048
116930,IDLE,-0.03,-0.11,180.12,0.07,-0.35,0.11,-0.1281,-0.1281,-0.1281,-0.1281,0.04,0.07,0.00,26.712129,84.305102,M,2022,2022,2022,2022,2048,2048
116950,IDLE,-0.03,-0.11,180.12,0.15,-0.34,-0.00,0.0035,0.0035,0.0035,0.0035,0.04,0.06,0.00,26.712129,84.305102,M,2049,2049,2049,2049,2048,2048
116974,IDLE,-0.03,-0.11,180.12,0.14,-0.30,0.02,-0.0183,-0.0183,-0.0183,-0.0183,0.04,0.05,0.00,26.712129,84.305102,M,2044,2044,2044,2044,2048,2048
116997,IDLE,-0.03,-0.11,180.12,0.00,-0.15,0.11,-0.1329,-0.1329,-0.1329,-0.1329,0.04,0.03,0.00,26.712129,84.305102,M,2021,2021,2021,2021,2048,2048
117023,IDLE,-0.03,-0.11,180.12,0.08,-0.18,0.04,-0.0477,-0.0477,-0.0477,-0.0477,0.04,0.02,0.00,26.712129,84.305102,M,2038,2038,2038,2038,2048,2048
117042,IDLE,-0.02,-0.11,180.12,0.19,-0.19,0.04,-0.0553,-0.0553,-0.0553,-0.0553,0.04,0.01,0.00,26.712129,84.305102,M,2037,2037,2037,2037,2048,2048
117070,IDLE,-0.02,-0.11,180.12,0.08,0.01,0.11,-0.1409,-0.1409,-0.1409,-0.1409,0.04,0.02,0.00,26.712129,84.305102,M,2020,2020,2020,2020,2048,2048
117097,IDLE,-0.01,-0.11,180.12,0.17,-0.15,0.00,-0.0052,-0.0052,-0.0052,-0.0052,0.04,0.02,0.00,26.712129,84.305102,M,2047,2047,2047,2047,2048,2048
117117,IDLE,-0.01,-0.11,180.12,0.19,-0.10,0.11,-0.1370,-0.1370,-0.1370,-0.1370,0.04,0.01,0.00,26.712129,84.305102,M,2021,2021,2021,2021,2048,2048
117141,IDLE,-0.01,-0.10,180.13,0.10,-0.03,0.13,-0.1629,-0.1629,-0.1629,-0.1629,0.04,0.01,0.00,26.712129,84.305102,M,2015,2015,2015,2015,2048,2048
117164,IDLE,-0.00,-0.10,180.13,0.05,0.05,0.05,-0.0629,-0.0629,-0.0629,-0.0629,0.04,0.01,0.00,26.712129,84.305102,M,2035,2035,2035,2035,2048,2048
117189,IDLE,-0.00,-0.09,180.12,-0.07,-0.02,-0.06,0.0724,0.0724,0.0724,0.0724,0.04,0.02,0.00,26.712129,84.305102,M,2062,2062,2062,2062,2048,2048
117209,IDLE,-0.00,-0.09,180.12,-0.05,0.05,0.02,-0.0298,-0.0298,-0.0298,-0.0298,0.04,0.02,0.00,26.712129,84.305102,M,2042,2042,2042,2042,2048,2048
117237,IDLE,-0.00,-0.09,180.12,-0.03,-0.00,-0.07,0.0807,0.0807,0.0807,0.0807,0.04,0.03,0.00,26.712129,84.305102,M,2064,2064,2064,2064,2048,2048
117264,IDLE,0.00,-0.08,180.12,0.13,-0.00,-0.13,0.1532,0.1532,0.1532,0.1532,0.04,0.03,0.00,26.712129,84.305102,M,2079,2079,2079,2079,2048,2048
117284,IDLE,0.00,-0.08,180.12,0.03,0.13,-0.02,0.0203,0.0203,0.0203,0.0203,0.04,0.02,0.00,26.712129,84.305102,M,2052,2052,2052,2052,2048,2048
117319,IDLE,0.00,-0.07,180.11,-0.11,-0.14,-0.05,0.0631,0.0631,0.0631,0.0631,0.04,0.01,0.00,26.712129,84.305102,M,2061,2061,2061,2061,2048,2048
117343,IDLE,0.00,-0.07,180.11,0.03,-0.15,-0.06,0.0691,0.0691,0.0691,0.0691,0.04,0.00,0.00,26.712129,84.305102,M,2062,2062,2062,2062,2048,2048
117361,IDLE,0.01,-0.07,180.11,0.21,-0.12,-0.17,0.2028,0.2028,0.2028,0.2028,0.04,-0.01,0.00,26.712129,84.305102,M,2089,2089,2089,2089,2048,2048
117389,IDLE,0.02,-0.07,180.10,0.25,-0.23,-0.18,0.2191,0.2191,0.2191,0.2191,0.04,-0.01,0.00,26.712129,84.305102,M,2092,2092,2092,2092,2048,2048
117410,IDLE,0.02,-0.07,180.10,0.13,-0.03,-0.12,0.1382,0.1382,0.1382,0.1382,0.04,-0.00,0.00,26.712129,84.305102,M,2076,2076,2076,2076,2048,2048
117434,IDLE,0.02,-0.07,180.10,-0.00,-0.03,-0.11,0.1367,0.1367,0.1367,0.1367,0.04,0.00,0.00,26.712129,84.305102,M,2075,2075,2075,2075,2048,2048
117452,IDLE,0.02,-0.07,180.09,-0.02,-0.07,-0.03,0.0420,0.0420,0.0420,0.0420,0.04,0.00,0.00,26.712129,84.305102,M,2056,2056,2056,2056,2048,2048
117480,IDLE,0.02,-0.07,180.09,-0.01,-0.11,-0.02,0.0250,0.0250,0.0250,0.0250,0.04,-0.00,0.00,26.712129,84.305102,M,2053,2053,2053,2053,2048,2048
117501,IDLE,0.01,-0.07,180.09,-0.04,-0.13,0.04,-0.0440,-0.0440,-0.0440,-0.0440,0.04,0.02,0.00,26.712129,84.305102,M,2039,2039,2039,2039,2048,2048
117525,IDLE,0.02,-0.07,180.09,0.15,-0.31,0.05,-0.0598,-0.0598,-0.0598,-0.0598,0.05,0.03,0.00,26.712129,84.305102,M,2036,2036,2036,2036,2048,2048
117543,IDLE,0.02,-0.07,180.09,0.15,-0.27,0.06,-0.0750,-0.0750,-0.0750,-0.0750,0.05,0.05,0.00,26.712129,84.305102,M,2033,2033,2033,2033,2048,2048
117570,IDLE,0.02,-0.07,180.10,0.05,-0.07,0.17,-0.2041,-0.2041,-0.2041,-0.2041,0.05,0.06,0.00,26.712129,84.305102,M,2007,2007,2007,2007,2048,2048
117590,IDLE,0.02,-0.07,180.10,0.08,-0.11,0.17,-0.2020,-0.2020,-0.2020,-0.2020,0.05,0.05,0.00,26.712129,84.305102,M,2008,2008,2008,2008,2048,2048
117614,IDLE,0.02,-0.07,180.10,-0.14,-0.04,0.12,-0.1430,-0.1430,-0.1430,-0.1430,0.05,0.05,0.00,26.712129,84.305102,M,2019,2019,2019,2019,2048,2048
117636,IDLE,0.01,-0.07,180.11,-0.15,-0.05,0.18,-0.2147,-0.2147,-0.2147,-0.2147,0.05,0.03,0.00,26.712129,84.305102,M,2005,2005,2005,2005,2048,2048
117663,IDLE,0.01,-0.06,180.11,-0.29,0.07,0.18,-0.2116,-0.2116,-0.2116,-0.2116,0.05,0.01,0.00,26.712129,84.305102,M,2006,2006,2006,2006,2048,2048
117682,IDLE,-0.00,-0.06,180.12,-0.33,0.05,0.25,-0.3041,-0.3041,-0.3041,-0.3041,0.05,0.00,0.00,26.712129,84.305102,M,1987,1987,1987,1987,2048,2048
117710,IDLE,-0.00,-0.06,180.12,-0.18,-0.15,0.12,-0.1376,-0.1376,-0.1376,-0.1376,0.05,-0.03,0.00,26.712129,84.305102,M,2020,2020,2020,2020,2048,2048
117737,IDLE,-0.01,-0.06,180.12,-0.19,-0.19,0.10,-0.1170,-0.1170,-0.1170,-0.1170,0.04,-0.05,0.00,26.712129,84.305102,M,2025,2025,2025,2025,2048,2048
117757,IDLE,-0.01,-0.06,180.12,-0.07,-0.19,0.09,-0.1067,-0.1067,-0.1067,-0.1067,0.04,-0.04,0.00,26.712129,84.305102,M,2027,2027,2027,2027,2048,2048
117780,IDLE,-0.01,-0.06,180.12,0.13,-0.19,-0.06,0.0775,0.0775,0.0775,0.0775,0.04,-0.04,0.00,26.712129,84.305102,M,2064,2064,2064,2064,2048,2048
117802,IDLE,-0.00,-0.07,180.12,0.18,-0.16,-0.10,0.1259,0.1259,0.1259,0.1259,0.04,-0.02,0.00,26.712129,84.305102,M,2073,2073,2073,2073,2048,2048
117827,IDLE,0.00,-0.07,180.11,0.15,-0.12,-0.12,0.1477,0.1477,0.1477,0.1477,0.04,-0.01,0.00,26.712129,84.305102,M,2078,2078,2078,2078,2048,2048
117846,IDLE,0.00,-0.06,180.11,0.02,-0.07,-0.00,0.0038,0.0038,0.0038,0.0038,0.04,0.00,0.00,26.712129,84.305102,M,2049,2049,2049,2049,2048,2048
117874,IDLE,0.00,-0.06,180.11,-0.12,-0.07,-0.06,0.0777,0.0777,0.0777,0.0777,0.05,0.01,0.00,26.712129,84.305102,M,2064,2064,2064,2064,2048,2048
117896,IDLE,-0.00,-0.06,180.11,-0.11,0.01,0.11,-0.1353,-0.1353,-0.1353,-0.1353,0.04,-0.00,0.00,26.712129,84.305102,M,2021,2021,2021,2021,2048,2048
117921,IDLE,-0.00,-0.06,180.11,-0.09,0.04,0.00,-0.0047,-0.0047,-0.0047,-0.0047,0.04,-0.01,0.00,26.712129,84.305102,M,2047,2047,2047,2047,2048,2048
117940,IDLE,-0.01,-0.05,180.11,-0.17,0.02,0.06,-0.0640,-0.0640,-0.0640,-0.0640,0.04,-0.01,0.00,26.712129,84.305102,M,2035,2035,2035,2035,2048,2048
117967,IDLE,-0.01,-0.05,180.11,-0.01,-0.05,0.09,-0.1095,-0.1095,-0.1095,-0.1095,0.04,-0.01,0.00,26.712129,84.305102,M,2026,2026,2026,2026,2048,2048
117988,IDLE,-0.00,-0.05,180.11,0.29,-0.12,0.07,-0.0903,-0.0903,-0.0903,-0.0903,0.04,0.00,0.00,26.712129,84.305102,M,2030,2030,2030,2030,2048,2048
118012,IDLE,0.00,-0.05,180.11,0.23,-0.10,0.12,-0.1525,-0.1525,-0.1525,-0.1525,0.05,0.01,0.00,26.712129,84.305102,M,2018,2018,2018,2018,2048,2048
118034,IDLE,0.00,-0.05,180.11,0.11,0.03,-0.01,0.0116,0.0116,0.0116,0.0116,0.05,0.01,0.00,26.712129,84.305102,M,2050,2050,2050,2050,2048,2048
118061,IDLE,0.00,-0.04,180.12,-0.07,0.08,0.16,-0.1937,-0.1937,-0.1937,-0.1937,0.05,0.00,0.00,26.712129,84.305102,M,2009,2009,2009,2009,2048,2048
118081,IDLE,0.00,-0.04,180.12,0.00,-0.01,0.05,-0.0656,-0.0656,-0.0656,-0.0656,0.05,0.01,0.00,26.712129,84.305102,M,2035,2035,2035,2035,2048,2048
118104,IDLE,0.00,-0.04,180.12,0.09,-0.02,-0.04,0.0527,0.0527,0.0527,0.0527,0.05,0.02,0.00,26.712129,84.305102,M,2059,2059,2059,2059,2048,2048
118126,IDLE,-0.00,-0.04,180.11,-0.03,-0.14,-0.01,0.0200,0.0200,0.0200,0.0200,0.05,0.01,0.00,26.712129,84.305102,M,2052,2052,2052,2052,2048,2048
118153,IDLE,-0.00,-0.04,180.11,-0.16,-0.16,-0.07,0.0942,0.0942,0.0942,0.0942,0.05,0.00,0.00,26.712129,84.305102,M,2067,2067,2067,2067,2048,2048
118172,IDLE,-0.01,-0.04,180.11,-0.29,-0.08,0.06,-0.0648,-0.0648,-0.0648,-0.0648,0.05,0.00,0.00,26.712129,84.305102,M,2035,2035,2035,2035,2048,2048
118196,IDLE,-0.01,-0.05,180.11,-0.11,-0.16,0.07,-0.0800,-0.0800,-0.0800,-0.0800,0.05,0.00,0.00,26.712129,84.305102,M,2032,2032,2032,2032,2048,2048
118218,IDLE,-0.02,-0.05,180.12,-0.23,-0.18,0.12,-0.1431,-0.1431,-0.1431,-0.1431,0.05,0.01,0.00,26.712129,84.305102,M,2019,2019,2019,2019,2048,2048
118243,IDLE,-0.02,-0.05,180.12,-0.11,-0.24,0.20,-0.2426,-0.2426,-0.2426,-0.2426,0.05,0.01,0.00,26.712129,84.305102,M,1999,1999,1999,1999,2048,2048
118261,IDLE,-0.02,-0.06,180.12,0.01,-0.24,0.02,-0.0259,-0.0259,-0.0259,-0.0259,0.05,0.00,0.00,26.712129,84.305102,M,2043,2043,2043,2043,2048,2048
118289,IDLE,-0.02,-0.06,180.12,-0.00,-0.24,0.20,-0.2429,-0.2429,-0.2429,-0.2429,0.05,-0.00,0.00,26.712129,84.305102,M,1999,1999,1999,1999,2048,2048
118309,IDLE,-0.02,-0.07,180.13,-0.07,-0.25,0.23,-0.2751,-0.2751,-0.2751,-0.2751,0.05,-0.01,0.00,26.712129,84.305102,M,1993,1993,1993,1993,2048,2048
118334,IDLE,-0.02,-0.07,180.13,-0.06,-0.14,0.21,-0.2569,-0.2569,-0.2569,-0.2569,0.04,-0.02,0.00,26.712129,84.305102,M,1997,1997,1997,1997,2048,2048
118356,IDLE,-0.02,-0.06,180.13,-0.02,-0.04,0.19,-0.2253,-0.2253,-0.2253,-0.2253,0.04,-0.02,0.00,26.712129,84.305102,M,2003,2003,2003,2003,2048,2048
118382,IDLE,-0.02,-0.06,180.14,-0.20,0.06,0.18,-0.2193,-0.2193,-0.2193,-0.2193,0.04,-0.03,0.00,26.712129,84.305102,M,2004,2004,2004,2004,2048,2048
118401,IDLE,-0.02,-0.06,180.14,-0.01,-0.21,0.21,-0.2577,-0.2577,-0.2577,-0.2577,0.04,-0.02,0.00,26.712129,84.305102,M,1996,1996,1996,1996,2048,2048
118429,IDLE,-0.02,-0.07,180.14,0.00,-0.23,-0.07,0.0894,0.0894,0.0894,0.0894,0.04,-0.02,0.00,26.712129,84.305102,M,2066,2066,2066,2066,2048,2048
118450,IDLE,-0.02,-0.07,180.14,0.13,-0.13,0.10,-0.1228,-0.1228,-0.1228,-0.1228,0.04,0.01,0.00,26.712129,84.305102,M,2023,2023,2023,2023,2048,2048
118474,IDLE,-0.02,-0.07,180.14,0.05,-0.29,0.01,-0.0073,-0.0073,-0.0073,-0.0073,0.05,0.02,0.00,26.712129,84.305102,M,2047,2047,2047,2047,2048,2048
118507,IDLE,-0.02,-0.08,180.14,-0.02,-0.27,0.02,-0.0159,-0.0159,-0.0159,-0.0159,0.05,0.03,0.00,26.712129,84.305102,M,2045,2045,2045,2045,2048,2048
118530,IDLE,-0.01,-0.08,180.14,0.06,-0.30,0.03,-0.0279,-0.0279,-0.0279,-0.0279,0.05,0.04,0.00,26.712129,84.305102,M,2042,2042,2042,2042,2048,2048
118551,IDLE,-0.01,-0.08,180.14,0.16,-0.29,0.06,-0.0715,-0.0715,-0.0715,-0.0715,0.05,0.04,0.00,26.712129,84.305102,M,2034,2034,2034,2034,2048,2048
118577,IDLE,-0.00,-0.09,180.14,0.26,-0.26,0.10,-0.1253,-0.1253,-0.1253,-0.1253,0.05,0.03,0.00,26.712129,84.305102,M,2023,2023,2023,2023,2048,2048
118595,IDLE,-0.00,-0.09,180.14,0.07,-0.22,0.19,-0.2278,-0.2278,-0.2278,-0.2278,0.05,0.03,0.00,26.712129,84.305102,M,2002,2002,2002,2002,2048,2048
118623,IDLE,-0.00,-0.09,180.15,-0.07,-0.11,0.25,-0.3026,-0.3026,-0.3026,-0.3026,0.05,0.03,0.00,26.712129,84.305102,M,1987,1987,1987,1987,2048,2048
118643,IDLE,-0.01,-0.08,180.15,-0.10,-0.09,0.27,-0.3214,-0.3214,-0.3214,-0.3214,0.05,0.01,0.00,26.712129,84.305102,M,1984,1984,1984,1984,2048,2048
118667,IDLE,-0.01,-0.08,180.16,-0.11,-0.19,0.16,-0.1916,-0.1916,-0.1916,-0.1916,0.05,-0.00,0.00,26.712129,84.305102,M,2010,2010,2010,2010,2048,2048
118690,IDLE,-0.01,-0.09,180.16,0.05,-0.29,0.13,-0.1509,-0.1509,-0.1509,-0.1509,0.05,-0.02,0.00,26.712129,84.305102,M,2018,2018,2018,2018,2048,2048
118716,IDLE,-0.00,-0.09,180.16,0.24,-0.26,-0.03,0.0418,0.0418,0.0418,0.0418,0.05,-0.02,0.00,26.712129,84.305102,M,2056,2056,2056,2056,2048,2048
118736,IDLE,0.00,-0.09,180.15,0.21,-0.17,-0.15,0.1871,0.1871,0.1871,0.1871,0.04,-0.03,0.00,26.712129,84.305102,M,2085,2085,2085,2085,2048,2048
118759,IDLE,0.01,-0.09,180.15,0.25,-0.09,0.01,-0.0107,-0.0107,-0.0107,-0.0107,0.04,-0.03,0.00,26.712129,84.305102,M,2046,2046,2046,2046,2048,2048
118780,IDLE,0.01,-0.09,180.15,0.21,-0.10,0.00,-0.0054,-0.0054,-0.0054,-0.0054,0.04,-0.03,0.00,26.712129,84.305102,M,2047,2047,2047,2047,2048,2048
118806,IDLE,0.02,-0.09,180.15,0.10,-0.16,-0.04,0.0525,0.0525,0.0525,0.0525,0.04,-0.03,0.00,26.712129,84.305102,M,2058,2058,2058,2058,2048,2048
118824,IDLE,0.01,-0.09,180.15,-0.01,-0.08,0.08,-0.0937,-0.0937,-0.0937,-0.0937,0.04,-0.01,0.00,26.712129,84.305102,M,2029,2029,2029,2029,2048,2048
118852,IDLE,0.02,-0.09,180.15,0.08,-0.20,0.15,-0.1788,-0.1788,-0.1788,-0.1788,0.04,-0.00,0.00,26.712129,84.305102,M,2012,2012,2012,2012,2048,2048
118873,IDLE,0.02,-0.09,180.16,0.23,-0.27,0.26,-0.3204,-0.3204,-0.3204,-0.3204,0.05,0.01,0.00,26.712129,84.305102,M,1984,1984,1984,1984,2048,2048
118898,IDLE,0.03,-0.09,180.16,0.31,-0.27,0.24,-0.2997,-0.2997,-0.2997,-0.2997,0.05,0.02,0.00,26.712129,84.305102,M,1988,1988,1988,1988,2048,2048
118916,IDLE,0.03,-0.09,180.16,0.20,-0.16,0.10,-0.1296,-0.1296,-0.1296,-0.1296,0.05,0.03,0.00,26.712129,84.305102,M,2022,2022,2022,2022,2048,2048
118943,IDLE,0.03,-0.09,180.16,0.13,-0.17,0.11,-0.1349,-0.1349,-0.1349,-0.1349,0.05,0.03,0.00,26.712129,84.305102,M,2021,2021,2021,2021,2048,2048
118963,IDLE,0.03,-0.09,180.17,0.06,-0.13,0.12,-0.1514,-0.1514,-0.1514,-0.1514,0.05,0.03,0.00,26.712129,84.305102,M,2018,2018,2018,2018,2048,2048
118987,IDLE,0.03,-0.09,180.17,0.04,-0.27,0.26,-0.3176,-0.3176,-0.3176,-0.3176,0.05,0.03,0.00,26.712129,84.305102,M,1984,1984,1984,1984,2048,2048
119010,IDLE,0.04,-0.09,180.17,0.11,-0.15,0.20,-0.2390,-0.2390,-0.2390,-0.2390,0.05,0.03,0.00,26.712129,84.305102,M,2000,2000,2000,2000,2048,2048
119036,IDLE,0.04,-0.09,180.18,0.14,-0.01,0.24,-0.2925,-0.2925,-0.2925,-0.2925,0.05,0.03,0.00,26.712129,84.305102,M,1990,1990,1990,1990,2048,2048
119055,IDLE,0.04,-0.09,180.18,0.01,0.00,0.20,-0.2436,-0.2436,-0.2436,-0.2436,0.05,0.04,0.00,26.712129,84.305102,M,1999,1999,1999,1999,2048,2048
119079,IDLE,0.04,-0.09,180.18,0.00,-0.11,0.13,-0.1508,-0.1508,-0.1508,-0.1508,0.05,0.04,0.00,26.712129,84.305102,M,2018,2018,2018,2018,2048,2048
119101,IDLE,0.04,-0.08,180.18,-0.05,-0.05,0.13,-0.1616,-0.1616,-0.1616,-0.1616,0.05,0.03,0.00,26.712129,84.305102,M,2016,2016,2016,2016,2048,2048
119126,IDLE,0.04,-0.08,180.19,0.06,-0.15,0.15,-0.1861,-0.1861,-0.1861,-0.1861,0.05,0.02,0.00,26.712129,84.305102,M,2011,2011,2011,2011,2048,2048
119145,IDLE,0.04,-0.09,180.19,0.15,-0.22,-0.00,0.0055,0.0055,0.0055,0.0055,0.05,0.02,0.00,26.712129,84.305102,M,2049,2049,2049,2049,2048,2048
119173,IDLE,0.04,-0.09,180.19,0.11,-0.07,0.13,-0.1547,-0.1547,-0.1547,-0.1547,0.05,0.02,0.00,26.712129,84.305102,M,2017,2017,2017,2017,2048,2048
119195,IDLE,0.04,-0.08,180.19,-0.04,-0.01,0.22,-0.2615,-0.2615,-0.2615,-0.2615,0.06,0.03,0.00,26.712129,84.305102,M,1996,1996,1996,1996,2048,2048
119220,IDLE,0.04,-0.08,180.19,-0.03,0.07,-0.00,0.0009,0.0009,0.0009,0.0009,0.06,0.03,0.00,26.712129,84.305102,M,2048,2048,2048,2048,2048,2048
119239,IDLE,0.03,-0.08,180.19,-0.01,-0.09,-0.03,0.0389,0.0389,0.0389,0.0389,0.06,0.04,0.00,26.712129,84.305102,M,2056,2056,2056,2056,2048,2048
119266,IDLE,0.03,-0.07,180.19,-0.05,-0.02,0.04,-0.0462,-0.0462,-0.0462,-0.0462,0.06,0.05,0.00,26.712129,84.305102,M,2039,2039,2039,2039,2048,2048
119288,IDLE,0.03,-0.07,180.19,0.01,-0.05,-0.01,0.0164,0.0164,0.0164,0.0164,0.06,0.04,0.00,26.712129,84.305102,M,2051,2051,2051,2051,2048,2048
119312,IDLE,0.03,-0.07,180.19,0.07,0.02,0.10,-0.1293,-0.1293,-0.1293,-0.1293,0.06,0.04,0.00,26.712129,84.305102,M,2022,2022,2022,2022,2048,2048
119339,IDLE,0.03,-0.07,180.19,-0.21,-0.08,0.23,-0.2709,-0.2709,-0.2709,-0.2709,0.06,0.04,0.00,26.712129,84.305102,M,1994,1994,1994,1994,2048,2048
119363,IDLE,0.02,-0.06,180.20,-0.02,-0.08,0.29,-0.3508,-0.3508,-0.3508,-0.3508,0.06,0.04,0.00,26.712129,84.305102,M,1978,1978,1978,1978,2048,2048
119385,IDLE,0.02,-0.07,180.20,0.02,-0.28,0.25,-0.3041,-0.3041,-0.3041,-0.3041,0.06,0.03,0.00,26.712129,84.305102,M,1987,1987,1987,1987,2048,2048
119411,IDLE,0.02,-0.07,180.21,-0.16,-0.16,0.20,-0.2373,-0.2373,-0.2373,-0.2373,0.06,0.02,0.00,26.712129,84.305102,M,2001,2001,2001,2001,2048,2048
119431,IDLE,0.02,-0.07,180.21,-0.12,-0.27,0.18,-0.2140,-0.2140,-0.2140,-0.2140,0.06,-0.00,0.00,26.712129,84.305102,M,2005,2005,2005,2005,2048,2048
119459,IDLE,0.01,-0.07,180.21,-0.42,-0.13,0.19,-0.2245,-0.2245,-0.2245,-0.2245,0.06,-0.02,0.00,26.712129,84.305102,M,2003,2003,2003,2003,2048,2048
119485,IDLE,-0.00,-0.07,180.22,-0.21,-0.20,0.25,-0.2967,-0.2967,-0.2967,-0.2967,0.06,-0.04,0.00,26.712129,84.305102,M,1989,1989,1989,1989,2048,2048
119505,IDLE,-0.01,-0.07,180.22,-0.19,-0.21,0.14,-0.1584,-0.1584,-0.1584,-0.1584,0.05,-0.07,0.00,26.712129,84.305102,M,2016,2016,2016,2016,2048,2048
119534,IDLE,-0.01,-0.08,180.22,-0.13,-0.21,0.30,-0.3611,-0.3611,-0.3611,-0.3611,0.05,-0.10,0.00,26.712129,84.305102,M,1976,1976,1976,1976,2048,2048
119560,IDLE,-0.01,-0.08,180.23,-0.13,-0.25,0.29,-0.3462,-0.3462,-0.3462,-0.3462,0.05,-0.11,0.00,26.712129,84.305102,M,1979,1979,1979,1979,2048,2048
119580,IDLE,-0.02,-0.08,180.24,-0.20,-0.23,0.35,-0.4167,-0.4167,-0.4167,-0.4167,0.04,-0.12,0.00,26.712129,84.305102,M,1965,1965,1965,1965,2048,2048
119604,IDLE,-0.02,-0.08,180.24,-0.22,-0.23,0.19,-0.2238,-0.2238,-0.2238,-0.2238,0.04,-0.12,0.00,26.712129,84.305102,M,2003,2003,2003,2003,2048,2048
119625,IDLE,-0.02,-0.08,180.24,0.00,-0.15,0.22,-0.2697,-0.2697,-0.2697,-0.2697,0.04,-0.10,0.00,26.712129,84.305102,M,1994,1994,1994,1994,2048,2048
119650,IDLE,-0.02,-0.08,180.24,-0.15,-0.10,0.15,-0.1824,-0.1824,-0.1824,-0.1824,0.04,-0.08,0.00,26.712129,84.305102,M,2012,2012,2012,2012,2048,2048
119669,IDLE,-0.03,-0.08,180.25,-0.22,-0.11,0.12,-0.1368,-0.1368,-0.1368,-0.1368,0.04,-0.05,0.00,26.712129,84.305102,M,2021,2021,2021,2021,2048,2048
119696,IDLE,-0.03,-0.08,180.25,-0.33,-0.09,0.13,-0.1444,-0.1444,-0.1444,-0.1444,0.04,-0.03,0.00,26.712129,84.305102,M,2019,2019,2019,2019,2048,2048
119716,IDLE,-0.04,-0.08,180.25,-0.30,-0.01,0.03,-0.0321,-0.0321,-0.0321,-0.0321,0.04,-0.00,0.00,26.712129,84.305102,M,2042,2042,2042,2042,2048,2048
119739,IDLE,-0.05,-0.08,180.24,-0.33,-0.07,-0.01,0.0225,0.0225,0.0225,0.0225,0.04,0.01,0.00,26.712129,84.305102,M,2053,2053,2053,2053,2048,2048
119761,IDLE,-0.05,-0.08,180.24,-0.15,-0.11,-0.18,0.2308,0.2308,0.2308,0.2308,0.05,0.03,0.00,26.712129,84.305102,M,2094,2094,2094,2094,2048,2048
119787,IDLE,-0.05,-0.08,180.23,-0.24,-0.20,-0.34,0.4249,0.4249,0.4249,0.4249,0.05,0.03,0.00,26.712129,84.305102,M,2133,2133,2133,2133,2048,2048
119806,IDLE,-0.05,-0.08,180.22,-0.10,-0.20,-0.14,0.1722,0.1722,0.1722,0.1722,0.05,0.06,0.00,26.712129,84.305102,M,2082,2082,2082,2082,2048,2048
119834,IDLE,-0.06,-0.08,180.22,-0.20,-0.10,-0.21,0.2588,0.2588,0.2588,0.2588,0.05,0.06,0.00,26.712129,84.305102,M,2100,2100,2100,2100,2048,2048
119861,IDLE,-0.06,-0.08,180.21,-0.14,-0.13,-0.26,0.3178,0.3178,0.3178,0.3178,0.05,0.07,0.00,26.712129,84.305102,M,2112,2112,2112,2112,2048,2048
119881,IDLE,-0.05,-0.09,180.20,0.13,-0.31,-0.14,0.1781,0.1781,0.1781,0.1781,0.06,0.07,0.00,26.712129,84.305102,M,2084,2084,2084,2084,2048,2048
119905,IDLE,-0.05,-0.09,180.20,0.09,-0.27,-0.16,0.1942,0.1942,0.1942,0.1942,0.06,0.06,0.00,26.712129,84.305102,M,2087,2087,2087,2087,2048,2048
119928,IDLE,-0.05,-0.09,180.19,0.14,-0.31,-0.22,0.2747,0.2747,0.2747,0.2747,0.06,0.06,0.00,26.712129,84.305102,M,2103,2103,2103,2103,2048,2048
119954,IDLE,-0.04,-0.10,180.19,0.11,-0.37,-0.22,0.2729,0.2729,0.2729,0.2729,0.06,0.06,0.00,26.712129,84.305102,M,2103,2103,2103,2103,2048,2048
119974,IDLE,-0.04,-0.10,180.18,0.08,-0.39,-0.18,0.2233,0.2233,0.2233,0.2233,0.06,0.04,0.00,26.712129,84.305102,M,2093,2093,2093,2093,2048,2048
119998,IDLE,-0.04,-0.11,180.18,-0.04,-0.35,-0.24,0.3010,0.3010,0.3010,0.3010,0.06,0.03,0.00,26.712129,84.305102,M,2108,2108,2108,2108,2048,2048
120021,IDLE,-0.04,-0.11,180.17,0.09,-0.27,-0.27,0.3330,0.3330,0.3330,0.3330,0.06,0.02,0.00,26.712129,84.305102,M,2115,2115,2115,2115,2048,2048
120048,IDLE,-0.03,-0.11,180.16,0.24,-0.20,-0.17,0.2031,0.2031,0.2031,0.2031,0.06,0.01,0.00,26.712129,84.305102,M,2089,2089,2089,2089,2048,2048
120068,IDLE,-0.02,-0.11,180.16,0.22,-0.17,0.11,-0.1325,-0.1325,-0.1325,-0.1325,0.06,0.01,0.00,26.712129,84.305102,M,2021,2021,2021,2021,2048,2048
120092,IDLE,-0.02,-0.11,180.16,0.24,-0.17,0.05,-0.0590,-0.0590,-0.0590,-0.0590,0.06,0.01,0.00,26.712129,84.305102,M,2036,2036,2036,2036,2048,2048
120114,IDLE,-0.02,-0.11,180.16,0.15,-0.25,0.08,-0.0917,-0.0917,-0.0917,-0.0917,0.06,0.01,0.00,26.712129,84.305102,M,2030,2030,2030,2030,2048,2048
120140,IDLE,-0.01,-0.11,180.17,0.19,-0.22,0.11,-0.1309,-0.1309,-0.1309,-0.1309,0.06,0.02,0.00,26.712129,84.305102,M,2022,2022,2022,2022,2048,2048
120159,IDLE,-0.01,-0.11,180.17,0.13,-0.20,0.20,-0.2375,-0.2375,-0.2375,-0.2375,0.06,0.02,0.00,26.712129,84.305102,M,2001,2001,2001,2001,2048,2048
120188,IDLE,-0.00,-0.11,180.17,0.27,-0.26,0.11,-0.1382,-0.1382,-0.1382,-0.1382,0.06,0.03,0.00,26.712129,84.305102,M,2020,2020,2020,2020,2048,2048
120214,IDLE,0.01,-0.12,180.17,0.44,-0.33,0.10,-0.1252,-0.1252,-0.1252,-0.1252,0.06,0.03,0.00,26.712129,84.305102,M,2023,2023,2023,2023,2048,2048
120234,IDLE,0.02,-0.12,180.17,0.41,-0.26,-0.14,0.1697,0.1697,0.1697,0.1697,0.06,0.03,0.00,26.712129,84.305102,M,2082,2082,2082,2082,2048,2048
120258,IDLE,0.02,-0.12,180.16,0.31,-0.28,-0.21,0.2566,0.2566,0.2566,0.2566,0.06,0.03,0.00,26.712129,84.305102,M,2099,2099,2099,2099,2048,2048
120280,IDLE,0.03,-0.12,180.16,0.35,-0.14,-0.20,0.2343,0.2343,0.2343,0.2343,0.06,0.02,0.00,26.712129,84.305102,M,2095,2095,2095,2095,2048,2048
120307,IDLE,0.04,-0.11,180.15,0.21,-0.07,-0.20,0.2450,0.2450,0.2450,0.2450,0.06,0.01,0.00,26.712129,84.305102,M,2097,2097,2097,2097,2048,2048
120327,IDLE,0.04,-0.11,180.14,0.30,-0.08,-0.20,0.2382,0.2382,0.2382,0.2382,0.06,0.01,0.00,26.712129,84.305102,M,2096,2096,2096,2096,2048,2048
120351,IDLE,0.05,-0.11,180.14,0.28,-0.11,-0.19,0.2233,0.2233,0.2233,0.2233,0.06,0.01,0.00,26.712129,84.305102,M,2093,2093,2093,2093,2048,2048
120373,IDLE,0.05,-0.11,180.13,0.27,-0.13,-0.15,0.1814,0.1814,0.1814,0.1814,0.06,0.02,0.00,26.712129,84.305102,M,2084,2084,2084,2084,2048,2048
120400,IDLE,0.05,-0.11,180.13,0.22,-0.28,0.00,-0.0003,-0.0003,-0.0003,-0.0003,0.06,0.02,0.00,26.712129,84.305102,M,2048,2048,2048,2048,2048,2048
120421,IDLE,0.06,-0.11,180.13,0.27,-0.32,-0.00,0.0023,0.0023,0.0023,0.0023,0.06,0.02,0.00,26.712129,84.305102,M,2048,2048,2048,2048,2048,2048
120444,IDLE,0.06,-0.11,180.13,0.37,-0.25,-0.09,0.1027,0.1027,0.1027,0.1027,0.06,0.02,0.00,26.712129,84.305102,M,2069,2069,2069,2069,2048,2048
120467,IDLE,0.07,-0.11,180.12,0.48,-0.23,-0.21,0.2451,0.2451,0.2451,0.2451,0.06,0.00,0.00,26.712129,84.305102,M,2097,2097,2097,2097,2048,2048
120494,IDLE,0.08,-0.11,180.12,0.55,-0.20,-0.03,0.0232,0.0232,0.0232,0.0232,0.06,-0.01,0.00,26.712129,84.305102,M,2053,2053,2053,2053,2048,2048
120515,IDLE,0.09,-0.11,180.12,0.51,-0.15,-0.02,0.0139,0.0139,0.0139,0.0139,0.06,-0.03,0.00,26.712129,84.305102,M,2051,2051,2051,2051,2048,2048
120548,IDLE,0.10,-0.11,180.12,0.36,-0.14,-0.12,0.1345,0.1345,0.1345,0.1345,0.06,-0.06,0.00,26.712129,84.305102,M,2075,2075,2075,2075,2048,2048
120572,IDLE,0.11,-0.11,180.11,0.45,-0.22,-0.09,0.1090,0.1090,0.1090,0.1090,0.05,-0.07,0.00,26.712129,84.305102,M,2070,2070,2070,2070,2048,2048
120590,IDLE,0.11,-0.11,180.11,0.20,-0.22,-0.07,0.0830,0.0830,0.0830,0.0830,0.05,-0.08,0.00,26.712129,84.305102,M,2065,2065,2065,2065,2048,2048
120617,IDLE,0.10,-0.11,180.11,0.00,-0.22,-0.02,0.0321,0.0321,0.0321,0.0321,0.05,-0.07,0.00,26.712129,84.305102,M,2054,2054,2054,2054,2048,2048
120638,IDLE,0.10,-0.11,180.11,-0.01,-0.18,0.11,-0.1316,-0.1316,-0.1316,-0.1316,0.05,-0.08,0.00,26.712129,84.305102,M,2022,2022,2022,2022,2048,2048
120663,IDLE,0.10,-0.11,180.11,0.02,-0.12,-0.03,0.0427,0.0427,0.0427,0.0427,0.05,-0.09,0.00,26.712129,84.305102,M,2057,2057,2057,2057,2048,2048
120681,IDLE,0.10,-0.11,180.11,0.10,0.06,-0.06,0.0712,0.0712,0.0712,0.0712,0.04,-0.07,0.00,26.712129,84.305102,M,2062,2062,2062,2062,2048,2048
120708,IDLE,0.09,-0.10,180.11,-0.06,0.19,-0.08,0.0993,0.0993,0.0993,0.0993,0.04,-0.06,0.00,26.712129,84.305102,M,2068,2068,2068,2068,2048,2048
120728,IDLE,0.09,-0.09,180.11,0.03,0.22,0.02,-0.0335,-0.0335,-0.0335,-0.0335,0.05,-0.04,0.00,26.712129,84.305102,M,2041,2041,2041,2041,2048,2048
120753,IDLE,0.08,-0.08,180.11,0.00,0.02,0.03,-0.0324,-0.0324,-0.0324,-0.0324,0.05,-0.02,0.00,26.712129,84.305102,M,2042,2042,2042,2042,2048,2048
120776,IDLE,0.07,-0.08,180.11,-0.22,0.09,0.03,-0.0338,-0.0338,-0.0338,-0.0338,0.05,0.01,0.00,26.712129,84.305102,M,2041,2041,2041,2041,2048,2048
120802,IDLE,0.07,-0.07,180.10,-0.21,0.23,-0.09,0.1051,0.1051,0.1051,0.1051,0.05,0.02,0.00,26.712129,84.305102,M,2069,2069,2069,2069,2048,2048
120822,IDLE,0.06,-0.06,180.10,-0.18,0.21,-0.24,0.2952,0.2952,0.2952,0.2952,0.05,0.03,0.00,26.712129,84.305102,M,2107,2107,2107,2107,2048,2048
120846,IDLE,0.05,-0.06,180.09,-0.10,0.21,-0.30,0.3624,0.3624,0.3624,0.3624,0.05,0.04,0.00,26.712129,84.305102,M,2120,2120,2120,2120,2048,2048
120869,IDLE,0.05,-0.05,180.08,-0.00,0.09,-0.30,0.3610,0.3610,0.3610,0.3610,0.05,0.04,0.00,26.712129,84.305102,M,2120,2120,2120,2120,2048,2048
120896,IDLE,0.05,-0.05,180.08,0.06,-0.03,-0.18,0.2238,0.2238,0.2238,0.2238,0.05,0.03,0.00,26.712129,84.305102,M,2093,2093,2093,2093,2048,2048
120916,IDLE,0.05,-0.04,180.07,0.02,0.11,-0.11,0.1326,0.1326,0.1326,0.1326,0.05,0.02,0.00,26.712129,84.305102,M,2075,2075,2075,2075,2048,2048
120941,IDLE,0.05,-0.04,180.07,0.05,0.15,0.04,-0.0476,-0.0476,-0.0476,-0.0476,0.05,0.01,0.00,26.712129,84.305102,M,2038,2038,2038,2038,2048,2048
120959,IDLE,0.05,-0.04,180.08,0.06,0.09,0.18,-0.2283,-0.2283,-0.2283,-0.2283,0.05,0.00,0.00,26.712129,84.305102,M,2002,2002,2002,2002,2048,2048
120986,IDLE,0.05,-0.03,180.08,0.05,0.10,0.17,-0.2157,-0.2157,-0.2157,-0.2157,0.05,0.00,0.00,26.712129,84.305102,M,2005,2005,2005,2005,2048,2048
121006,IDLE,0.05,-0.03,180.08,0.09,0.09,0.09,-0.1173,-0.1173,-0.1173,-0.1173,0.05,0.00,0.00,26.712129,84.305102,M,2025,2025,2025,2025,2048,2048
121030,IDLE,0.05,-0.02,180.08,-0.02,0.17,-0.03,0.0317,0.0317,0.0317,0.0317,0.05,0.00,0.00,26.712129,84.305102,M,2054,2054,2054,2054,2048,2048
121048,IDLE,0.05,-0.02,180.08,-0.08,0.22,0.01,-0.0164,-0.0164,-0.0164,-0.0164,0.05,0.01,0.00,26.712129,84.305102,M,2045,2045,2045,2045,2048,2048
121075,IDLE,0.04,-0.01,180.08,-0.18,0.26,-0.03,0.0357,0.0357,0.0357,0.0357,0.05,0.02,0.00,26.712129,84.305102,M,2055,2055,2055,2055,2048,2048
121095,IDLE,0.03,-0.00,180.08,-0.20,0.29,-0.06,0.0762,0.0762,0.0762,0.0762,0.05,0.02,0.00,26.712129,84.305102,M,2063,2063,2063,2063,2048,2048
121119,IDLE,0.03,0.00,180.08,-0.09,0.24,0.04,-0.0480,-0.0480,-0.0480,-0.0480,0.06,0.02,0.00,26.712129,84.305102,M,2038,2038,2038,2038,2048,2048
121142,IDLE,0.02,0.01,180.08,-0.22,0.26,0.17,-0.2086,-0.2086,-0.2086,-0.2086,0.06,0.01,0.00,26.712129,84.305102,M,2006,2006,2006,2006,2048,2048
121169,IDLE,0.02,0.01,180.09,-0.15,0.13,0.31,-0.3745,-0.3745,-0.3745,-0.3745,0.05,0.01,0.00,26.712129,84.305102,M,1973,1973,1973,1973,2048,2048
121189,IDLE,0.01,0.02,180.09,-0.25,0.12,0.27,-0.3233,-0.3233,-0.3233,-0.3233,0.05,0.01,0.00,26.712129,84.305102,M,1983,1983,1983,1983,2048,2048
121213,IDLE,0.01,0.01,180.10,-0.26,-0.06,0.14,-0.1593,-0.1593,-0.1593,-0.1593,0.06,0.01,0.00,26.712129,84.305102,M,2016,2016,2016,2016,2048,2048
121236,IDLE,0.00,0.01,180.10,-0.14,-0.03,0.07,-0.0814,-0.0814,-0.0814,-0.0814,0.05,-0.00,0.00,26.712129,84.305102,M,2032,2032,2032,2032,2048,2048
121262,IDLE,-0.00,0.01,180.10,-0.17,-0.03,0.12,-0.1439,-0.1439,-0.1439,-0.1439,0.05,-0.01,0.00,26.712129,84.305102,M,2019,2019,2019,2019,2048,2048
121282,IDLE,-0.00,0.01,180.10,0.03,-0.13,0.02,-0.0245,-0.0245,-0.0245,-0.0245,0.05,0.00,0.00,26.712129,84.305102,M,2043,2043,2043,2043,2048,2048
121305,IDLE,0.00,0.01,180.10,0.16,-0.00,-0.04,0.0411,0.0411,0.0411,0.0411,0.06,0.01,0.00,26.712129,84.305102,M,2056,2056,2056,2056,2048,2048
121327,IDLE,0.00,0.01,180.10,0.03,0.01,-0.02,0.0292,0.0292,0.0292,0.0292,0.05,0.00,0.00,26.712129,84.305102,M,2054,2054,2054,2054,2048,2048
121361,IDLE,-0.00,0.01,180.10,-0.12,0.02,0.09,-0.1074,-0.1074,-0.1074,-0.1074,0.05,-0.00,0.00,26.712129,84.305102,M,2027,2027,2027,2027,2048,2048
121388,IDLE,-0.00,0.01,180.10,-0.04,-0.01,0.23,-0.2772,-0.2772,-0.2772,-0.2772,0.05,-0.01,0.00,26.712129,84.305102,M,1993,1993,1993,1993,2048,2048
121407,IDLE,-0.00,0.01,180.11,0.01,-0.13,0.19,-0.2350,-0.2350,-0.2350,-0.2350,0.05,-0.04,0.00,26.712129,84.305102,M,2001,2001,2001,2001,2048,2048
121430,IDLE,-0.00,0.01,180.11,-0.07,-0.16,0.22,-0.2685,-0.2685,-0.2685,-0.2685,0.05,-0.05,0.00,26.712129,84.305102,M,1994,1994,1994,1994,2048,2048
121452,IDLE,-0.01,0.00,180.12,-0.26,-0.09,0.18,-0.2137,-0.2137,-0.2137,-0.2137,0.05,-0.04,0.00,26.712129,84.305102,M,2005,2005,2005,2005,2048,2048
121478,IDLE,-0.01,0.00,180.12,-0.21,-0.06,0.08,-0.0934,-0.0934,-0.0934,-0.0934,0.05,-0.04,0.00,26.712129,84.305102,M,2029,2029,2029,2029,2048,2048
121496,IDLE,-0.02,0.00,180.12,-0.40,-0.01,0.09,-0.1056,-0.1056,-0.1056,-0.1056,0.05,-0.03,0.00,26.712129,84.305102,M,2027,2027,2027,2027,2048,2048
121523,IDLE,-0.03,-0.00,180.12,-0.30,-0.15,0.06,-0.0583,-0.0583,-0.0583,-0.0583,0.05,-0.03,0.00,26.712129,84.305102,M,2036,2036,2036,2036,2048,2048
121544,IDLE,-0.04,-0.00,180.12,-0.37,-0.06,0.15,-0.1724,-0.1724,-0.1724,-0.1724,0.05,-0.02,0.00,26.712129,84.305102,M,2014,2014,2014,2014,2048,2048
121568,IDLE,-0.04,-0.00,180.12,-0.30,-0.04,-0.01,0.0229,0.0229,0.0229,0.0229,0.05,-0.02,0.00,26.712129,84.305102,M,2053,2053,2053,2053,2048,2048
121590,IDLE,-0.05,-0.00,180.12,-0.21,-0.02,-0.04,0.0503,0.0503,0.0503,0.0503,0.05,-0.03,0.00,26.712129,84.305102,M,2058,2058,2058,2058,2048,2048
121616,IDLE,-0.05,-0.01,180.12,-0.22,-0.17,0.04,-0.0418,-0.0418,-0.0418,-0.0418,0.05,-0.03,0.00,26.712129,84.305102,M,2040,2040,2040,2040,2048,2048
121635,IDLE,-0.05,-0.01,180.12,-0.15,-0.22,-0.04,0.0511,0.0511,0.0511,0.0511,0.05,-0.02,0.00,26.712129,84.305102,M,2058,2058,2058,2058,2048,2048
121663,IDLE,-0.05,-0.01,180.11,-0.04,-0.26,-0.03,0.0465,0.0465,0.0465,0.0465,0.05,-0.02,0.00,26.712129,84.305102,M,2057,2057,2057,2057,2048,2048
121684,IDLE,-0.05,-0.02,180.11,0.10,-0.31,0.01,-0.0055,-0.0055,-0.0055,-0.0055,0.05,-0.02,0.00,26.712129,84.305102,M,2047,2047,2047,2047,2048,2048
121709,IDLE,-0.05,-0.02,180.11,0.02,-0.33,0.02,-0.0192,-0.0192,-0.0192,-0.0192,0.04,-0.02,0.00,26.712129,84.305102,M,2044,2044,2044,2044,2048,2048
121728,IDLE,-0.05,-0.03,180.11,-0.21,-0.22,0.03,-0.0228,-0.0228,-0.0228,-0.0228,0.04,-0.02,0.00,26.712129,84.305102,M,2043,2043,2043,2043,2048,2048
121755,IDLE,-0.05,-0.03,180.11,-0.07,-0.26,-0.10,0.1332,0.1332,0.1332,0.1332,0.04,-0.02,0.00,26.712129,84.305102,M,2075,2075,2075,2075,2048,2048
121775,IDLE,-0.05,-0.03,180.11,-0.07,-0.12,-0.02,0.0221,0.0221,0.0221,0.0221,0.04,-0.01,0.00,26.712129,84.305102,M,2052,2052,2052,2052,2048,2048
121798,IDLE,-0.05,-0.03,180.11,-0.02,-0.17,0.05,-0.0530,-0.0530,-0.0530,-0.0530,0.04,-0.01,0.00,26.712129,84.305102,M,2037,2037,2037,2037,2048,2048
121821,IDLE,-0.06,-0.03,180.11,-0.26,-0.19,0.13,-0.1547,-0.1547,-0.1547,-0.1547,0.05,0.01,0.00,26.712129,84.305102,M,2017,2017,2017,2017,2048,2048
121847,IDLE,-0.06,-0.04,180.12,-0.29,-0.16,0.19,-0.2197,-0.2197,-0.2197,-0.2197,0.05,0.03,0.00,26.712129,84.305102,M,2004,2004,2004,2004,2048,2048
121866,IDLE,-0.07,-0.04,180.11,-0.22,-0.08,-0.03,0.0466,0.0466,0.0466,0.0466,0.05,0.02,0.00,26.712129,84.305102,M,2057,2057,2057,2057,2048,2048
121894,IDLE,-0.07,-0.03,180.11,-0.20,0.03,0.06,-0.0739,-0.0739,-0.0739,-0.0739,0.05,0.01,0.00,26.712129,84.305102,M,2033,2033,2033,2033,2048,2048
121915,IDLE,-0.07,-0.03,180.12,-0.21,0.11,0.26,-0.3092,-0.3092,-0.3092,-0.3092,0.05,-0.00,0.00,26.712129,84.305102,M,1986,1986,1986,1986,2048,2048
121940,IDLE,-0.07,-0.03,180.12,-0.05,-0.05,0.18,-0.2146,-0.2146,-0.2146,-0.2146,0.05,-0.01,0.00,26.712129,84.305102,M,2005,2005,2005,2005,2048,2048
121963,IDLE,-0.07,-0.03,180.13,-0.18,-0.04,0.19,-0.2279,-0.2279,-0.2279,-0.2279,0.04,-0.02,0.00,26.712129,84.305102,M,2002,2002,2002,2002,2048,2048
121990,IDLE,-0.07,-0.03,180.13,0.17,-0.14,0.28,-0.3450,-0.3450,-0.3450,-0.3450,0.04,-0.03,0.00,26.712129,84.305102,M,1979,1979,1979,1979,2048,2048
122010,IDLE,-0.07,-0.02,180.14,-0.03,0.05,0.27,-0.3252,-0.3252,-0.3252,-0.3252,0.04,-0.02,0.00,26.712129,84.305102,M,1983,1983,1983,1983,2048,2048
122033,IDLE,-0.07,-0.02,180.14,0.08,0.04,0.13,-0.1611,-0.1611,-0.1611,-0.1611,0.04,-0.01,0.00,26.712129,84.305102,M,2016,2016,2016,2016,2048,2048
122055,IDLE,-0.06,-0.02,180.14,0.13,0.03,0.04,-0.0557,-0.0557,-0.0557,-0.0557,0.04,-0.00,0.00,26.712129,84.305102,M,2037,2037,2037,2037,2048,2048
122080,IDLE,-0.06,-0.02,180.14,0.08,-0.03,0.17,-0.2124,-0.2124,-0.2124,-0.2124,0.04,0.00,0.00,26.712129,84.305102,M,2006,2006,2006,2006,2048,2048
122099,IDLE,-0.05,-0.02,180.15,0.04,-0.04,0.15,-0.1836,-0.1836,-0.1836,-0.1836,0.05,0.01,0.00,26.712129,84.305102,M,2011,2011,2011,2011,2048,2048
122127,IDLE,-0.05,-0.02,180.15,-0.03,-0.13,0.31,-0.3755,-0.3755,-0.3755,-0.3755,0.05,0.02,0.00,26.712129,84.305102,M,1973,1973,1973,1973,2048,2048
122148,IDLE,-0.05,-0.02,180.16,-0.08,-0.10,0.25,-0.2958,-0.2958,-0.2958,-0.2958,0.05,0.04,0.00,26.712129,84.305102,M,1989,1989,1989,1989,2048,2048
122172,IDLE,-0.05,-0.02,180.16,0.05,-0.23,0.29,-0.3464,-0.3464,-0.3464,-0.3464,0.05,0.05,0.00,26.712129,84.305102,M,1979,1979,1979,1979,2048,2048
122195,IDLE,-0.05,-0.02,180.17,0.18,-0.11,0.29,-0.3527,-0.3527,-0.3527,-0.3527,0.05,0.06,0.00,26.712129,84.305102,M,1977,1977,1977,1977,2048,2048
122221,IDLE,-0.04,-0.02,180.17,0.27,-0.05,0.17,-0.2109,-0.2109,-0.2109,-0.2109,0.05,0.07,0.00,26.712129,84.305103,M,2006,2006,2006,2006,2048,2048
122241,IDLE,-0.04,-0.02,180.17,0.14,-0.06,0.16,-0.1958,-0.1958,-0.1958,-0.1958,0.06,0.07,0.00,26.712129,84.305103,M,2009,2009,2009,2009,2048,2048
122264,IDLE,-0.03,-0.02,180.17,0.21,-0.04,0.05,-0.0665,-0.0665,-0.0665,-0.0665,0.06,0.06,0.00,26.712129,84.305103,M,2035,2035,2035,2035,2048,2048
122286,IDLE,-0.03,-0.02,180.17,0.23,-0.01,0.09,-0.1170,-0.1170,-0.1170,-0.1170,0.05,0.03,0.00,26.712129,84.305103,M,2025,2025,2025,2025,2048,2048
122312,IDLE,-0.02,-0.02,180.17,0.15,-0.12,0.00,-0.0072,-0.0072,-0.0072,-0.0072,0.05,0.01,0.00,26.712129,84.305103,M,2047,2047,2047,2047,2048,2048
122331,IDLE,-0.02,-0.03,180.17,0.22,-0.13,0.03,-0.0398,-0.0398,-0.0398,-0.0398,0.05,0.01,0.00,26.712129,84.305103,M,2040,2040,2040,2040,2048,2048
122358,IDLE,-0.02,-0.03,180.17,0.01,-0.13,0.12,-0.1492,-0.1492,-0.1492,-0.1492,0.05,0.02,0.00,26.712129,84.305103,M,2018,2018,2018,2018,2048,2048
122379,IDLE,-0.02,-0.03,180.18,-0.15,-0.10,0.16,-0.1870,-0.1870,-0.1870,-0.1870,0.05,-0.00,0.00,26.712129,84.305103,M,2011,2011,2011,2011,2048,2048
122404,IDLE,-0.03,-0.02,180.18,-0.31,0.12,0.25,-0.3001,-0.3001,-0.3001,-0.3001,0.05,-0.01,0.00,26.712129,84.305103,M,1988,1988,1988,1988,2048,2048
122427,IDLE,-0.03,-0.02,180.19,-0.04,-0.03,0.24,-0.2957,-0.2957,-0.2957,-0.2957,0.05,-0.02,0.00,26.712129,84.305103,M,1989,1989,1989,1989,2048,2048
122453,IDLE,-0.02,-0.02,180.19,0.12,-0.09,0.18,-0.2265,-0.2265,-0.2265,-0.2265,0.05,-0.03,0.00,26.712129,84.305103,M,2003,2003,2003,2003,2048,2048
122472,IDLE,-0.02,-0.02,180.19,0.02,-0.05,0.20,-0.2479,-0.2479,-0.2479,-0.2479,0.05,-0.04,0.00,26.712129,84.305103,M,1998,1998,1998,1998,2048,2048
122501,IDLE,-0.02,-0.02,180.20,0.09,-0.06,0.20,-0.2467,-0.2467,-0.2467,-0.2467,0.05,-0.05,0.00,26.712129,84.305103,M,1999,1999,1999,1999,2048,2048
122527,IDLE,-0.02,-0.02,180.20,-0.12,0.12,0.23,-0.2849,-0.2849,-0.2849,-0.2849,0.05,-0.05,0.00,26.712129,84.305103,M,1991,1991,1991,1991,2048,2048
122559,IDLE,-0.04,-0.00,180.21,-0.41,0.37,0.18,-0.2131,-0.2131,-0.2131,-0.2131,0.04,-0.05,0.00,26.712129,84.305103,M,2005,2005,2005,2005,2048,2048
122584,IDLE,-0.04,-0.00,180.21,-0.18,0.12,0.28,-0.3369,-0.3369,-0.3369,-0.3369,0.04,-0.05,0.00,26.712129,84.305103,M,1981,1981,1981,1981,2048,2048
122602,IDLE,-0.04,0.00,180.21,0.04,0.03,0.14,-0.1680,-0.1680,-0.1680,-0.1680,0.04,-0.05,0.00,26.712129,84.305103,M,2014,2014,2014,2014,2048,2048
122629,IDLE,-0.04,0.00,180.21,-0.01,0.13,0.09,-0.1109,-0.1109,-0.1109,-0.1109,0.04,-0.05,0.00,26.712129,84.305103,M,2026,2026,2026,2026,2048,2048
122650,IDLE,-0.04,0.01,180.21,-0.12,0.23,0.07,-0.0908,-0.0908,-0.0908,-0.0908,0.04,-0.06,0.00,26.712129,84.305103,M,2030,2030,2030,2030,2048,2048
122673,IDLE,-0.04,0.01,180.21,-0.13,0.03,0.07,-0.0805,-0.0805,-0.0805,-0.0805,0.04,-0.06,0.00,26.712129,84.305103,M,2032,2032,2032,2032,2048,2048
122696,IDLE,-0.05,0.01,180.21,-0.13,0.04,-0.12,0.1507,0.1507,0.1507,0.1507,0.04,-0.06,0.00,26.712129,84.305103,M,2078,2078,2078,2078,2048,2048
122722,IDLE,-0.05,0.01,180.20,-0.06,0.00,-0.17,0.2097,0.2097,0.2097,0.2097,0.04,-0.06,0.00,26.712129,84.305103,M,2090,2090,2090,2090,2048,2048
122742,IDLE,-0.05,0.02,180.20,-0.31,0.21,-0.08,0.1021,0.1021,0.1021,0.1021,0.04,-0.05,0.00,26.712129,84.305103,M,2068,2068,2068,2068,2048,2048
122765,IDLE,-0.05,0.02,180.20,-0.11,0.08,-0.04,0.0536,0.0536,0.0536,0.0536,0.04,-0.04,0.00,26.712129,84.305103,M,2059,2059,2059,2059,2048,2048
122788,IDLE,-0.06,0.03,180.19,-0.34,0.17,-0.03,0.0444,0.0444,0.0444,0.0444,0.04,-0.02,0.00,26.712129,84.305103,M,2057,2057,2057,2057,2048,2048
122814,IDLE,-0.06,0.03,180.19,-0.29,0.09,0.03,-0.0283,-0.0283,-0.0283,-0.0283,0.04,-0.01,0.00,26.712129,84.305103,M,2042,2042,2042,2042,2048,2048
122833,IDLE,-0.07,0.03,180.19,-0.35,0.12,-0.08,0.1077,0.1077,0.1077,0.1077,0.04,-0.01,0.00,26.712129,84.305103,M,2070,2070,2070,2070,2048,2048
122856,IDLE,-0.08,0.04,180.19,-0.43,0.18,-0.21,0.2672,0.2672,0.2672,0.2672,0.04,-0.00,0.00,26.712129,84.305103,M,2101,2101,2101,2101,2048,2048
122878,IDLE,-0.09,0.04,180.18,-0.51,0.20,-0.14,0.1753,0.1753,0.1753,0.1753,0.04,-0.00,0.00,26.712129,84.305103,M,2083,2083,2083,2083,2048,2048
122904,IDLE,-0.09,0.04,180.18,-0.33,0.03,-0.14,0.1739,0.1739,0.1739,0.1739,0.04,-0.00,0.00,26.712129,84.305103,M,2083,2083,2083,2083,2048,2048
122924,IDLE,-0.10,0.04,180.17,-0.29,-0.00,-0.11,0.1407,0.1407,0.1407,0.1407,0.04,-0.01,0.00,26.712129,84.305103,M,2076,2076,2076,2076,2048,2048
122947,IDLE,-0.10,0.04,180.17,-0.18,-0.07,-0.09,0.1160,0.1160,0.1160,0.1160,0.04,-0.02,0.00,26.712129,84.305103,M,2071,2071,2071,2071,2048,2048
122969,IDLE,-0.10,0.04,180.17,-0.11,-0.07,0.02,-0.0265,-0.0265,-0.0265,-0.0265,0.04,-0.00,0.00,26.712129,84.305103,M,2043,2043,2043,2043,2048,2048
122994,IDLE,-0.10,0.04,180.17,-0.19,0.06,0.03,-0.0294,-0.0294,-0.0294,-0.0294,0.04,0.01,0.00,26.712129,84.305103,M,2042,2042,2042,2042,2048,2048
123013,IDLE,-0.11,0.04,180.17,-0.23,0.06,0.23,-0.2715,-0.2715,-0.2715,-0.2715,0.04,0.04,0.00,26.712129,84.305103,M,1994,1994,1994,1994,2048,2048
123041,IDLE,-0.11,0.04,180.18,-0.33,0.09,0.27,-0.3241,-0.3241,-0.3241,-0.3241,0.04,0.05,0.00,26.712129,84.305103,M,1983,1983,1983,1983,2048,2048
123062,IDLE,-0.12,0.04,180.18,-0.37,0.09,0.23,-0.2715,-0.2715,-0.2715,-0.2715,0.04,0.05,0.00,26.712129,84.305103,M,1994,1994,1994,1994,2048,2048
123087,IDLE,-0.12,0.04,180.18,-0.16,-0.03,0.17,-0.2090,-0.2090,-0.2090,-0.2090,0.04,0.04,0.00,26.712129,84.305103,M,2006,2006,2006,2006,2048,2048
123105,IDLE,-0.12,0.04,180.19,-0.26,-0.01,0.21,-0.2503,-0.2503,-0.2503,-0.2503,0.05,0.04,0.00,26.712129,84.305103,M,1998,1998,1998,1998,2048,2048
123132,IDLE,-0.12,0.04,180.19,-0.17,0.04,0.10,-0.1181,-0.1181,-0.1181,-0.1181,0.05,0.04,0.00,26.712129,84.305103,M,2024,2024,2024,2024,2048,2048
123153,IDLE,-0.12,0.04,180.19,-0.07,-0.07,0.20,-0.2456,-0.2456,-0.2456,-0.2456,0.04,0.02,0.00,26.712129,84.305103,M,1999,1999,1999,1999,2048,2048
123177,IDLE,-0.12,0.04,180.19,-0.05,-0.07,0.10,-0.1214,-0.1214,-0.1214,-0.1214,0.04,0.01,0.00,26.712129,84.305103,M,2024,2024,2024,2024,2048,2048
123199,IDLE,-0.12,0.04,180.19,0.01,-0.16,0.08,-0.0929,-0.0929,-0.0929,-0.0929,0.04,0.01,0.00,26.712129,84.305103,M,2029,2029,2029,2029,2048,2048
123225,IDLE,-0.12,0.04,180.19,-0.06,-0.08,-0.10,0.1264,0.1264,0.1264,0.1264,0.04,0.00,0.00,26.712129,84.305103,M,2073,2073,2073,2073,2048,2048
123245,IDLE,-0.12,0.04,180.19,-0.18,0.09,-0.06,0.0749,0.0749,0.0749,0.0749,0.04,-0.00,0.00,26.712129,84.305103,M,2063,2063,2063,2063,2048,2048
123268,IDLE,-0.12,0.04,180.19,-0.35,0.12,-0.04,0.0494,0.0494,0.0494,0.0494,0.04,-0.00,0.00,26.712129,84.305103,M,2058,2058,2058,2058,2048,2048
123291,IDLE,-0.13,0.04,180.18,-0.57,-0.09,-0.06,0.0828,0.0828,0.0828,0.0828,0.04,-0.01,0.00,26.712129,84.305103,M,2065,2065,2065,2065,2048,2048
123317,IDLE,-0.14,0.04,180.18,-0.50,0.07,0.04,-0.0360,-0.0360,-0.0360,-0.0360,0.04,-0.02,0.00,26.712129,84.305103,M,2041,2041,2041,2041,2048,2048
123336,IDLE,-0.14,0.04,180.19,-0.38,0.08,0.19,-0.2197,-0.2197,-0.2197,-0.2197,0.04,-0.04,0.00,26.712129,84.305103,M,2004,2004,2004,2004,2048,2048
123372,IDLE,-0.15,0.04,180.19,-0.46,0.04,0.11,-0.1237,-0.1237,-0.1237,-0.1237,0.04,-0.06,0.00,26.712129,84.305103,M,2023,2023,2023,2023,2048,2048
123395,IDLE,-0.16,0.05,180.19,-0.37,0.17,0.05,-0.0590,-0.0590,-0.0590,-0.0590,0.03,-0.07,0.00,26.712129,84.305103,M,2036,2036,2036,2036,2048,2048
123417,IDLE,-0.16,0.05,180.19,-0.30,0.08,-0.01,0.0170,0.0170,0.0170,0.0170,0.03,-0.07,0.00,26.712129,84.305103,M,2051,2051,2051,2051,2048,2048
123442,IDLE,-0.16,0.05,180.19,-0.31,-0.03,-0.02,0.0352,0.0352,0.0352,0.0352,0.03,-0.07,0.00,26.712129,84.305103,M,2055,2055,2055,2055,2048,2048
123461,IDLE,-0.17,0.05,180.19,-0.28,0.01,0.07,-0.0844,-0.0844,-0.0844,-0.0844,0.03,-0.08,0.00,26.712129,84.305103,M,2031,2031,2031,2031,2048,2048
123489,IDLE,-0.17,0.04,180.19,-0.26,-0.07,0.04,-0.0378,-0.0378,-0.0378,-0.0378,0.03,-0.09,0.00,26.712129,84.305103,M,2040,2040,2040,2040,2048,2048
123510,IDLE,-0.17,0.04,180.18,-0.20,-0.07,-0.10,0.1251,0.1251,0.1251,0.1251,0.03,-0.06,0.00,26.712129,84.305103,M,2073,2073,2073,2073,2048,2048
123535,IDLE,-0.17,0.04,180.18,-0.07,-0.07,-0.09,0.1136,0.1136,0.1136,0.1136,0.03,-0.04,0.00,26.712129,84.305103,M,2071,2071,2071,2071,2048,2048
123553,IDLE,-0.16,0.03,180.18,-0.00,-0.18,-0.03,0.0359,0.0359,0.0359,0.0359,0.03,-0.04,0.00,26.712129,84.305103,M,2055,2055,2055,2055,2048,2048
123580,IDLE,-0.16,0.03,180.17,0.13,-0.17,-0.07,0.0832,0.0832,0.0832,0.0832,0.03,-0.03,0.00,26.712129,84.305103,M,2065,2065,2065,2065,2048,2048
123601,IDLE,-0.15,0.03,180.17,0.13,-0.10,-0.10,0.1163,0.1163,0.1163,0.1163,0.03,-0.04,0.00,26.712129,84.305103,M,2071,2071,2071,2071,2048,2048
123625,IDLE,-0.14,0.02,180.17,0.29,-0.34,0.03,-0.0369,-0.0369,-0.0369,-0.0369,0.02,-0.04,0.00,26.712129,84.305103,M,2041,2041,2041,2041,2048,2048
123643,IDLE,-0.14,0.02,180.17,0.04,-0.12,0.05,-0.0542,-0.0542,-0.0542,-0.0542,0.02,-0.04,0.00,26.712129,84.305103,M,2037,2037,2037,2037,2048,2048
123670,IDLE,-0.13,0.02,180.17,0.08,-0.22,0.11,-0.1280,-0.1280,-0.1280,-0.1280,0.02,-0.03,0.00,26.712129,84.305103,M,2022,2022,2022,2022,2048,2048
123690,IDLE,-0.13,0.02,180.17,-0.04,-0.12,-0.02,0.0216,0.0216,0.0216,0.0216,0.03,-0.01,0.00,26.712129,84.305103,M,2052,2052,2052,2052,2048,2048
123714,IDLE,-0.13,0.01,180.17,-0.07,-0.23,-0.05,0.0687,0.0687,0.0687,0.0687,0.03,0.01,0.00,26.712129,84.305103,M,2062,2062,2062,2062,2048,2048
123736,IDLE,-0.13,0.01,180.16,-0.17,-0.07,-0.15,0.1930,0.1930,0.1930,0.1930,0.03,0.01,0.00,26.712129,84.305103,M,2087,2087,2087,2087,2048,2048
123762,IDLE,-0.13,0.01,180.16,-0.15,-0.10,-0.07,0.0934,0.0934,0.0934,0.0934,0.03,0.01,0.00,26.712129,84.305103,M,2067,2067,2067,2067,2048,2048
123782,IDLE,-0.14,0.01,180.16,-0.33,-0.10,0.18,-0.2114,-0.2114,-0.2114,-0.2114,0.03,0.00,0.00,26.712129,84.305103,M,2006,2006,2006,2006,2048,2048
123806,IDLE,-0.14,0.01,180.16,-0.06,-0.21,0.13,-0.1589,-0.1589,-0.1589,-0.1589,0.03,0.00,0.00,26.712129,84.305103,M,2016,2016,2016,2016,2048,2048
123828,IDLE,-0.14,0.00,180.17,-0.09,-0.27,0.15,-0.1743,-0.1743,-0.1743,-0.1743,0.03,0.00,0.00,26.712129,84.305103,M,2013,2013,2013,2013,2048,2048
123854,IDLE,-0.14,-0.00,180.17,-0.09,-0.25,0.05,-0.0546,-0.0546,-0.0546,-0.0546,0.03,0.00,0.00,26.712129,84.305103,M,2037,2037,2037,2037,2048,2048
123873,IDLE,-0.13,-0.00,180.17,0.12,-0.09,0.23,-0.2846,-0.2846,-0.2846,-0.2846,0.03,-0.00,0.00,26.712129,84.305103,M,1991,1991,1991,1991,2048,2048
123901,IDLE,-0.13,-0.00,180.18,0.11,-0.11,0.34,-0.4174,-0.4174,-0.4174,-0.4174,0.03,-0.01,0.00,26.712129,84.305103,M,1965,1965,1965,1965,2048,2048
123922,IDLE,-0.12,-0.00,180.18,0.11,-0.02,0.27,-0.3288,-0.3288,-0.3288,-0.3288,0.03,-0.01,0.00,26.712129,84.305103,M,1982,1982,1982,1982,2048,2048
123946,IDLE,-0.11,-0.01,180.19,0.23,-0.17,0.18,-0.2243,-0.2243,-0.2243,-0.2243,0.03,-0.02,0.00,26.712129,84.305103,M,2003,2003,2003,2003,2048,2048
123969,IDLE,-0.11,-0.01,180.19,0.11,-0.11,0.16,-0.2015,-0.2015,-0.2015,-0.2015,0.02,-0.02,0.00,26.712129,84.305103,M,2008,2008,2008,2008,2048,2048
123996,IDLE,-0.10,-0.01,180.19,0.04,-0.07,0.24,-0.2879,-0.2879,-0.2879,-0.2879,0.02,-0.03,0.00,26.712129,84.305103,M,1990,1990,1990,1990,2048,2048
124015,IDLE,-0.10,-0.01,180.20,-0.04,-0.11,0.23,-0.2834,-0.2834,-0.2834,-0.2834,0.02,-0.04,0.00,26.712129,84.305103,M,1991,1991,1991,1991,2048,2048
124044,IDLE,-0.10,-0.01,180.20,-0.09,-0.10,0.10,-0.1173,-0.1173,-0.1173,-0.1173,0.02,-0.04,0.00,26.712129,84.305103,M,2025,2025,2025,2025,2048,2048
124071,IDLE,-0.10,-0.01,180.20,-0.10,-0.21,0.02,-0.0160,-0.0160,-0.0160,-0.0160,0.02,-0.05,0.00,26.712129,84.305103,M,2045,2045,2045,2045,2048,2048
124090,IDLE,-0.10,-0.02,180.20,0.06,-0.28,0.07,-0.0849,-0.0849,-0.0849,-0.0849,0.02,-0.06,0.00,26.712129,84.305103,M,2031,2031,2031,2031,2048,2048
124114,IDLE,-0.09,-0.02,180.20,0.18,-0.28,0.06,-0.0751,-0.0751,-0.0751,-0.0751,0.02,-0.06,0.00,26.712129,84.305103,M,2033,2033,2033,2033,2048,2048
124135,IDLE,-0.09,-0.03,180.20,-0.08,-0.25,0.02,-0.0212,-0.0212,-0.0212,-0.0212,0.01,-0.06,0.00,26.712129,84.305103,M,2044,2044,2044,2044,2048,2048
124161,IDLE,-0.09,-0.03,180.20,-0.01,-0.20,0.10,-0.1188,-0.1188,-0.1188,-0.1188,0.01,-0.05,0.00,26.712129,84.305103,M,2024,2024,2024,2024,2048,2048
124179,IDLE,-0.09,-0.03,180.20,-0.04,-0.05,0.06,-0.0746,-0.0746,-0.0746,-0.0746,0.01,-0.03,0.00,26.712129,84.305103,M,2033,2033,2033,2033,2048,2048
124206,IDLE,-0.09,-0.03,180.20,-0.09,-0.15,0.11,-0.1273,-0.1273,-0.1273,-0.1273,0.02,-0.02,0.00,26.712129,84.305103,M,2023,2023,2023,2023,2048,2048
124226,IDLE,-0.10,-0.02,180.20,-0.37,0.03,-0.00,0.0102,0.0102,0.0102,0.0102,0.02,-0.02,0.00,26.712129,84.305103,M,2050,2050,2050,2050,2048,2048
124250,IDLE,-0.10,-0.02,180.20,-0.32,-0.03,-0.04,0.0519,0.0519,0.0519,0.0519,0.02,-0.01,0.00,26.712129,84.305103,52.4,2058,2058,2058,2058,2048,2048
124272,IDLE,-0.11,-0.02,180.19,-0.17,0.04,-0.20,0.2505,0.2505,0.2505,0.2505,0.02,-0.01,0.00,26.712129,84.305103,52.4,2098,2098,2098,2098,2048,2048
124298,IDLE,-0.10,-0.02,180.18,0.03,0.00,-0.12,0.1500,0.1500,0.1500,0.1500,0.02,-0.01,0.00,26.712129,84.305103,52.4,2078,2078,2078,2078,2048,2048
124317,IDLE,-0.10,-0.02,180.18,0.17,-0.07,-0.11,0.1365,0.1365,0.1365,0.1365,0.02,-0.00,0.00,26.712129,84.305103,52.4,2075,2075,2075,2075,2048,2048
124345,IDLE,-0.09,-0.02,180.18,0.16,-0.10,-0.06,0.0772,0.0772,0.0772,0.0772,0.02,-0.00,0.00,26.712129,84.305103,52.4,2063,2063,2063,2063,2048,2048
124366,IDLE,-0.09,-0.02,180.18,0.18,-0.16,-0.00,0.0031,0.0031,0.0031,0.0031,0.02,0.00,0.00,26.712129,84.305103,52.4,2049,2049,2049,2049,2048,2048
124391,IDLE,-0.08,-0.02,180.17,0.08,-0.15,-0.12,0.1507,0.1507,0.1507,0.1507,0.02,0.00,0.00,26.712129,84.305103,52.4,2078,2078,2078,2078,2048,2048
124414,IDLE,-0.08,-0.03,180.17,0.06,-0.18,-0.13,0.1551,0.1551,0.1551,0.1551,0.02,0.00,0.00,26.712129,84.305103,52.4,2079,2079,2079,2079,2048,2048
124441,IDLE,-0.08,-0.03,180.17,0.04,-0.16,-0.04,0.0566,0.0566,0.0566,0.0566,0.02,-0.00,0.00,26.712129,84.305103,52.4,2059,2059,2059,2059,2048,2048
124461,IDLE,-0.07,-0.03,180.16,0.15,-0.35,-0.06,0.0769,0.0769,0.0769,0.0769,0.02,0.01,0.00,26.712129,84.305103,52.4,2063,2063,2063,2063,2048,2048
124484,IDLE,-0.06,-0.04,180.16,0.18,-0.19,-0.00,0.0028,0.0028,0.0028,0.0028,0.02,0.01,0.00,26.712129,84.305103,52.4,2049,2049,2049,2049,2048,2048
124506,IDLE,-0.06,-0.04,180.16,0.18,-0.26,0.11,-0.1300,-0.1300,-0.1300,-0.1300,0.02,0.02,0.00,26.712129,84.305103,52.4,2022,2022,2022,2022,2048,2048
124532,IDLE,-0.05,-0.04,180.17,0.24,-0.25,0.15,-0.1854,-0.1854,-0.1854,-0.1854,0.02,0.02,0.00,26.712129,84.305103,52.4,2011,2011,2011,2011,2048,2048
124559,IDLE,-0.05,-0.05,180.17,0.05,-0.17,0.05,-0.0585,-0.0585,-0.0585,-0.0585,0.02,0.04,0.00,26.712129,84.305103,52.4,2036,2036,2036,2036,2048,2048
124583,IDLE,-0.05,-0.05,180.17,-0.02,-0.10,0.02,-0.0246,-0.0246,-0.0246,-0.0246,0.02,0.05,0.00,26.712129,84.305103,52.4,2043,2043,2043,2043,2048,2048
124605,IDLE,-0.05,-0.05,180.16,0.00,-0.11,-0.04,0.0495,0.0495,0.0495,0.0495,0.02,0.04,0.00,26.712129,84.305103,52.4,2058,2058,2058,2058,2048,2048
124630,IDLE,-0.05,-0.05,180.16,-0.12,-0.17,-0.07,0.0950,0.0950,0.0950,0.0950,0.02,0.03,0.00,26.712129,84.305103,52.4,2067,2067,2067,2067,2048,2048
124649,IDLE,-0.05,-0.05,180.16,-0.14,-0.06,-0.07,0.0851,0.0851,0.0851,0.0851,0.02,0.03,0.00,26.712129,84.305103,52.4,2065,2065,2065,2065,2048,2048
124676,IDLE,-0.05,-0.05,180.16,-0.12,-0.13,-0.05,0.0615,0.0615,0.0615,0.0615,0.02,0.02,0.00,26.712129,84.305103,52.4,2060,2060,2060,2060,2048,2048
124697,IDLE,-0.05,-0.05,180.15,-0.01,-0.16,-0.20,0.2452,0.2452,0.2452,0.2452,0.02,0.02,0.00,26.712129,84.305103,52.4,2097,2097,2097,2097,2048,2048
124721,IDLE,-0.05,-0.05,180.14,-0.06,-0.14,-0.25,0.3053,0.3053,0.3053,0.3053,0.02,0.01,0.00,26.712129,84.305103,52.4,2109,2109,2109,2109,2048,2048
124743,IDLE,-0.05,-0.05,180.14,-0.07,-0.15,-0.18,0.2220,0.2220,0.2220,0.2220,0.02,0.01,0.00,26.712129,84.305103,52.4,2092,2092,2092,2092,2048,2048
124769,IDLE,-0.05,-0.05,180.14,-0.21,-0.07,-0.11,0.1420,0.1420,0.1420,0.1420,0.02,0.01,0.00,26.712129,84.305103,52.4,2076,2076,2076,2076,2048,2048
124789,IDLE,-0.06,-0.05,180.13,-0.24,-0.06,-0.18,0.2233,0.2233,0.2233,0.2233,0.02,0.01,0.00,26.712129,84.305103,52.4,2093,2093,2093,2093,2048,2048
124816,IDLE,-0.06,-0.05,180.13,-0.37,0.10,-0.05,0.0732,0.0732,0.0732,0.0732,0.02,0.01,0.00,26.712129,84.305103,52.4,2063,2063,2063,2063,2048,2048
124838,IDLE,-0.07,-0.04,180.12,-0.32,0.07,-0.11,0.1374,0.1374,0.1374,0.1374,0.02,0.01,0.00,26.712129,84.305103,52.4,2075,2075,2075,2075,2048,2048
124862,IDLE,-0.08,-0.04,180.12,-0.42,0.14,-0.10,0.1334,0.1334,0.1334,0.1334,0.02,0.01,0.00,26.712129,84.305103,52.4,2075,2075,2075,2075,2048,2048
124880,IDLE,-0.08,-0.04,180.12,-0.40,-0.08,0.04,-0.0336,-0.0336,-0.0336,-0.0336,0.02,0.01,0.00,26.712129,84.305103,52.4,2041,2041,2041,2041,2048,2048
124907,IDLE,-0.09,-0.04,180.12,-0.29,-0.11,-0.06,0.0779,0.0779,0.0779,0.0779,0.02,0.01,0.00,26.712129,84.305103,52.4,2064,2064,2064,2064,2048,2048
124927,IDLE,-0.09,-0.04,180.12,-0.25,-0.18,-0.08,0.1037,0.1037,0.1037,0.1037,0.02,0.00,0.00,26.712129,84.305103,52.4,2069,2069,2069,2069,2048,2048
124951,IDLE,-0.09,-0.04,180.11,-0.23,-0.27,-0.11,0.1488,0.1488,0.1488,0.1488,0.02,-0.01,0.00,26.712129,84.305103,52.4,2078,2078,2078,2078,2048,2048
124972,IDLE,-0.10,-0.05,180.11,-0.26,-0.25,-0.22,0.2766,0.2766,0.2766,0.2766,0.02,-0.02,0.00,26.712129,84.305103,52.4,2103,2103,2103,2103,2048,2048
124998,IDLE,-0.10,-0.05,180.10,-0.24,-0.14,-0.19,0.2423,0.2423,0.2423,0.2423,0.02,-0.02,0.00,26.712129,84.305103,52.4,2096,2096,2096,2096,2048,2048
125016,IDLE,-0.10,-0.05,180.10,-0.26,-0.06,-0.21,0.2574,0.2574,0.2574,0.2574,0.02,-0.01,0.00,26.712129,84.305103,52.4,2099,2099,2099,2099,2048,2048
125043,IDLE,-0.10,-0.05,180.09,-0.12,-0.06,-0.08,0.1064,0.1064,0.1064,0.1064,0.02,-0.01,0.00,26.712129,84.305103,52.4,2069,2069,2069,2069,2048,2048
125063,IDLE,-0.10,-0.04,180.09,-0.18,0.13,-0.09,0.1172,0.1172,0.1172,0.1172,0.02,0.00,0.00,26.712129,84.305103,52.4,2071,2071,2071,2071,2048,2048
125087,IDLE,-0.10,-0.04,180.09,-0.03,0.01,0.09,-0.1121,-0.1121,-0.1121,-0.1121,0.02,0.00,0.00,26.712129,84.305103,52.4,2026,2026,2026,2026,2048,2048
125109,IDLE,-0.09,-0.04,180.08,-0.02,-0.07,-0.42,0.5103,0.5103,0.5103,0.5103,0.02,0.01,0.00,26.712129,84.305103,52.4,2150,2150,2150,2150,2048,2048
125134,IDLE,-0.09,-0.04,180.09,-0.14,-0.05,0.28,-0.3386,-0.3386,-0.3386,-0.3386,0.02,0.02,0.00,26.712129,84.305103,52.4,1980,1980,1980,1980,2048,2048
125153,IDLE,-0.08,-0.03,180.09,-0.01,0.13,0.18,-0.2251,-0.2251,-0.2251,-0.2251,0.03,0.04,0.00,26.712129,84.305103,52.4,2003,2003,2003,2003,2048,2048
125180,IDLE,-0.07,-0.03,180.09,0.15,0.06,0.03,-0.0365,-0.0365,-0.0365,-0.0365,0.03,0.05,0.00,26.712129,84.305103,52.4,2041,2041,2041,2041,2048,2048
125201,IDLE,-0.06,-0.03,180.10,0.48,-0.05,0.28,-0.3476,-0.3476,-0.3476,-0.3476,0.03,0.07,0.00,26.712129,84.305103,52.4,1978,1978,1978,1978,2048,2048
125224,IDLE,-0.05,-0.03,180.09,0.37,-0.07,-0.05,0.0596,0.0596,0.0596,0.0596,0.03,0.08,0.00,26.712129,84.305103,52.4,2060,2060,2060,2060,2048,2048
125247,IDLE,-0.02,-0.02,180.10,0.85,0.02,0.27,-0.3469,-0.3469,-0.3469,-0.3469,0.04,0.08,0.00,26.712130,84.305103,52.4,1979,1979,1979,1979,2048,2048
125272,IDLE,-0.02,-0.02,180.10,0.31,-0.15,-0.06,0.0707,0.0707,0.0707,0.0707,0.04,0.08,0.00,26.712130,84.305103,52.4,2062,2062,2062,2062,2048,2048
125291,IDLE,0.00,-0.02,180.10,0.75,-0.08,0.25,-0.3210,-0.3210,-0.3210,-0.3210,0.04,0.07,0.00,26.712130,84.305103,52.4,1984,1984,1984,1984,2048,2048
125318,IDLE,0.01,-0.02,180.10,0.51,-0.20,-0.03,0.0251,0.0251,0.0251,0.0251,0.04,0.06,0.00,26.712130,84.305103,52.4,2053,2053,2053,2053,2048,2048
125339,IDLE,0.02,-0.02,180.10,0.14,-0.11,0.04,-0.0457,-0.0457,-0.0457,-0.0457,0.04,0.06,0.00,26.712130,84.305103,52.4,2039,2039,2039,2039,2048,2048
125370,IDLE,0.02,-0.02,180.10,-0.12,0.14,0.07,-0.0794,-0.0794,-0.0794,-0.0794,0.04,0.06,0.00,26.712130,84.305103,52.4,2032,2032,2032,2032,2048,2048
125395,IDLE,0.02,-0.02,180.11,-0.08,0.04,0.10,-0.1187,-0.1187,-0.1187,-0.1187,0.04,0.05,0.00,26.712130,84.305103,52.4,2024,2024,2024,2024,2048,2048
125418,IDLE,0.01,-0.02,180.10,-0.18,-0.11,-0.09,0.1191,0.1191,0.1191,0.1191,0.04,0.06,0.00,26.712130,84.305103,52.4,2072,2072,2072,2072,2048,2048
125444,IDLE,0.01,-0.02,180.10,-0.20,-0.09,0.01,-0.0040,-0.0040,-0.0040,-0.0040,0.04,0.05,0.00,26.712130,84.305103,52.4,2047,2047,2047,2047,2048,2048
125463,IDLE,0.00,-0.02,180.11,-0.27,0.10,0.16,-0.1967,-0.1967,-0.1967,-0.1967,0.05,0.06,0.00,26.712130,84.305103,52.4,2009,2009,2009,2009,2048,2048
125491,IDLE,-0.00,-0.01,180.10,-0.32,0.00,-0.08,0.1028,0.1028,0.1028,0.1028,0.05,0.05,0.00,26.712130,84.305103,52.4,2069,2069,2069,2069,2048,2048
125513,IDLE,-0.00,-0.01,180.10,0.05,0.10,0.08,-0.1044,-0.1044,-0.1044,-0.1044,0.05,0.06,0.00,26.712130,84.305103,52.4,2027,2027,2027,2027,2048,2048
125538,IDLE,-0.01,-0.01,180.10,-0.31,0.13,-0.02,0.0312,0.0312,0.0312,0.0312,0.05,0.06,0.00,26.712130,84.305103,52.4,2054,2054,2054,2054,2048,2048
125561,IDLE,-0.01,-0.01,180.10,-0.21,0.03,-0.05,0.0706,0.0706,0.0706,0.0706,0.05,0.04,0.00,26.712130,84.305103,52.4,2062,2062,2062,2062,2048,2048
125588,IDLE,-0.01,-0.00,180.10,0.01,0.10,-0.02,0.0248,0.0248,0.0248,0.0248,0.05,0.03,0.00,26.712130,84.305103,52.4,2053,2053,2053,2053,2048,2048
125608,IDLE,-0.02,-0.00,180.10,-0.30,0.04,0.14,-0.1624,-0.1624,-0.1624,-0.1624,0.05,0.02,0.00,26.712130,84.305103,52.4,2016,2016,2016,2016,2048,2048
125631,IDLE,-0.02,0.00,180.10,-0.23,0.14,0.08,-0.0896,-0.0896,-0.0896,-0.0896,0.05,0.01,0.00,26.712130,84.305103,52.4,2030,2030,2030,2030,2048,2048
125653,IDLE,-0.03,0.00,180.10,-0.23,0.10,0.05,-0.0521,-0.0521,-0.0521,-0.0521,0.05,-0.00,0.00,26.712130,84.305103,52.4,2038,2038,2038,2038,2048,2048
125679,IDLE,-0.03,0.01,180.11,-0.14,0.15,0.13,-0.1595,-0.1595,-0.1595,-0.1595,0.04,-0.01,0.00,26.712130,84.305103,52.4,2016,2016,2016,2016,2048,2048
125697,IDLE,-0.03,0.01,180.11,-0.01,-0.02,0.03,-0.0406,-0.0406,-0.0406,-0.0406,0.04,-0.02,0.00,26.712130,84.305103,52.4,2040,2040,2040,2040,2048,2048
125724,IDLE,-0.03,0.01,180.10,0.03,-0.09,-0.00,0.0014,0.0014,0.0014,0.0014,0.04,-0.02,0.00,26.712130,84.305103,52.4,2048,2048,2048,2048,2048,2048
125744,IDLE,-0.03,0.01,180.10,-0.25,0.14,-0.06,0.0816,0.0816,0.0816,0.0816,0.04,-0.01,0.00,26.712130,84.305103,52.4,2064,2064,2064,2064,2048,2048
125768,IDLE,-0.04,0.01,180.10,-0.32,0.18,-0.18,0.2190,0.2190,0.2190,0.2190,0.04,-0.00,0.00,26.712130,84.305103,52.4,2092,2092,2092,2092,2048,2048
125790,IDLE,-0.05,0.02,180.10,-0.45,0.20,-0.03,0.0484,0.0484,0.0484,0.0484,0.04,-0.00,0.00,26.712130,84.305103,52.4,2058,2058,2058,2058,2048,2048
125816,IDLE,-0.05,0.03,180.09,-0.30,0.30,-0.16,0.2018,0.2018,0.2018,0.2018,0.04,-0.00,0.00,26.712130,84.305103,52.4,2088,2088,2088,2088,2048,2048
125835,IDLE,-0.06,0.04,180.09,-0.40,0.52,-0.14,0.1696,0.1696,0.1696,0.1696,0.04,-0.02,0.00,26.712130,84.305103,52.4,2082,2082,2082,2082,2048,2048
125863,IDLE,-0.06,0.06,180.09,-0.25,0.95,-0.15,0.1698,0.1698,0.1698,0.1698,0.04,-0.02,0.00,26.712130,84.305103,52.4,2082,2082,2082,2082,2048,2048
125884,IDLE,-0.07,0.09,180.09,-0.30,1.06,0.06,-0.0840,-0.0840,-0.0840,-0.0840,0.04,-0.03,0.00,26.712130,84.305103,52.4,2031,2031,2031,2031,2048,2048
125909,IDLE,-0.07,0.11,180.09,-0.19,1.06,0.07,-0.1044,-0.1044,-0.1044,-0.1044,0.04,-0.04,0.00,26.712130,84.305103,52.4,2027,2027,2027,2027,2048,2048
125932,IDLE,-0.07,0.13,180.09,-0.17,0.91,0.12,-0.1551,-0.1551,-0.1551,-0.1551,0.04,-0.03,0.00,26.712130,84.305103,52.4,2017,2017,2017,2017,2048,2048
125958,IDLE,-0.07,0.15,180.09,-0.15,0.92,0.11,-0.1415,-0.1415,-0.1415,-0.1415,0.04,-0.03,0.00,26.712130,84.305103,52.4,2020,2020,2020,2020,2048,2048
125978,IDLE,-0.08,0.16,180.09,-0.20,0.84,0.07,-0.0948,-0.0948,-0.0948,-0.0948,0.04,-0.02,0.00,26.712130,84.305103,52.4,2029,2029,2029,2029,2048,2048
126006,IDLE,-0.07,0.18,180.09,0.01,1.04,0.13,-0.1779,-0.1779,-0.1779,-0.1779,0.04,-0.02,0.00,26.712130,84.305103,52.4,2012,2012,2012,2012,2048,2048
126027,IDLE,-0.07,0.21,180.10,-0.06,1.39,0.26,-0.3347,-0.3347,-0.3347,-0.3347,0.04,-0.03,0.00,26.712130,84.305103,52.4,1981,1981,1981,1981,2048,2048
126052,IDLE,-0.08,0.24,180.11,-0.20,1.53,0.38,-0.4824,-0.4824,-0.4824,-0.4824,0.04,-0.03,0.00,26.712130,84.305103,52.4,1952,1952,1952,1952,2048,2048
126075,IDLE,-0.08,0.28,180.11,-0.24,1.93,0.25,-0.3394,-0.3394,-0.3394,-0.3394,0.04,-0.02,0.00,26.712130,84.305103,52.4,1980,1980,1980,1980,2048,2048
126101,IDLE,-0.09,0.31,180.12,-0.39,1.74,0.22,-0.2908,-0.2908,-0.2908,-0.2908,0.04,-0.02,0.00,26.712130,84.305103,52.4,1990,1990,1990,1990,2048,2048
126120,IDLE,-0.09,0.34,180.12,-0.36,1.42,0.10,-0.1450,-0.1450,-0.1450,-0.1450,0.04,-0.02,0.00,26.712130,84.305103,52.4,2019,2019,2019,2019,2048,2048
126148,IDLE,-0.09,0.36,180.12,-0.14,1.10,0.26,-0.3383,-0.3383,-0.3383,-0.3383,0.04,-0.01,0.00,26.712130,84.305103,52.4,1980,1980,1980,1980,2048,2048
126169,IDLE,-0.09,0.37,180.13,-0.17,0.77,0.06,-0.0853,-0.0853,-0.0853,-0.0853,0.04,-0.02,0.00,26.712130,84.305103,52.4,2031,2031,2031,2031,2048,2048
126193,IDLE,-0.10,0.37,180.13,-0.42,0.73,0.07,-0.0869,-0.0869,-0.0869,-0.0869,0.03,-0.03,0.00,26.712130,84.305103,52.4,2031,2031,2031,2031,2048,2048
126215,IDLE,-0.10,0.37,180.12,-0.15,0.42,-0.02,0.0221,0.0221,0.0221,0.0221,0.03,-0.03,0.00,26.712130,84.305103,52.4,2052,2052,2052,2052,2048,2048
126241,IDLE,-0.10,0.37,180.13,-0.16,0.28,0.17,-0.2030,-0.2030,-0.2030,-0.2030,0.03,-0.03,0.00,26.712130,84.305103,52.4,2007,2007,2007,2007,2048,2048
126260,IDLE,-0.10,0.37,180.13,-0.21,0.28,0.06,-0.0686,-0.0686,-0.0686,-0.0686,0.03,-0.02,0.00,26.712130,84.305103,52.4,2034,2034,2034,2034,2048,2048
126288,IDLE,-0.10,0.36,180.13,-0.18,0.14,-0.01,0.0190,0.0190,0.0190,0.0190,0.03,-0.01,0.00,26.712130,84.305103,52.4,2052,2052,2052,2052,2048,2048
126309,IDLE,-0.10,0.35,180.13,-0.16,-0.11,0.03,-0.0305,-0.0305,-0.0305,-0.0305,0.03,-0.02,0.00,26.712130,84.305103,52.4,2042,2042,2042,2042,2048,2048
126333,IDLE,-0.10,0.33,180.13,-0.18,-0.22,0.26,-0.3089,-0.3089,-0.3089,-0.3089,0.03,-0.02,0.00,26.712130,84.305103,52.4,1986,1986,1986,1986,2048,2048
126356,IDLE,-0.11,0.32,180.14,-0.25,-0.34,0.24,-0.2827,-0.2827,-0.2827,-0.2827,0.03,-0.04,0.00,26.712130,84.305103,52.4,1991,1991,1991,1991,2048,2048
126382,IDLE,-0.10,0.31,180.14,0.03,-0.18,0.30,-0.3633,-0.3633,-0.3633,-0.3633,0.03,-0.05,0.00,26.712130,84.305103,52.4,1975,1975,1975,1975,2048,2048
126401,IDLE,-0.10,0.30,180.15,0.14,-0.07,0.34,-0.4188,-0.4188,-0.4188,-0.4188,0.03,-0.07,0.00,26.712130,84.305103,52.4,1964,1964,1964,1964,2048,2048
126428,IDLE,-0.09,0.29,180.15,0.22,-0.03,0.25,-0.3074,-0.3074,-0.3074,-0.3074,0.02,-0.07,0.00,26.712130,84.305103,52.4,1987,1987,1987,1987,2048,2048
126449,IDLE,-0.08,0.28,180.16,0.12,0.03,0.20,-0.2449,-0.2449,-0.2449,-0.2449,0.02,-0.08,0.00,26.712130,84.305103,52.4,1999,1999,1999,1999,2048,2048
126472,IDLE,-0.08,0.28,180.16,0.05,0.16,0.17,-0.2085,-0.2085,-0.2085,-0.2085,0.02,-0.08,0.00,26.712130,84.305103,52.4,2006,2006,2006,2006,2048,2048
126495,IDLE,-0.07,0.27,180.16,0.11,0.07,0.20,-0.2439,-0.2439,-0.2439,-0.2439,0.02,-0.07,0.00,26.712130,84.305103,52.4,1999,1999,1999,1999,2048,2048
126520,IDLE,-0.07,0.27,180.16,-0.07,0.01,0.11,-0.1274,-0.1274,-0.1274,-0.1274,0.02,-0.06,0.00,26.712130,84.305103,52.4,2023,2023,2023,2023,2048,2048
126539,IDLE,-0.07,0.26,180.17,-0.21,-0.14,0.10,-0.1159,-0.1159,-0.1159,-0.1159,0.02,-0.05,0.00,26.712130,84.305103,52.4,2025,2025,2025,2025,2048,2048
126576,IDLE,-0.08,0.25,180.17,-0.24,-0.05,0.09,-0.1033,-0.1033,-0.1033,-0.1033,0.02,-0.06,0.00,26.712130,84.305103,52.4,2027,2027,2027,2027,2048,2048
126603,IDLE,-0.08,0.24,180.17,-0.20,-0.04,0.07,-0.0759,-0.0759,-0.0759,-0.0759,0.02,-0.07,0.00,26.712130,84.305103,52.4,2033,2033,2033,2033,2048,2048
126623,IDLE,-0.08,0.23,180.16,-0.16,-0.08,-0.09,0.1165,0.1165,0.1165,0.1165,0.01,-0.07,0.00,26.712130,84.305103,52.4,2071,2071,2071,2071,2048,2048
126646,IDLE,-0.08,0.23,180.16,-0.26,-0.05,-0.04,0.0610,0.0610,0.0610,0.0610,0.01,-0.06,0.00,26.712130,84.305103,52.4,2060,2060,2060,2060,2048,2048
126668,IDLE,-0.09,0.22,180.16,-0.33,-0.01,0.01,-0.0017,-0.0017,-0.0017,-0.0017,0.01,-0.08,0.00,26.712130,84.305103,52.4,2048,2048,2048,2048,2048,2048
126693,IDLE,-0.09,0.21,180.16,-0.30,-0.05,-0.01,0.0217,0.0217,0.0217,0.0217,0.01,-0.08,0.00,26.712130,84.305103,52.4,2052,2052,2052,2052,2048,2048
126712,IDLE,-0.09,0.20,180.16,-0.14,-0.27,0.16,-0.1826,-0.1826,-0.1826,-0.1826,0.01,-0.08,0.00,26.712130,84.305103,52.4,2011,2011,2011,2011,2048,2048
126739,IDLE,-0.09,0.19,180.16,-0.18,-0.16,0.08,-0.0941,-0.0941,-0.0941,-0.0941,0.01,-0.07,0.00,26.712130,84.305103,52.4,2029,2029,2029,2029,2048,2048
126759,IDLE,-0.10,0.19,180.17,-0.19,0.06,0.13,-0.1542,-0.1542,-0.1542,-0.1542,0.01,-0.06,0.00,26.712130,84.305103,52.4,2017,2017,2017,2017,2048,2048
126787,IDLE,-0.10,0.19,180.17,-0.38,0.08,0.04,-0.0433,-0.0433,-0.0433,-0.0433,0.00,-0.06,0.00,26.712130,84.305103,52.4,2039,2039,2039,2039,2048,2048
126814,IDLE,-0.11,0.19,180.16,-0.34,0.13,-0.04,0.0520,0.0520,0.0520,0.0520,0.00,-0.05,0.00,26.712130,84.305103,52.4,2058,2058,2058,2058,2048,2048
126834,IDLE,-0.11,0.19,180.16,-0.22,0.12,0.10,-0.1229,-0.1229,-0.1229,-0.1229,0.01,-0.03,0.00,26.712130,84.305103,52.4,2023,2023,2023,2023,2048,2048
126857,IDLE,-0.11,0.19,180.17,-0.22,0.25,0.14,-0.1707,-0.1707,-0.1707,-0.1707,0.01,-0.02,0.00,26.712130,84.305103,52.4,2014,2014,2014,2014,2048,2048
126879,IDLE,-0.11,0.19,180.17,-0.11,0.17,0.15,-0.1814,-0.1814,-0.1814,-0.1814,0.01,-0.02,0.00,26.712130,84.305103,52.4,2012,2012,2012,2012,2048,2048
126904,IDLE,-0.11,0.19,180.17,-0.23,0.20,0.22,-0.2611,-0.2611,-0.2611,-0.2611,0.00,-0.02,0.00,26.712130,84.305103,52.4,1996,1996,1996,1996,2048,2048
126927,IDLE,-0.11,0.19,180.17,-0.08,0.10,0.07,-0.0874,-0.0874,-0.0874,-0.0874,0.01,-0.01,0.00,26.712130,84.305103,52.4,2031,2031,2031,2031,2048,2048
126954,IDLE,-0.11,0.19,180.17,-0.02,0.16,0.06,-0.0804,-0.0804,-0.0804,-0.0804,0.01,-0.01,0.00,26.712130,84.305103,52.4,2032,2032,2032,2032,2048,2048
126974,IDLE,-0.11,0.19,180.18,0.01,0.14,0.19,-0.2401,-0.2401,-0.2401,-0.2401,0.01,0.02,0.00,26.712130,84.305103,52.4,2000,2000,2000,2000,2048,2048
127002,IDLE,-0.11,0.19,180.18,0.05,0.18,0.27,-0.3303,-0.3303,-0.3303,-0.3303,0.01,0.03,0.00,26.712130,84.305103,52.4,1982,1982,1982,1982,2048,2048
127029,IDLE,-0.11,0.19,180.19,-0.05,0.39,0.42,-0.5156,-0.5156,-0.5156,-0.5156,0.01,0.04,0.00,26.712130,84.305103,52.4,1945,1945,1945,1945,2048,2048
127049,IDLE,-0.11,0.19,180.20,-0.21,0.24,0.28,-0.3469,-0.3469,-0.3469,-0.3469,0.01,0.04,0.00,26.712130,84.305103,52.4,1979,1979,1979,1979,2048,2048
127072,IDLE,-0.11,0.19,180.20,-0.24,0.21,0.21,-0.2572,-0.2572,-0.2572,-0.2572,0.01,0.03,0.00,26.712130,84.305103,52.4,1997,1997,1997,1997,2048,2048
127094,IDLE,-0.12,0.19,180.20,-0.29,0.24,0.17,-0.2040,-0.2040,-0.2040,-0.2040,0.01,0.03,0.00,26.712130,84.305103,52.4,2007,2007,2007,2007,2048,2048
127119,IDLE,-0.12,0.19,180.21,-0.14,0.15,0.24,-0.2887,-0.2887,-0.2887,-0.2887,0.01,0.03,0.00,26.712130,84.305103,52.4,1990,1990,1990,1990,2048,2048
127137,IDLE,-0.12,0.19,180.21,-0.17,-0.01,0.30,-0.3604,-0.3604,-0.3604,-0.3604,0.01,0.02,0.00,26.712130,84.305103,52.4,1976,1976,1976,1976,2048,2048
127164,IDLE,-0.12,0.18,180.21,-0.27,0.04,0.21,-0.2524,-0.2524,-0.2524,-0.2524,0.01,0.02,0.00,26.712130,84.305103,52.4,1998,1998,1998,1998,2048,2048
127184,IDLE,-0.13,0.18,180.22,-0.31,0.02,0.20,-0.2342,-0.2342,-0.2342,-0.2342,0.01,0.01,0.00,26.712130,84.305103,52.4,2001,2001,2001,2001,2048,2048
127207,IDLE,-0.13,0.17,180.22,-0.20,-0.06,0.16,-0.1892,-0.1892,-0.1892,-0.1892,0.01,0.01,0.00,26.712130,84.305103,52.4,2010,2010,2010,2010,2048,2048
127229,IDLE,-0.13,0.17,180.22,-0.16,0.00,0.15,-0.1782,-0.1782,-0.1782,-0.1782,0.01,-0.01,0.00,26.712130,84.305103,52.4,2012,2012,2012,2012,2048,2048
127254,IDLE,-0.13,0.16,180.22,-0.12,-0.08,0.14,-0.1699,-0.1699,-0.1699,-0.1699,0.01,-0.02,0.00,26.712130,84.305103,52.4,2014,2014,2014,2014,2048,2048
127277,IDLE,-0.13,0.16,180.22,-0.04,-0.01,0.06,-0.0746,-0.0746,-0.0746,-0.0746,0.01,-0.03,0.00,26.712130,84.305103,52.4,2033,2033,2033,2033,2048,2048
127304,IDLE,-0.12,0.15,180.22,0.18,-0.13,0.02,-0.0229,-0.0229,-0.0229,-0.0229,0.01,-0.03,0.00,26.712130,84.305103,52.4,2043,2043,2043,2043,2048,2048
127324,IDLE,-0.10,0.15,180.24,0.68,0.02,0.84,-1.0408,-1.0408,-1.0408,-1.0408,0.01,-0.04,0.00,26.712130,84.305103,52.4,1840,1840,1840,1840,2048,2048
127352,IDLE,-0.10,0.15,180.24,-0.05,-0.16,0.02,-0.0172,-0.0172,-0.0172,-0.0172,0.01,-0.03,0.00,26.712130,84.305103,52.4,2045,2045,2045,2045,2048,2048
127389,IDLE,-0.09,0.15,180.26,0.29,-0.03,0.65,-0.7958,-0.7958,-0.7958,-0.7958,0.01,-0.03,0.00,26.712130,84.305103,52.4,1889,1889,1889,1889,2048,2048
127415,IDLE,-0.08,0.15,180.27,0.44,0.04,0.34,-0.4211,-0.4211,-0.4211,-0.4211,0.00,-0.03,0.00,26.712130,84.305103,52.4,1964,1964,1964,1964,2048,2048
127435,IDLE,-0.08,0.15,180.28,0.08,-0.14,0.38,-0.4575,-0.4575,-0.4575,-0.4575,0.00,-0.03,0.00,26.712130,84.305103,52.4,1957,1957,1957,1957,2048,2048
127463,IDLE,-0.06,0.14,180.29,0.83,-0.10,0.76,-0.9480,-0.9480,-0.9480,-0.9480,0.00,-0.04,0.00,26.712130,84.305103,52.4,1858,1858,1858,1858,2048,2048
127484,IDLE,-0.06,0.15,180.31,0.16,0.00,0.59,-0.7293,-0.7293,-0.7293,-0.7293,0.00,-0.04,0.00,26.712130,84.305103,52.4,1902,1902,1902,1902,2048,2048
127509,IDLE,-0.05,0.15,180.31,0.23,0.09,0.49,-0.6011,-0.6011,-0.6011,-0.6011,0.00,-0.04,0.00,26.712130,84.305103,52.4,1928,1928,1928,1928,2048,2048
127532,IDLE,-0.05,0.15,180.32,0.09,0.10,0.42,-0.5135,-0.5135,-0.5135,-0.5135,-0.00,-0.05,0.00,26.712130,84.305103,52.4,1945,1945,1945,1945,2048,2048
127558,IDLE,-0.04,0.15,180.33,0.34,-0.04,0.61,-0.7529,-0.7529,-0.7529,-0.7529,-0.00,-0.05,0.00,26.712130,84.305103,52.4,1897,1897,1897,1897,2048,2048
127577,IDLE,-0.04,0.14,180.33,0.07,-0.05,0.13,-0.1586,-0.1586,-0.1586,-0.1586,-0.00,-0.06,0.00,26.712130,84.305103,52.4,2016,2016,2016,2016,2048,2048
127605,IDLE,-0.04,0.14,180.34,0.25,0.05,0.55,-0.6792,-0.6792,-0.6792,-0.6792,-0.01,-0.07,0.00,26.712130,84.305103,52.4,1912,1912,1912,1912,2048,2048
127626,IDLE,-0.03,0.14,180.35,0.22,0.09,0.27,-0.3320,-0.3320,-0.3320,-0.3320,-0.01,-0.06,0.00,26.712130,84.305103,52.4,1982,1982,1982,1982,2048,2048
127650,IDLE,-0.02,0.14,180.35,0.47,0.17,0.39,-0.4842,-0.4842,-0.4842,-0.4842,-0.01,-0.06,0.00,26.712130,84.305103,52.4,1951,1951,1951,1951,2048,2048
127673,IDLE,-0.00,0.14,180.36,0.58,0.01,0.30,-0.3854,-0.3854,-0.3854,-0.3854,-0.01,-0.05,0.00,26.712130,84.305103,52.4,1971,1971,1971,1971,2048,2048
127698,IDLE,0.01,0.14,180.36,0.51,-0.15,0.24,-0.2964,-0.2964,-0.2964,-0.2964,-0.01,-0.05,0.00,26.712130,84.305103,52.4,1989,1989,1989,1989,2048,2048
127717,IDLE,0.03,0.13,180.36,0.76,-0.26,0.22,-0.2828,-0.2828,-0.2828,-0.2828,-0.01,-0.03,0.00,26.712130,84.305103,52.4,1991,1991,1991,1991,2048,2048
127744,IDLE,0.04,0.12,180.36,0.50,-0.39,0.09,-0.1152,-0.1152,-0.1152,-0.1152,-0.01,-0.02,0.00,26.712130,84.305103,52.4,2025,2025,2025,2025,2048,2048
127765,IDLE,0.05,0.11,180.37,0.52,-0.26,0.23,-0.2849,-0.2849,-0.2849,-0.2849,-0.01,-0.04,0.00,26.712130,84.305103,52.4,1991,1991,1991,1991,2048,2048
127789,IDLE,0.06,0.10,180.37,0.42,-0.33,0.04,-0.0549,-0.0549,-0.0549,-0.0549,-0.01,-0.04,0.00,26.712130,84.305103,52.4,2037,2037,2037,2037,2048,2048
127811,IDLE,0.07,0.09,180.37,0.46,-0.34,0.08,-0.1007,-0.1007,-0.1007,-0.1007,-0.01,-0.06,0.00,26.712130,84.305103,52.4,2028,2028,2028,2028,2048,2048
127836,IDLE,0.07,0.09,180.36,0.26,-0.29,0.09,-0.1120,-0.1120,-0.1120,-0.1120,-0.02,-0.08,0.00,26.712130,84.305103,52.4,2026,2026,2026,2026,2048,2048
127855,IDLE,0.08,0.08,180.36,0.26,-0.37,0.05,-0.0603,-0.0603,-0.0603,-0.0603,-0.02,-0.07,0.00,26.712130,84.305103,52.4,2036,2036,2036,2036,2048,2048
127882,IDLE,0.08,0.07,180.36,0.27,-0.34,-0.21,0.2531,0.2531,0.2531,0.2531,-0.02,-0.07,0.00,26.712130,84.305103,52.4,2099,2099,2099,2099,2048,2048
127902,IDLE,0.09,0.06,180.35,0.36,-0.36,-0.18,0.2141,0.2141,0.2141,0.2141,-0.02,-0.08,0.00,26.712130,84.305103,52.4,2091,2091,2091,2091,2048,2048
127925,IDLE,0.09,0.05,180.35,0.35,-0.30,0.07,-0.0907,-0.0907,-0.0907,-0.0907,-0.02,-0.08,0.00,26.712130,84.305103,52.4,2030,2030,2030,2030,2048,2048
127948,IDLE,0.10,0.05,180.35,0.41,-0.30,0.21,-0.2576,-0.2576,-0.2576,-0.2576,-0.02,-0.07,0.00,26.712130,84.305103,52.4,1996,1996,1996,1996,2048,2048
127973,IDLE,0.10,0.04,180.35,0.41,-0.34,0.18,-0.2196,-0.2196,-0.2196,-0.2196,-0.02,-0.06,0.00,26.712130,84.305103,52.4,2004,2004,2004,2004,2048,2048
127992,IDLE,0.11,0.03,180.35,0.39,-0.24,0.06,-0.0723,-0.0723,-0.0723,-0.0723,-0.03,-0.07,0.00,26.712130,84.305103,52.4,2034,2034,2034,2034,2048,2048
128019,IDLE,0.11,0.03,180.36,0.40,-0.08,0.26,-0.3224,-0.3224,-0.3224,-0.3224,-0.03,-0.07,0.00,26.712130,84.305103,52.4,1984,1984,1984,1984,2048,2048
128039,IDLE,0.12,0.03,180.35,0.34,-0.17,0.07,-0.0943,-0.0943,-0.0943,-0.0943,-0.03,-0.08,0.00,26.712130,84.305103,52.4,2029,2029,2029,2029,2048,2048
128063,IDLE,0.12,0.03,180.35,0.24,-0.28,-0.19,0.2328,0.2328,0.2328,0.2328,-0.03,-0.09,0.00,26.712130,84.305103,52.4,2095,2095,2095,2095,2048,2048
128085,IDLE,0.12,0.03,180.34,0.23,-0.18,-0.10,0.1145,0.1145,0.1145,0.1145,-0.03,-0.09,0.00,26.712130,84.305103,52.4,2071,2071,2071,2071,2048,2048
128110,IDLE,0.13,0.02,180.34,0.44,-0.13,-0.09,0.1076,0.1076,0.1076,0.1076,-0.04,-0.09,0.00,26.712130,84.305103,52.4,2070,2070,2070,2070,2048,2048
128129,IDLE,0.14,0.02,180.34,0.75,-0.28,-0.03,0.0190,0.0190,0.0190,0.0190,-0.04,-0.10,0.00,26.712130,84.305103,52.4,2052,2052,2052,2052,2048,2048
128157,IDLE,0.15,0.01,180.33,0.79,-0.35,-0.04,0.0322,0.0322,0.0322,0.0322,-0.04,-0.10,0.00,26.712130,84.305103,52.4,2054,2054,2054,2054,2048,2048
128178,IDLE,0.16,-0.01,180.33,0.60,-0.50,-0.18,0.2132,0.2132,0.2132,0.2132,-0.04,-0.10,0.00,26.712130,84.305103,52.4,2091,2091,2091,2091,2048,2048
128202,IDLE,0.17,-0.02,180.32,0.68,-0.55,-0.16,0.1880,0.1880,0.1880,0.1880,-0.04,-0.10,0.00,26.712130,84.305103,52.4,2086,2086,2086,2086,2048,2048
128226,IDLE,0.18,-0.03,180.32,0.59,-0.45,0.14,-0.1706,-0.1706,-0.1706,-0.1706,-0.04,-0.08,0.00,26.712130,84.305103,52.4,2014,2014,2014,2014,2048,2048
128252,IDLE,0.19,-0.03,180.32,0.76,-0.32,0.08,-0.1127,-0.1127,-0.1127,-0.1127,-0.04,-0.06,0.00,26.712130,84.305103,52.4,2025,2025,2025,2025,2048,2048
128272,IDLE,0.21,-0.03,180.32,0.94,-0.32,0.11,-0.1549,-0.1549,-0.1549,-0.1549,-0.04,-0.05,0.00,26.712130,84.305103,52.4,2017,2017,2017,2017,2048,2048
128300,IDLE,0.22,-0.04,180.32,0.73,-0.44,-0.08,0.0896,0.0896,0.0896,0.0896,-0.05,-0.05,0.00,26.712131,84.305104,52.4,2066,2066,2066,2066,2048,2048
128321,IDLE,0.24,-0.05,180.32,0.87,-0.44,0.02,-0.0360,-0.0360,-0.0360,-0.0360,-0.05,-0.05,0.00,26.712131,84.305104,52.4,2041,2041,2041,2041,2048,2048
128345,IDLE,0.24,-0.05,180.31,0.51,-0.36,-0.06,0.0661,0.0661,0.0661,0.0661,-0.05,-0.05,0.00,26.712131,84.305104,52.4,2061,2061,2061,2061,2048,2048
128368,IDLE,0.25,-0.06,180.31,0.60,-0.53,0.10,-0.1276,-0.1276,-0.1276,-0.1276,-0.05,-0.04,0.00,26.712131,84.305104,52.4,2022,2022,2022,2022,2048,2048
128394,IDLE,0.25,-0.07,180.31,0.71,-0.49,-0.07,0.0741,0.0741,0.0741,0.0741,-0.05,-0.03,0.00,26.712131,84.305104,52.4,2063,2063,2063,2063,2048,2048
128413,IDLE,0.26,-0.08,180.31,0.69,-0.47,-0.02,0.0175,0.0175,0.0175,0.0175,-0.05,-0.01,0.00,26.712131,84.305104,52.4,2051,2051,2051,2051,2048,2048
128441,IDLE,0.27,-0.08,180.31,0.61,-0.37,0.19,-0.2362,-0.2362,-0.2362,-0.2362,-0.05,-0.00,0.00,26.712131,84.305104,52.4,2001,2001,2001,2001,2048,2048
128462,IDLE,0.28,-0.09,180.31,0.65,-0.36,-0.04,0.0449,0.0449,0.0449,0.0449,-0.05,-0.01,0.00,26.712131,84.305104,52.4,2057,2057,2057,2057,2048,2048
128487,IDLE,0.28,-0.09,180.31,0.54,-0.33,0.19,-0.2421,-0.2421,-0.2421,-0.2421,-0.05,-0.02,0.00,26.712131,84.305104,52.4,2000,2000,2000,2000,2048,2048
128510,IDLE,0.29,-0.10,180.31,0.62,-0.38,0.22,-0.2779,-0.2779,-0.2779,-0.2779,-0.05,-0.02,0.00,26.712131,84.305104,52.4,1992,1992,1992,1992,2048,2048
128536,IDLE,0.29,-0.10,180.31,0.47,-0.39,-0.02,0.0252,0.0252,0.0252,0.0252,-0.05,-0.03,0.00,26.712131,84.305104,52.4,2053,2053,2053,2053,2048,2048
128555,IDLE,0.29,-0.10,180.31,0.65,-0.37,0.13,-0.1683,-0.1683,-0.1683,-0.1683,-0.05,-0.03,0.00,26.712131,84.305104,52.4,2014,2014,2014,2014,2048,2048
128591,IDLE,0.30,-0.11,180.31,0.60,-0.27,0.08,-0.1056,-0.1056,-0.1056,-0.1056,-0.05,-0.03,0.00,26.712131,84.305104,52.4,2027,2027,2027,2027,2048,2048
128619,IDLE,0.31,-0.11,180.31,0.52,-0.39,0.07,-0.0930,-0.0930,-0.0930,-0.0930,-0.05,-0.02,0.00,26.712131,84.305104,52.4,2029,2029,2029,2029,2048,2048
128639,IDLE,0.32,-0.12,180.31,0.75,-0.50,-0.08,0.0953,0.0953,0.0953,0.0953,-0.05,-0.02,0.00,26.712131,84.305104,52.4,2067,2067,2067,2067,2048,2048
128663,IDLE,0.31,-0.12,180.30,0.28,-0.48,-0.18,0.2234,0.2234,0.2234,0.2234,-0.05,-0.01,0.00,26.712131,84.305104,52.4,2093,2093,2093,2093,2048,2048
128686,IDLE,0.31,-0.13,180.30,0.38,-0.38,-0.03,0.0335,0.0335,0.0335,0.0335,-0.05,-0.02,0.00,26.712131,84.305104,52.4,2055,2055,2055,2055,2048,2048
128711,IDLE,0.31,-0.13,180.29,0.32,-0.43,-0.17,0.2116,0.2116,0.2116,0.2116,-0.05,-0.02,0.00,26.712131,84.305104,52.4,2090,2090,2090,2090,2048,2048
128730,IDLE,0.31,-0.14,180.29,0.37,-0.51,0.02,-0.0286,-0.0286,-0.0286,-0.0286,-0.05,-0.02,0.00,26.712131,84.305104,52.4,2042,2042,2042,2042,2048,2048
128758,IDLE,0.31,-0.14,180.29,0.39,-0.51,-0.01,0.0170,0.0170,0.0170,0.0170,-0.05,-0.02,0.00,26.712131,84.305104,52.4,2051,2051,2051,2051,2048,2048
128779,IDLE,0.31,-0.15,180.29,0.46,-0.33,0.04,-0.0553,-0.0553,-0.0553,-0.0553,-0.05,-0.01,0.00,26.712131,84.305104,52.4,2037,2037,2037,2037,2048,2048
128803,IDLE,0.31,-0.15,180.29,0.37,-0.30,-0.02,0.0173,0.0173,0.0173,0.0173,-0.05,-0.00,0.00,26.712131,84.305104,52.4,2051,2051,2051,2051,2048,2048
128826,IDLE,0.30,-0.15,180.29,0.33,-0.36,0.12,-0.1442,-0.1442,-0.1442,-0.1442,-0.05,0.01,0.00,26.712131,84.305104,52.4,2019,2019,2019,2019,2048,2048
128852,IDLE,0.30,-0.15,180.29,0.40,-0.29,0.22,-0.2778,-0.2778,-0.2778,-0.2778,-0.05,0.02,0.00,26.712131,84.305104,52.4,1992,1992,1992,1992,2048,2048
128871,IDLE,0.30,-0.16,180.29,0.39,-0.39,-0.04,0.0512,0.0512,0.0512,0.0512,-0.05,0.04,0.00,26.712131,84.305104,52.4,2058,2058,2058,2058,2048,2048
128899,IDLE,0.31,-0.16,180.29,0.58,-0.34,0.08,-0.1061,-0.1061,-0.1061,-0.1061,-0.04,0.05,0.00,26.712131,84.305104,52.4,2027,2027,2027,2027,2048,2048
128920,IDLE,0.30,-0.17,180.29,0.31,-0.41,0.02,-0.0271,-0.0271,-0.0271,-0.0271,-0.04,0.04,0.00,26.712131,84.305104,52.4,2043,2043,2043,2043,2048,2048
128944,IDLE,0.30,-0.17,180.29,0.36,-0.30,0.25,-0.3090,-0.3090,-0.3090,-0.3090,-0.04,0.03,0.00,26.712131,84.305104,52.4,1986,1986,1986,1986,2048,2048
128967,IDLE,0.30,-0.17,180.30,0.31,-0.21,0.43,-0.5237,-0.5237,-0.5237,-0.5237,-0.04,0.03,0.00,26.712131,84.305104,52.4,1943,1943,1943,1943,2048,2048
128992,IDLE,0.30,-0.17,180.31,0.53,-0.29,0.65,-0.8058,-0.8058,-0.8058,-0.8058,-0.04,0.03,0.00,26.712131,84.305104,52.4,1887,1887,1887,1887,2048,2048
129011,IDLE,0.30,-0.17,180.31,0.15,-0.27,-0.08,0.0991,0.0991,0.0991,0.0991,-0.04,0.02,0.00,26.712131,84.305104,52.4,2068,2068,2068,2068,2048,2048
129039,IDLE,0.29,-0.17,180.31,0.22,-0.21,0.21,-0.2611,-0.2611,-0.2611,-0.2611,-0.04,0.01,0.00,26.712131,84.305104,52.4,1996,1996,1996,1996,2048,2048
129060,IDLE,0.29,-0.18,180.31,0.41,-0.42,0.26,-0.3182,-0.3182,-0.3182,-0.3182,-0.04,0.00,0.00,26.712131,84.305104,52.4,1984,1984,1984,1984,2048,2048
129084,IDLE,0.30,-0.18,180.31,0.61,-0.58,0.11,-0.1332,-0.1332,-0.1332,-0.1332,-0.05,0.00,0.00,26.712131,84.305104,52.4,2021,2021,2021,2021,2048,2048
129107,IDLE,0.30,-0.19,180.34,0.50,-0.39,0.94,-1.1484,-1.1484,-1.1484,-1.1484,-0.05,-0.02,0.00,26.712131,84.305104,52.4,1818,1818,1818,1818,2048,2048
129132,IDLE,0.30,-0.19,180.32,0.22,-0.60,-0.77,0.9495,0.9495,0.9495,0.9495,-0.05,-0.03,0.00,26.712131,84.305104,52.4,2238,2238,2238,2238,2048,2048
129151,IDLE,0.31,-0.19,180.31,0.75,-0.42,-0.16,0.1871,0.1871,0.1871,0.1871,-0.05,-0.06,0.00,26.712131,84.305104,52.4,2085,2085,2085,2085,2048,2048
129179,IDLE,0.31,-0.20,180.30,0.24,-0.63,-0.46,0.5664,0.5664,0.5664,0.5664,-0.06,-0.08,0.00,26.712131,84.305104,52.4,2161,2161,2161,2161,2048,2048
129200,IDLE,0.30,-0.21,180.29,0.27,-0.51,-0.44,0.5452,0.5452,0.5452,0.5452,-0.06,-0.08,0.00,26.712131,84.305104,52.4,2157,2157,2157,2157,2048,2048
129224,IDLE,0.30,-0.21,180.28,0.29,-0.32,-0.46,0.5650,0.5650,0.5650,0.5650,-0.06,-0.08,0.00,26.712131,84.305104,52.4,2161,2161,2161,2161,2048,2048
129247,IDLE,0.28,-0.21,180.26,-0.36,-0.37,-0.42,0.5314,0.5314,0.5314,0.5314,-0.06,-0.08,0.00,26.712131,84.305104,52.4,2154,2154,2154,2154,2048,2048
129273,IDLE,0.28,-0.21,180.26,0.27,-0.34,0.08,-0.0945,-0.0945,-0.0945,-0.0945,-0.06,-0.08,0.00,26.712131,84.305104,52.4,2029,2029,2029,2029,2048,2048
129292,IDLE,0.27,-0.21,180.25,-0.03,-0.45,-0.27,0.3334,0.3334,0.3334,0.3334,-0.06,-0.07,0.00,26.712131,84.305105,52.4,2115,2115,2115,2115,2048,2048
129320,IDLE,0.26,-0.21,180.25,0.37,-0.26,0.10,-0.1208,-0.1208,-0.1208,-0.1208,-0.06,-0.06,0.00,26.712131,84.305105,52.4,2024,2024,2024,2024,2048,2048
129342,IDLE,0.26,-0.22,180.24,0.28,-0.27,-0.30,0.3706,0.3706,0.3706,0.3706,-0.06,-0.06,0.00,26.712131,84.305105,52.4,2122,2122,2122,2122,2048,2048
129379,IDLE,0.25,-0.20,180.24,0.18,-0.10,0.19,-0.2321,-0.2321,-0.2321,-0.2321,-0.06,-0.03,0.00,26.712131,84.305105,52.4,2002,2002,2002,2002,2048,2048
129403,IDLE,0.25,-0.21,180.25,0.15,-0.38,0.19,-0.2237,-0.2237,-0.2237,-0.2237,-0.06,-0.02,0.00,26.712131,84.305105,52.4,2003,2003,2003,2003,2048,2048
129426,IDLE,0.25,-0.21,180.24,0.17,-0.31,-0.00,0.0029,0.0029,0.0029,0.0029,-0.06,-0.01,0.00,26.712131,84.305105,52.4,2049,2049,2049,2049,2048,2048
129451,IDLE,0.24,-0.21,180.24,0.19,-0.35,-0.13,0.1622,0.1622,0.1622,0.1622,-0.06,-0.01,0.00,26.712131,84.305105,52.4,2080,2080,2080,2080,2048,2048
129470,IDLE,0.24,-0.21,180.24,0.19,-0.33,-0.12,0.1458,0.1458,0.1458,0.1458,-0.06,-0.01,0.00,26.712131,84.305105,52.4,2077,2077,2077,2077,2048,2048
129498,IDLE,0.24,-0.21,180.23,0.44,-0.25,-0.04,0.0398,0.0398,0.0398,0.0398,-0.06,-0.02,0.00,26.712131,84.305105,52.4,2056,2056,2056,2056,2048,2048
129519,IDLE,0.24,-0.21,180.23,0.36,-0.41,0.06,-0.0703,-0.0703,-0.0703,-0.0703,-0.06,-0.01,0.00,26.712131,84.305105,52.4,2034,2034,2034,2034,2048,2048
129544,IDLE,0.25,-0.22,180.23,0.72,-0.58,0.16,-0.2061,-0.2061,-0.2061,-0.2061,-0.06,-0.01,0.00,26.712131,84.305105,52.4,2007,2007,2007,2007,2048,2048
129567,IDLE,0.26,-0.23,180.24,0.68,-0.63,0.19,-0.2402,-0.2402,-0.2402,-0.2402,-0.06,-0.01,0.00,26.712131,84.305105,52.4,2000,2000,2000,2000,2048,2048
129593,IDLE,0.27,-0.23,180.24,0.79,-0.45,0.20,-0.2539,-0.2539,-0.2539,-0.2539,-0.06,-0.00,0.00,26.712131,84.305105,52.4,1997,1997,1997,1997,2048,2048
129612,IDLE,0.27,-0.23,180.24,0.59,-0.44,-0.08,0.0923,0.0923,0.0923,0.0923,-0.06,0.01,0.00,26.712131,84.305105,52.4,2066,2066,2066,2066,2048,2048
129639,IDLE,0.27,-0.23,180.23,0.67,-0.45,-0.06,0.0634,0.0634,0.0634,0.0634,-0.06,0.01,0.00,26.712131,84.305105,52.4,2061,2061,2061,2061,2048,2048
129660,IDLE,0.28,-0.24,180.23,0.68,-0.47,0.05,-0.0653,-0.0653,-0.0653,-0.0653,-0.06,0.00,0.00,26.712131,84.305105,52.4,2035,2035,2035,2035,2048,2048
129684,IDLE,0.29,-0.24,180.24,0.77,-0.61,0.29,-0.3613,-0.3613,-0.3613,-0.3613,-0.06,-0.00,0.00,26.712131,84.305105,52.4,1976,1976,1976,1976,2048,2048
129707,IDLE,0.30,-0.25,180.25,0.88,-0.55,0.34,-0.4233,-0.4233,-0.4233,-0.4233,-0.06,0.03,0.00,26.712131,84.305105,52.4,1963,1963,1963,1963,2048,2048
129733,IDLE,0.31,-0.26,180.25,0.78,-0.67,0.11,-0.1444,-0.1444,-0.1444,-0.1444,-0.06,0.05,0.00,26.712131,84.305105,52.4,2019,2019,2019,2019,2048,2048
129752,IDLE,0.32,-0.27,180.24,0.81,-0.72,-0.05,0.0515,0.0515,0.0515,0.0515,-0.05,0.06,0.00,26.712131,84.305105,52.4,2058,2058,2058,2058,2048,2048
129780,IDLE,0.32,-0.27,180.24,0.67,-0.73,0.04,-0.0562,-0.0562,-0.0562,-0.0562,-0.05,0.07,0.00,26.712131,84.305105,52.4,2037,2037,2037,2037,2048,2048
129801,IDLE,0.33,-0.28,180.24,0.65,-0.78,-0.07,0.0853,0.0853,0.0853,0.0853,-0.05,0.08,0.00,26.712131,84.305105,52.4,2065,2065,2065,2065,2048,2048
129825,IDLE,0.33,-0.29,180.23,0.71,-0.89,-0.17,0.2099,0.2099,0.2099,0.2099,-0.05,0.08,0.00,26.712131,84.305105,52.4,2090,2090,2090,2090,2048,2048
129848,IDLE,0.34,-0.30,180.23,0.65,-0.76,-0.17,0.2011,0.2011,0.2011,0.2011,-0.05,0.07,0.00,26.712131,84.305105,52.4,2088,2088,2088,2088,2048,2048
129874,IDLE,0.34,-0.31,180.22,0.77,-0.91,-0.13,0.1559,0.1559,0.1559,0.1559,-0.05,0.06,0.00,26.712131,84.305105,52.4,2079,2079,2079,2079,2048,2048
129894,IDLE,0.35,-0.32,180.22,0.64,-0.90,-0.13,0.1612,0.1612,0.1612,0.1612,-0.05,0.03,0.00,26.712131,84.305105,52.4,2080,2080,2080,2080,2048,2048
129917,IDLE,0.35,-0.33,180.22,0.59,-0.80,-0.14,0.1716,0.1716,0.1716,0.1716,-0.05,0.01,0.00,26.712131,84.305105,52.4,2082,2082,2082,2082,2048,2048
129938,IDLE,0.35,-0.33,180.21,0.41,-0.67,-0.20,0.2479,0.2479,0.2479,0.2479,-0.05,-0.03,0.00,26.712131,84.305105,52.4,2098,2098,2098,2098,2048,2048
129964,IDLE,0.35,-0.33,180.21,0.60,-0.47,0.03,-0.0428,-0.0428,-0.0428,-0.0428,-0.06,-0.05,0.00,26.712131,84.305105,52.4,2039,2039,2039,2039,2048,2048
129982,IDLE,0.35,-0.33,180.21,0.63,-0.47,0.01,-0.0229,-0.0229,-0.0229,-0.0229,-0.06,-0.07,0.00,26.712131,84.305105,52.4,2043,2043,2043,2043,2048,2048
130009,IDLE,0.36,-0.33,180.20,0.62,-0.40,-0.04,0.0433,0.0433,0.0433,0.0433,-0.06,-0.08,0.00,26.712131,84.305105,52.4,2057,2057,2057,2057,2048,2048
130029,IDLE,0.36,-0.33,180.20,0.61,-0.40,-0.09,0.0974,0.0974,0.0974,0.0974,-0.06,-0.06,0.00,26.712131,84.305105,52.4,2067,2067,2067,2067,2048,2048
130053,IDLE,0.36,-0.33,180.20,0.67,-0.43,0.06,-0.0806,-0.0806,-0.0806,-0.0806,-0.06,-0.05,0.00,26.712131,84.305105,52.4,2032,2032,2032,2032,2048,2048
130075,IDLE,0.37,-0.33,180.21,0.73,-0.47,0.25,-0.3155,-0.3155,-0.3155,-0.3155,-0.06,-0.04,0.00,26.712131,84.305105,52.4,1985,1985,1985,1985,2048,2048
130100,IDLE,0.37,-0.32,180.21,0.76,-0.37,0.12,-0.1628,-0.1628,-0.1628,-0.1628,-0.06,-0.03,0.00,26.712131,84.305105,52.4,2015,2015,2015,2015,2048,2048
130124,IDLE,0.38,-0.33,180.20,0.82,-0.51,-0.06,0.0668,0.0668,0.0668,0.0668,-0.06,-0.02,0.00,26.712131,84.305105,52.4,2061,2061,2061,2061,2048,2048
130150,IDLE,0.38,-0.33,180.20,0.56,-0.62,-0.28,0.3346,0.3346,0.3346,0.3346,-0.06,-0.01,0.00,26.712131,84.305105,52.4,2115,2115,2115,2115,2048,2048
130170,IDLE,0.38,-0.34,180.18,0.37,-0.79,-0.71,0.8772,0.8772,0.8772,0.8772,-0.06,0.00,0.00,26.712131,84.305105,52.4,2223,2223,2223,2223,2048,2048
130194,IDLE,0.37,-0.34,180.16,0.12,-0.72,-0.76,0.9435,0.9435,0.9435,0.9435,-0.06,0.01,0.00,26.712131,84.305105,52.4,2237,2237,2237,2237,2048,2048
130216,IDLE,0.36,-0.35,180.14,-0.03,-0.66,-0.69,0.8584,0.8584,0.8584,0.8584,-0.06,0.04,0.00,26.712131,84.305105,52.4,2220,2220,2220,2220,2048,2048
130241,IDLE,0.35,-0.35,180.13,0.23,-0.71,-0.59,0.7332,0.7332,0.7332,0.7332,-0.05,0.05,0.00,26.712131,84.305105,52.4,2195,2195,2195,2195,2048,2048
130260,IDLE,0.35,-0.35,180.12,0.12,-0.66,-0.51,0.6293,0.6293,0.6293,0.6293,-0.05,0.06,0.00,26.712131,84.305105,52.4,2174,2174,2174,2174,2048,2048
130288,IDLE,0.34,-0.35,180.11,0.19,-0.55,-0.30,0.3719,0.3719,0.3719,0.3719,-0.05,0.07,0.00,26.712131,84.305105,52.4,2122,2122,2122,2122,2048,2048
130309,IDLE,0.33,-0.36,180.10,-0.01,-0.66,-0.35,0.4431,0.4431,0.4431,0.4431,-0.05,0.08,0.00,26.712131,84.305105,52.4,2137,2137,2137,2137,2048,2048
130333,IDLE,0.32,-0.36,180.10,0.10,-0.42,-0.16,0.2054,0.2054,0.2054,0.2054,-0.05,0.08,0.00,26.712131,84.305105,52.4,2089,2089,2089,2089,2048,2048
130357,IDLE,0.32,-0.36,180.09,0.16,-0.38,-0.23,0.2865,0.2865,0.2865,0.2865,-0.04,0.09,0.00,26.712131,84.305105,52.4,2105,2105,2105,2105,2048,2048
130383,IDLE,0.32,-0.35,180.09,0.34,-0.41,0.15,-0.1775,-0.1775,-0.1775,-0.1775,-0.04,0.09,0.00,26.712131,84.305105,52.4,2012,2012,2012,2012,2048,2048
130403,IDLE,0.32,-0.35,180.09,0.51,-0.35,0.12,-0.1489,-0.1489,-0.1489,-0.1489,-0.04,0.08,0.00,26.712131,84.305105,52.4,2018,2018,2018,2018,2048,2048
130432,IDLE,0.32,-0.35,180.09,0.61,-0.56,-0.06,0.0642,0.0642,0.0642,0.0642,-0.04,0.08,0.00,26.712131,84.305105,52.4,2061,2061,2061,2061,2048,2048
130458,IDLE,0.33,-0.35,180.09,0.63,-0.49,-0.16,0.1928,0.1928,0.1928,0.1928,-0.04,0.08,0.00,26.712131,84.305105,52.4,2087,2087,2087,2087,2048,2048
130478,IDLE,0.34,-0.35,180.09,0.72,-0.39,-0.03,0.0255,0.0255,0.0255,0.0255,-0.04,0.07,0.00,26.712131,84.305105,52.4,2053,2053,2053,2053,2048,2048
130502,IDLE,0.34,-0.35,180.08,0.56,-0.35,-0.02,0.0195,0.0195,0.0195,0.0195,-0.04,0.07,0.00,26.712131,84.305105,52.4,2052,2052,2052,2052,2048,2048
130524,IDLE,0.34,-0.34,180.08,0.44,-0.25,-0.13,0.1532,0.1532,0.1532,0.1532,-0.03,0.07,0.00,26.712131,84.305105,52.4,2079,2079,2079,2079,2048,2048
130550,IDLE,0.34,-0.34,180.08,0.42,-0.43,-0.09,0.1113,0.1113,0.1113,0.1113,-0.03,0.06,0.00,26.712131,84.305105,52.4,2070,2070,2070,2070,2048,2048
130577,IDLE,0.34,-0.34,180.07,0.36,-0.46,-0.15,0.1872,0.1872,0.1872,0.1872,-0.03,0.05,0.00,26.712131,84.305105,52.4,2085,2085,2085,2085,2048,2048
130601,IDLE,0.34,-0.34,180.07,0.55,-0.32,-0.17,0.2065,0.2065,0.2065,0.2065,-0.03,0.03,0.00,26.712131,84.305105,52.4,2089,2089,2089,2089,2048,2048
130624,IDLE,0.35,-0.34,180.06,0.59,-0.28,-0.12,0.1363,0.1363,0.1363,0.1363,-0.03,0.04,0.00,26.712131,84.305105,52.4,2075,2075,2075,2075,2048,2048
130651,IDLE,0.35,-0.33,180.06,0.67,-0.34,-0.17,0.2030,0.2030,0.2030,0.2030,-0.03,0.04,0.00,26.712131,84.305105,52.4,2089,2089,2089,2089,2048,2048
130670,IDLE,0.36,-0.33,180.06,0.65,-0.32,-0.18,0.2065,0.2065,0.2065,0.2065,-0.03,0.05,0.00,26.712131,84.305105,52.4,2089,2089,2089,2089,2048,2048
130694,IDLE,0.36,-0.33,180.05,0.60,-0.32,-0.18,0.2160,0.2160,0.2160,0.2160,-0.03,0.06,0.00,26.712131,84.305105,52.4,2091,2091,2091,2091,2048,2048
130716,IDLE,0.37,-0.32,180.05,0.66,-0.30,-0.01,0.0039,0.0039,0.0039,0.0039,-0.03,0.04,0.00,26.712131,84.305105,52.4,2049,2049,2049,2049,2048,2048
130741,IDLE,0.37,-0.32,180.05,0.82,-0.31,-0.01,-0.0012,-0.0012,-0.0012,-0.0012,-0.03,0.03,0.00,26.712131,84.305105,52.4,2048,2048,2048,2048,2048,2048
130760,IDLE,0.38,-0.32,180.05,0.68,-0.59,-0.03,0.0325,0.0325,0.0325,0.0325,-0.03,0.00,0.00,26.712131,84.305105,52.4,2055,2055,2055,2055,2048,2048
130787,IDLE,0.38,-0.33,180.05,0.47,-0.51,-0.02,0.0205,0.0205,0.0205,0.0205,-0.03,-0.01,0.00,26.712131,84.305105,52.4,2052,2052,2052,2052,2048,2048
130807,IDLE,0.37,-0.33,180.05,0.36,-0.49,-0.13,0.1591,0.1591,0.1591,0.1591,-0.03,-0.01,0.00,26.712131,84.305105,52.4,2080,2080,2080,2080,2048,2048
130831,IDLE,0.37,-0.33,180.04,0.40,-0.41,-0.12,0.1500,0.1500,0.1500,0.1500,-0.03,-0.00,0.00,26.712131,84.305105,52.4,2078,2078,2078,2078,2048,2048
130854,IDLE,0.38,-0.33,180.04,0.65,-0.27,-0.19,0.2197,0.2197,0.2197,0.2197,-0.03,0.00,0.00,26.712131,84.305105,52.4,2092,2092,2092,2092,2048,2048
130880,IDLE,0.38,-0.32,180.03,0.50,-0.25,-0.15,0.1808,0.1808,0.1808,0.1808,-0.03,0.01,0.00,26.712131,84.305105,52.4,2084,2084,2084,2084,2048,2048
130899,IDLE,0.38,-0.32,180.03,0.52,-0.38,-0.02,0.0151,0.0151,0.0151,0.0151,-0.03,0.01,0.00,26.712131,84.305105,52.4,2051,2051,2051,2051,2048,2048
130927,IDLE,0.38,-0.32,180.03,0.56,-0.32,0.03,-0.0404,-0.0404,-0.0404,-0.0404,-0.03,0.02,0.00,26.712131,84.305105,52.4,2040,2040,2040,2040,2048,2048
130954,IDLE,0.38,-0.31,180.04,0.43,-0.26,0.06,-0.0784,-0.0784,-0.0784,-0.0784,-0.03,0.03,0.00,26.712131,84.305105,52.4,2032,2032,2032,2032,2048,2048
130974,IDLE,0.38,-0.31,180.04,0.49,-0.22,0.05,-0.0707,-0.0707,-0.0707,-0.0707,-0.03,0.03,0.00,26.712131,84.305105,52.4,2034,2034,2034,2034,2048,2048
131002,IDLE,0.38,-0.31,180.04,0.55,-0.33,0.02,-0.0327,-0.0327,-0.0327,-0.0327,-0.03,0.04,0.00,26.712131,84.305105,52.4,2041,2041,2041,2041,2048,2048
131028,IDLE,0.38,-0.31,180.04,0.45,-0.27,-0.04,0.0404,0.0404,0.0404,0.0404,-0.02,0.05,0.00,26.712131,84.305105,52.4,2056,2056,2056,2056,2048,2048
131048,IDLE,0.38,-0.31,180.03,0.42,-0.37,-0.18,0.2162,0.2162,0.2162,0.2162,-0.02,0.03,0.00,26.712131,84.305105,52.4,2091,2091,2091,2091,2048,2048
131076,IDLE,0.38,-0.31,180.02,0.61,-0.34,-0.28,0.3354,0.3354,0.3354,0.3354,-0.02,0.04,0.00,26.712131,84.305105,52.4,2115,2115,2115,2115,2048,2048
131103,IDLE,0.39,-0.31,180.02,0.55,-0.47,-0.23,0.2743,0.2743,0.2743,0.2743,-0.02,0.04,0.00,26.712131,84.305105,52.4,2103,2103,2103,2103,2048,2048
131123,IDLE,0.39,-0.31,180.01,0.63,-0.40,-0.28,0.3385,0.3385,0.3385,0.3385,-0.02,0.05,0.00,26.712131,84.305105,52.4,2116,2116,2116,2116,2048,2048
131146,IDLE,0.39,-0.31,180.01,0.76,-0.46,-0.10,0.1136,0.1136,0.1136,0.1136,-0.02,0.05,0.00,26.712131,84.305105,52.4,2071,2071,2071,2071,2048,2048
131169,IDLE,0.40,-0.32,180.00,0.73,-0.77,-0.22,0.2631,0.2631,0.2631,0.2631,-0.02,0.06,0.00,26.712131,84.305105,52.4,2101,2101,2101,2101,2048,2048
131194,IDLE,0.41,-0.33,180.00,0.81,-0.81,-0.20,0.2423,0.2423,0.2423,0.2423,-0.02,0.05,0.00,26.712131,84.305105,52.4,2096,2096,2096,2096,2048,2048
131213,IDLE,0.41,-0.33,180.00,0.86,-0.58,-0.15,0.1770,0.1770,0.1770,0.1770,-0.02,0.06,0.00,26.712131,84.305105,52.4,2083,2083,2083,2083,2048,2048
131241,IDLE,0.42,-0.33,179.99,0.78,-0.48,-0.11,0.1258,0.1258,0.1258,0.1258,-0.01,0.07,0.00,26.712131,84.305105,52.4,2073,2073,2073,2073,2048,2048
131262,IDLE,0.43,-0.33,179.99,0.70,-0.41,-0.11,0.1211,0.1211,0.1211,0.1211,-0.01,0.07,0.00,26.712131,84.305105,52.4,2072,2072,2072,2072,2048,2048
131287,IDLE,0.42,-0.33,179.99,0.57,-0.32,-0.19,0.2226,0.2226,0.2226,0.2226,-0.01,0.07,0.00,26.712131,84.305105,52.4,2093,2093,2093,2093,2048,2048
131305,IDLE,0.43,-0.33,179.98,0.65,-0.54,-0.10,0.1171,0.1171,0.1171,0.1171,-0.01,0.06,0.00,26.712131,84.305105,52.4,2071,2071,2071,2071,2048,2048
131332,IDLE,0.43,-0.33,179.98,0.67,-0.55,-0.11,0.1230,0.1230,0.1230,0.1230,-0.01,0.05,0.00,26.712131,84.305105,52.4,2073,2073,2073,2073,2048,2048
131352,IDLE,0.43,-0.34,179.98,0.59,-0.57,-0.01,0.0113,0.0113,0.0113,0.0113,-0.01,0.04,0.00,26.712131,84.305105,52.4,2050,2050,2050,2050,2048,2048
131389,IDLE,0.43,-0.33,179.98,0.58,-0.45,0.02,-0.0346,-0.0346,-0.0346,-0.0346,-0.01,0.04,0.00,26.712131,84.305105,52.4,2041,2041,2041,2041,2048,2048
131413,IDLE,0.42,-0.33,179.98,0.22,-0.48,-0.08,0.1029,0.1029,0.1029,0.1029,-0.01,0.04,0.00,26.712131,84.305105,52.4,2069,2069,2069,2069,2048,2048
131435,IDLE,0.42,-0.32,180.00,0.59,-0.31,0.61,-0.7549,-0.7549,-0.7549,-0.7549,-0.01,0.04,0.00,26.712131,84.305105,52.4,1897,1897,1897,1897,2048,2048
131461,IDLE,0.42,-0.32,180.00,0.24,-0.41,-0.06,0.0780,0.0780,0.0780,0.0780,-0.01,0.04,0.00,26.712131,84.305105,52.4,2064,2064,2064,2064,2048,2048
131480,IDLE,0.42,-0.32,180.00,0.54,-0.29,0.25,-0.3114,-0.3114,-0.3114,-0.3114,-0.00,0.05,0.00,26.712131,84.305105,52.4,1986,1986,1986,1986,2048,2048
131508,IDLE,0.40,-0.32,180.01,0.02,-0.38,0.32,-0.3847,-0.3847,-0.3847,-0.3847,-0.00,0.06,0.00,26.712131,84.305105,52.4,1971,1971,1971,1971,2048,2048
131529,IDLE,0.40,-0.32,180.02,0.37,-0.45,0.31,-0.3777,-0.3777,-0.3777,-0.3777,-0.00,0.07,0.00,26.712131,84.305105,52.4,1972,1972,1972,1972,2048,2048
131553,IDLE,0.40,-0.31,180.03,0.50,-0.34,0.48,-0.5859,-0.5859,-0.5859,-0.5859,0.00,0.07,0.00,26.712131,84.305105,52.4,1931,1931,1931,1931,2048,2048
131575,IDLE,0.39,-0.32,180.03,-0.02,-0.44,0.24,-0.2854,-0.2854,-0.2854,-0.2854,0.00,0.07,0.00,26.712131,84.305105,52.4,1991,1991,1991,1991,2048,2048
131601,IDLE,0.39,-0.31,180.04,0.35,-0.37,0.28,-0.3393,-0.3393,-0.3393,-0.3393,0.00,0.08,0.00,26.712131,84.305105,52.4,1980,1980,1980,1980,2048,2048
131620,IDLE,0.38,-0.32,180.05,0.13,-0.40,0.24,-0.2860,-0.2860,-0.2860,-0.2860,0.01,0.08,0.00,26.712131,84.305105,52.4,1991,1991,1991,1991,2048,2048
131648,IDLE,0.38,-0.31,180.05,0.53,-0.37,0.43,-0.5282,-0.5282,-0.5282,-0.5282,0.01,0.08,0.00,26.712131,84.305105,52.4,1942,1942,1942,1942,2048,2048
131668,IDLE,0.39,-0.31,180.06,0.47,-0.32,0.33,-0.4040,-0.4040,-0.4040,-0.4040,0.01,0.08,0.00,26.712131,84.305105,52.4,1967,1967,1967,1967,2048,2048
131692,IDLE,0.39,-0.31,180.07,0.60,-0.31,0.36,-0.4452,-0.4452,-0.4452,-0.4452,0.01,0.08,0.00,26.712131,84.305105,52.4,1959,1959,1959,1959,2048,2048
131715,IDLE,0.39,-0.31,180.07,0.60,-0.33,0.23,-0.2938,-0.2938,-0.2938,-0.2938,0.01,0.05,0.00,26.712131,84.305105,52.4,1989,1989,1989,1989,2048,2048
131741,IDLE,0.39,-0.31,180.08,0.68,-0.33,0.14,-0.1747,-0.1747,-0.1747,-0.1747,0.01,0.04,0.00,26.712131,84.305105,52.4,2013,2013,2013,2013,2048,2048
131760,IDLE,0.39,-0.31,180.08,0.33,-0.26,0.04,-0.0563,-0.0563,-0.0563,-0.0563,0.01,0.03,0.00,26.712131,84.305105,52.4,2037,2037,2037,2037,2048,2048
131788,IDLE,0.39,-0.30,180.08,0.59,-0.21,0.13,-0.1673,-0.1673,-0.1673,-0.1673,0.01,0.03,0.00,26.712131,84.305105,52.4,2015,2015,2015,2015,2048,2048
131809,IDLE,0.39,-0.30,180.08,0.34,-0.14,0.04,-0.0499,-0.0499,-0.0499,-0.0499,0.01,0.03,0.00,26.712131,84.305105,52.4,2038,2038,2038,2038,2048,2048
131833,IDLE,0.39,-0.29,180.08,0.48,-0.13,0.07,-0.0967,-0.0967,-0.0967,-0.0967,0.01,0.03,0.00,26.712131,84.305105,52.4,2029,2029,2029,2029,2048,2048
131856,IDLE,0.39,-0.29,180.08,0.40,-0.23,0.03,-0.0447,-0.0447,-0.0447,-0.0447,0.01,0.02,0.00,26.712131,84.305105,52.4,2039,2039,2039,2039,2048,2048
131882,IDLE,0.39,-0.29,180.08,0.51,-0.48,0.02,-0.0305,-0.0305,-0.0305,-0.0305,0.01,0.01,0.00,26.712131,84.305105,52.4,2042,2042,2042,2042,2048,2048
131901,IDLE,0.39,-0.29,180.08,0.77,-0.43,0.10,-0.1318,-0.1318,-0.1318,-0.1318,0.01,0.01,0.00,26.712131,84.305105,52.4,2022,2022,2022,2022,2048,2048
131929,IDLE,0.40,-0.29,180.09,0.61,-0.31,0.10,-0.1315,-0.1315,-0.1315,-0.1315,0.01,0.01,0.00,26.712131,84.305105,52.4,2022,2022,2022,2022,2048,2048
131950,IDLE,0.40,-0.29,180.08,0.72,-0.35,-0.08,0.0918,0.0918,0.0918,0.0918,0.01,0.01,0.00,26.712131,84.305105,52.4,2066,2066,2066,2066,2048,2048
131974,IDLE,0.40,-0.29,180.08,0.76,-0.34,-0.01,0.0003,0.0003,0.0003,0.0003,0.01,0.01,0.00,26.712131,84.305105,52.4,2048,2048,2048,2048,2048,2048
131997,IDLE,0.41,-0.29,180.08,0.66,-0.33,0.01,-0.0255,-0.0255,-0.0255,-0.0255,0.01,0.01,0.00,26.712131,84.305105,52.4,2043,2043,2043,2043,2048,2048
132024,IDLE,0.42,-0.29,180.08,0.73,-0.43,0.06,-0.0835,-0.0835,-0.0835,-0.0835,0.01,0.00,0.00,26.712131,84.305105,52.4,2031,2031,2031,2031,2048,2048
132044,IDLE,0.42,-0.29,180.09,0.65,-0.33,0.28,-0.3471,-0.3471,-0.3471,-0.3471,0.01,-0.01,0.00,26.712131,84.305105,52.4,1979,1979,1979,1979,2048,2048
132072,IDLE,0.42,-0.29,180.09,0.47,-0.44,0.22,-0.2692,-0.2692,-0.2692,-0.2692,0.01,-0.01,0.00,26.712131,84.305105,52.4,1994,1994,1994,1994,2048,2048
132099,IDLE,0.42,-0.29,180.10,0.55,-0.32,0.23,-0.2900,-0.2900,-0.2900,-0.2900,0.01,-0.01,0.00,26.712131,84.305105,52.4,1990,1990,1990,1990,2048,2048
132119,IDLE,0.42,-0.29,180.10,0.31,-0.46,0.10,-0.1170,-0.1170,-0.1170,-0.1170,0.01,-0.00,0.00,26.712131,84.305105,52.4,2025,2025,2025,2025,2048,2048
132147,IDLE,0.41,-0.29,180.10,0.31,-0.38,-0.01,0.0074,0.0074,0.0074,0.0074,0.01,0.01,0.00,26.712131,84.305105,52.4,2049,2049,2049,2049,2048,2048
132174,IDLE,0.41,-0.29,180.10,0.31,-0.32,-0.03,0.0360,0.0360,0.0360,0.0360,0.01,0.02,0.00,26.712131,84.305105,52.4,2055,2055,2055,2055,2048,2048
132194,IDLE,0.39,-0.29,180.08,-0.05,-0.50,-0.56,0.6899,0.6899,0.6899,0.6899,0.01,0.02,0.00,26.712131,84.305105,52.4,2186,2186,2186,2186,2048,2048
132217,IDLE,0.38,-0.29,180.07,-0.05,-0.58,-0.69,0.8481,0.8481,0.8481,0.8481,0.01,0.03,0.00,26.712131,84.305105,52.4,2218,2218,2218,2218,2048,2048
132240,IDLE,0.37,-0.30,180.05,0.05,-0.68,-0.72,0.8927,0.8927,0.8927,0.8927,0.01,0.03,0.00,26.712131,84.305105,52.4,2227,2227,2227,2227,2048,2048
132265,IDLE,0.36,-0.30,180.03,0.10,-0.55,-0.74,0.9102,0.9102,0.9102,0.9102,0.02,0.04,0.00,26.712131,84.305105,52.4,2230,2230,2230,2230,2048,2048
132285,IDLE,0.36,-0.30,180.02,0.25,-0.48,-0.54,0.6576,0.6576,0.6576,0.6576,0.02,0.04,0.00,26.712131,84.305105,52.4,2180,2180,2180,2180,2048,2048
132313,IDLE,0.36,-0.30,180.01,0.34,-0.45,-0.50,0.6113,0.6113,0.6113,0.6113,0.02,0.04,0.00,26.712131,84.305105,52.4,2170,2170,2170,2170,2048,2048
132334,IDLE,0.35,-0.30,180.00,0.20,-0.42,-0.24,0.2992,0.2992,0.2992,0.2992,0.02,0.04,0.00,26.712132,84.305105,52.4,2108,2108,2108,2108,2048,2048
132359,IDLE,0.35,-0.31,180.00,0.28,-0.53,-0.11,0.1340,0.1340,0.1340,0.1340,0.02,0.04,0.00,26.712132,84.305105,52.4,2075,2075,2075,2075,2048,2048
132378,IDLE,0.34,-0.31,180.00,0.23,-0.46,-0.01,0.0105,0.0105,0.0105,0.0105,0.02,0.04,0.00,26.712132,84.305105,52.4,2050,2050,2050,2050,2048,2048
132405,IDLE,0.34,-0.30,180.00,0.20,-0.30,0.04,-0.0427,-0.0427,-0.0427,-0.0427,0.02,0.03,0.00,26.712132,84.305105,52.4,2039,2039,2039,2039,2048,2048
132426,IDLE,0.33,-0.30,180.01,0.08,-0.32,0.17,-0.1996,-0.1996,-0.1996,-0.1996,0.02,0.02,0.00,26.712132,84.305105,52.4,2008,2008,2008,2008,2048,2048
132450,IDLE,0.32,-0.30,180.01,0.09,-0.36,0.24,-0.2884,-0.2884,-0.2884,-0.2884,0.02,0.02,0.00,26.712132,84.305105,52.4,1990,1990,1990,1990,2048,2048
132473,IDLE,0.32,-0.30,180.02,0.19,-0.38,0.20,-0.2425,-0.2425,-0.2425,-0.2425,0.02,0.00,0.00,26.712132,84.305105,52.4,2000,2000,2000,2000,2048,2048
132499,IDLE,0.31,-0.30,180.02,0.21,-0.46,0.17,-0.2034,-0.2034,-0.2034,-0.2034,0.02,-0.01,0.00,26.712132,84.305105,52.4,2007,2007,2007,2007,2048,2048
132518,IDLE,0.31,-0.30,180.02,0.30,-0.51,0.13,-0.1590,-0.1590,-0.1590,-0.1590,0.02,-0.01,0.00,26.712132,84.305105,52.4,2016,2016,2016,2016,2048,2048
132546,IDLE,0.31,-0.30,180.02,0.51,-0.55,0.01,-0.0108,-0.0108,-0.0108,-0.0108,0.02,-0.01,0.00,26.712132,84.305105,52.4,2046,2046,2046,2046,2048,2048
132567,IDLE,0.31,-0.31,180.02,0.37,-0.62,-0.04,0.0561,0.0561,0.0561,0.0561,0.02,-0.02,0.00,26.712132,84.305105,52.4,2059,2059,2059,2059,2048,2048
132603,IDLE,0.31,-0.32,180.01,0.13,-0.72,-0.23,0.2886,0.2886,0.2886,0.2886,0.02,-0.02,0.00,26.712132,84.305105,52.4,2106,2106,2106,2106,2048,2048
132627,IDLE,0.30,-0.33,180.01,0.13,-0.67,-0.15,0.1887,0.1887,0.1887,0.1887,0.02,-0.02,0.00,26.712132,84.305105,52.4,2086,2086,2086,2086,2048,2048
132650,IDLE,0.30,-0.33,180.01,0.26,-0.58,-0.01,0.0181,0.0181,0.0181,0.0181,0.02,-0.00,0.00,26.712132,84.305105,52.4,2052,2052,2052,2052,2048,2048
132677,IDLE,0.30,-0.33,180.01,0.41,-0.53,-0.07,0.0865,0.0865,0.0865,0.0865,0.02,0.01,0.00,26.712132,84.305105,52.4,2065,2065,2065,2065,2048,2048
132696,IDLE,0.30,-0.33,180.02,0.11,-0.33,0.29,-0.3552,-0.3552,-0.3552,-0.3552,0.02,0.01,0.00,26.712132,84.305105,52.4,1977,1977,1977,1977,2048,2048
132720,IDLE,0.29,-0.33,180.01,-0.19,-0.49,-0.25,0.3138,0.3138,0.3138,0.3138,0.02,0.01,0.00,26.712132,84.305105,52.4,2111,2111,2111,2111,2048,2048
132742,IDLE,0.28,-0.33,180.01,-0.00,-0.45,-0.13,0.1633,0.1633,0.1633,0.1633,0.02,0.02,0.00,26.712132,84.305105,52.4,2081,2081,2081,2081,2048,2048
132767,IDLE,0.27,-0.33,180.01,-0.29,-0.47,0.11,-0.1248,-0.1248,-0.1248,-0.1248,0.02,0.03,0.00,26.712132,84.305105,52.4,2023,2023,2023,2023,2048,2048
132785,IDLE,0.26,-0.32,180.01,0.02,-0.35,0.11,-0.1227,-0.1227,-0.1227,-0.1227,0.02,0.04,0.00,26.712132,84.305105,52.4,2023,2023,2023,2023,2048,2048
132813,IDLE,0.26,-0.32,180.01,0.05,-0.36,0.09,-0.1084,-0.1084,-0.1084,-0.1084,0.02,0.04,0.00,26.712132,84.305105,52.4,2026,2026,2026,2026,2048,2048
132833,IDLE,0.25,-0.32,180.02,-0.12,-0.37,0.21,-0.2471,-0.2471,-0.2471,-0.2471,0.02,0.04,0.00,26.712132,84.305105,52.4,1999,1999,1999,1999,2048,2048
132857,IDLE,0.24,-0.32,180.02,-0.08,-0.42,0.13,-0.1532,-0.1532,-0.1532,-0.1532,0.02,0.04,0.00,26.712132,84.305105,52.4,2017,2017,2017,2017,2048,2048
132879,IDLE,0.24,-0.32,180.02,0.12,-0.34,-0.11,0.1394,0.1394,0.1394,0.1394,0.03,0.05,0.00,26.712132,84.305105,52.4,2076,2076,2076,2076,2048,2048
132904,IDLE,0.24,-0.31,180.02,0.39,-0.33,0.28,-0.3455,-0.3455,-0.3455,-0.3455,0.03,0.05,0.00,26.712132,84.305105,52.4,1979,1979,1979,1979,2048,2048
132923,IDLE,0.24,-0.31,180.03,0.43,-0.37,0.28,-0.3477,-0.3477,-0.3477,-0.3477,0.03,0.07,0.00,26.712132,84.305105,52.4,1978,1978,1978,1978,2048,2048
132950,IDLE,0.24,-0.31,180.03,0.35,-0.36,-0.10,0.1259,0.1259,0.1259,0.1259,0.03,0.07,0.00,26.712132,84.305105,52.4,2073,2073,2073,2073,2048,2048
132971,IDLE,0.24,-0.31,180.03,0.41,-0.29,0.12,-0.1480,-0.1480,-0.1480,-0.1480,0.03,0.06,0.00,26.712132,84.305105,52.4,2018,2018,2018,2018,2048,2048
132995,IDLE,0.24,-0.31,180.03,0.40,-0.40,0.05,-0.0685,-0.0685,-0.0685,-0.0685,0.03,0.05,0.00,26.712132,84.305105,52.4,2034,2034,2034,2034,2048,2048
133018,IDLE,0.24,-0.30,180.04,0.17,-0.22,0.14,-0.1740,-0.1740,-0.1740,-0.1740,0.03,0.05,0.00,26.712132,84.305105,52.4,2013,2013,2013,2013,2048,2048
133044,IDLE,0.24,-0.30,180.04,0.44,-0.09,0.41,-0.5037,-0.5037,-0.5037,-0.5037,0.03,0.05,0.00,26.712132,84.305105,52.4,1947,1947,1947,1947,2048,2048
133063,IDLE,0.24,-0.29,180.04,0.41,-0.25,0.04,-0.0515,-0.0515,-0.0515,-0.0515,0.03,0.04,0.00,26.712132,84.305105,52.4,2038,2038,2038,2038,2048,2048
133091,IDLE,0.25,-0.29,180.05,0.75,-0.40,0.36,-0.4542,-0.4542,-0.4542,-0.4542,0.03,0.03,0.00,26.712132,84.305105,52.4,1957,1957,1957,1957,2048,2048
133112,IDLE,0.26,-0.30,180.06,0.62,-0.37,0.16,-0.2068,-0.2068,-0.2068,-0.2068,0.03,0.03,0.00,26.712132,84.305105,52.4,2007,2007,2007,2007,2048,2048
133137,IDLE,0.26,-0.29,180.06,0.45,-0.05,0.23,-0.2866,-0.2866,-0.2866,-0.2866,0.03,0.03,0.00,26.712132,84.305105,52.4,1991,1991,1991,1991,2048,2048
133160,IDLE,0.26,-0.28,180.06,0.49,0.14,0.17,-0.2193,-0.2193,-0.2193,-0.2193,0.04,0.03,0.00,26.712132,84.305105,52.4,2004,2004,2004,2004,2048,2048
133186,IDLE,0.27,-0.27,180.07,0.53,0.14,0.14,-0.1898,-0.1898,-0.1898,-0.1898,0.04,0.02,0.00,26.712132,84.305105,52.4,2010,2010,2010,2010,2048,2048
133205,IDLE,0.27,-0.25,180.07,0.58,0.10,0.14,-0.1837,-0.1837,-0.1837,-0.1837,0.04,0.03,0.00,26.712132,84.305105,52.4,2011,2011,2011,2011,2048,2048
133234,IDLE,0.28,-0.25,180.07,0.44,-0.01,0.02,-0.0365,-0.0365,-0.0365,-0.0365,0.04,0.03,0.00,26.712132,84.305105,52.4,2041,2041,2041,2041,2048,2048
133260,IDLE,0.28,-0.24,180.08,0.54,-0.04,0.19,-0.2490,-0.2490,-0.2490,-0.2490,0.04,0.03,0.00,26.712132,84.305105,52.4,1998,1998,1998,1998,2048,2048
133280,IDLE,0.28,-0.24,180.08,0.41,-0.03,0.14,-0.1797,-0.1797,-0.1797,-0.1797,0.04,0.01,0.00,26.712132,84.305105,52.4,2012,2012,2012,2012,2048,2048
133308,IDLE,0.29,-0.23,180.08,0.72,-0.08,0.17,-0.2188,-0.2188,-0.2188,-0.2188,0.04,0.00,0.00,26.712132,84.305105,52.4,2004,2004,2004,2004,2048,2048
133335,IDLE,0.31,-0.23,180.09,0.83,-0.15,0.39,-0.4876,-0.4876,-0.4876,-0.4876,0.04,-0.01,0.00,26.712132,84.305105,52.4,1950,1950,1950,1950,2048,2048
133355,IDLE,0.32,-0.23,180.09,0.74,-0.37,0.07,-0.1003,-0.1003,-0.1003,-0.1003,0.03,-0.01,0.00,26.712132,84.305105,52.4,2028,2028,2028,2028,2048,2048
133383,IDLE,0.32,-0.23,180.09,0.62,-0.17,0.09,-0.1236,-0.1236,-0.1236,-0.1236,0.04,0.01,0.00,26.712132,84.305105,52.4,2023,2023,2023,2023,2048,2048
